id,event_name,event_type,city,state,country,venue_or_area,application_deadline_iso,application_deadline_text,event_date_range_text,application_mode,postal_address,contact_name,contact_email,contact_phone,source_url,source_domain,source_kind,last_verified_at,agent_batch_id,confidence_status,notes
glauchauer-familienparkfest-2026-glauchau,Glauchauer Familienparkfest 2026,Familienfest / Parkfest,Glauchau,Sachsen,DE,Gründelpark,2026-08-07,07.08.2026,09.08.2026,Online über das Beteiligungsportal Sachsen,"Stadt Glauchau, Kulturverwaltung, Markt 1, 08371 Glauchau",Kulturverwaltung Stadt Glauchau,kultur@glauchau.de,03763 65 416,https://buergerbeteiligung.sachsen.de/portal/glauchau/beteiligung/themen?format=Umfrage,buergerbeteiligung.sachsen.de,official,2026-08-03,research-2026-08-03-sn-st-th,verified,Das offizielle Portal weist die Standplatzbewerbung am Recherchetag als aktiv vom 23.02. bis 07.08.2026 aus.
afair-2027-regionalvermarkter-landkreis-augsburg,A\FAIR 2027 - Gemeinschaftsstand des Landkreises Augsburg,Verbrauchermesse / Gemeinschaftsstand,Augsburg,Bayern,DE,"Messe Augsburg, Am Messezentrum 5",2026-08-10,"Bewerbung ab sofort bis Montag, 10.08.2026",29.01.-31.01.2027,Bewerbung mit Unternehmensprofil und Präsentationskonzept als PDF-Datei bis 10 MB per E-Mail,,Team Öffentlichkeitsarbeit des Landkreises Augsburg,oeffentlichkeitsarbeit@LRA-a.bayern.de,0821 3102 2398,https://www.landkreis-augsburg.de/news/detail/detail/News/regionalvermarkter-fuer-messeauftritt-des-landkreises-augsburg-gesucht/,landkreis-augsburg.de,official,2026-08-03,by-2027-deep-rb-schwaben,partial,Offen für kleine Betriebe und Nebengewerbe mit Firmensitz im Landkreis Augsburg und regionalem Angebot; Teilnahme am Landkreisstand ist kostenfrei und erfordert ein Genuss- oder Mitmach-Angebot.
muenchner-weihnachtsmarkt-bogenhausen-betreiber-2026,Weihnachtsmarkt Bogenhausen 2026/2027 - Betreiberverfahren,Weihnachtsmarkt / Betreiberverfahren,München,Bayern,DE,"Cosimastraße / Englschalkinger Straße, Bogenhausen",2026-08-10,Die Ausschlussfrist endet am 10. August 2026.,Mitte November 2026 bis Mitte Januar 2027,Bewerbung mit Mietpreisangebot und Veranstaltungskonzept per Post oder E-Mail,"Landeshauptstadt München, Kommunalreferat, Immobilienmanagement, IM-GW-O, Denisstraße 2, 80335 München",Kommunalreferat Immobilienmanagement,im-gw.kom@muenchen.de,089 233-722412,https://stadt.muenchen.de/infos/2026_26_grunstueck_fuer_weihnachtsmarkt_zu_vermieten.html,stadt.muenchen.de,official,2026-08-03,research-2026-08-03-gap-maerkte,verified,"Die Ausschreibung richtet sich an Betreiber eines vollständigen Weihnachtsmarkts, nicht an einzelne Standbeschicker."
gruene-woche-2027-hauptaussteller-berlin,Grüne Woche 2027 - Hauptausstellende,Publikumsmesse / Ernährungs- und Landwirtschaftsmesse,Berlin,Berlin,DE,Messegelände Berlin,2026-08-14,Standanmeldung bis 14. August 2026,15.01.-24.01.2027,Standanmeldung über die offiziellen Anmeldeunterlagen beziehungsweise das Ausstellerportal,"Messe Berlin GmbH, Messedamm 22, 14055 Berlin",Grüne Woche Team,gw@messe-berlin.de,+49 30 3038 2027,https://messe-berlinprod-media.e-spirit.cloud/36b01921-e247-4b4d-87d4-f20914a19134/gruene-woche/downloads-alle-sprachen/ausstellen/standanmeldeunterlagen/ausstellereinladung.pdf,messe-berlinprod-media.e-spirit.cloud,official,2026-08-03,berlin-2027-deep-messen,verified,Die offizielle Ausstellereinladung 2027 nennt sowohl Veranstaltungszeitraum als auch Anmeldeschluss ausdrücklich.
hafengeburtstag-hamburg-2027-hamburg,838. Hafengeburtstag Hamburg 2027,Hafenfest / Volksfest,Hamburg,Hamburg,DE,"Bunte Hafenmeile, Hamburger Hafen zwischen Landungsbrücken und Baakenhöft",2026-08-15,Bewerbungsschluss für den HAFENGEBURTSTAG HAMBURG 2027 ist der 15. August 2026; Unterlagen können bis zum 15. Oktober 2026 nachgereicht werden.,6. bis 9. Mai 2027,Online über den HamburgService-Dienst 'Bewerbung für einen Standplatz bei Veranstaltungen'; alternativ per PDF-Formular. Für jedes Geschäft ist eine eigene Bewerbung erforderlich.,"Behörde für Wirtschaft, Arbeit und Innovation, Abteilung Hamburger DOM, Hafengeburtstag, bezirkliche Märkte, Alter Steinweg 4, 20459 Hamburg","Steffi Harneit, Ansprechpartnerin für Schausteller und Bunte Hafenmeile",steffi.harneit@bwai.hamburg.de,+49 40 42841-2626,https://www.hamburg.de/freizeit/hafengeburtstag-hamburg/kontaktdaten-346082,hamburg.de,official,2026-08-03,hamburg-2027-deep-stadt,verified,"Rund 450 Aussteller und Standbetreiber auf der Bunten Hafenmeile. Gleicher Bewerbungsschluss wie beim Hamburger DOM 2027, aber getrenntes Verfahren und eigene Ansprechpartnerin. Allgemeine Auskuenfte: hafengeburtstag@bwai.hamburg.de, +49 40 42841 1528."
adventstreff-schloss-salder-2026-salzgitter,Adventstreff Schloss Salder 2026,Adventsmarkt / Weihnachtsmarkt,Salzgitter,Niedersachsen,DE,Städtisches Museum Schloss Salder,2026-08-15,"Die Stadt Salzgitter schreibt wörtlich: „ab sofort läuft die Bewerbungsfrist um einen Standplatz beim Adventstreff im Städtischen Museum Schloss Salder am 12. und 13. Dezember 2026. Der Einsendeschluss ist der 15. August 2026.""",12. und 13. Dezember 2026,"Standplatzbewerbung beim Fachdienst Kultur der Stadt Salzgitter, Städtisches Museum Schloss Salder.","Städtisches Museum Schloss Salder, Museumstraße 34, 38229 Salzgitter","Fachdienst Kultur, Städtisches Museum Schloss Salder",,05341 8394631,https://www.salzgitter.de/kultur/museum/index.php,salzgitter.de,official,2026-08-04,de-2026-08-mittelstaedte-02,verified,"Laufende Ausschreibung mit konkretem Einsendeschluss - eine der wenigen im August offenen Fristen. Die E-Mail-Adresse steht auf der Seite nur in einer Spam-Schreibweise („museum_stadt.salzgitter_de"") und wurde deshalb nicht übernommen; telefonisch erreichbar unter 05341 8394631, 8394639 oder 8394623."
giessener-kraemermarkt-2026,Gießener Krämermarkt 2026,Krämermarkt / Regionalmarkt,Gießen,Hessen,DE,Fußgängerzone Gießen,2026-08-15,Der Bewerbungsschluss wurde bis zum 15. August 2026 verlängert.,2. bis 4. Oktober 2026,Offizielles Bewerbungsformular,"Giessen Marketing GmbH, Suedanlage 4, 35390 Giessen",Gießen Marketing GmbH,marketing@giessen.de,+49 641 3061880,https://giessen-entdecken.de/bewerbungen/,giessen-entdecken.de,official,2026-08-03,research-2026-08-03-gap-maerkte,partial,"Die offizielle Veranstalterseite nennt Kunsthandwerk, Mode, Schmuck, Haushaltswaren, Stoffe, Gastronomie und einen integrierten Französischen Markt. Kontaktdaten im August 2026 aus der offiziellen Quelle ergaenzt."
hamburger-dom-2027-hamburg,Hamburger DOM 2027,Volksfest / DOM,Hamburg,Hamburg,DE,Heiligengeistfeld,2026-08-15,Bewerbungsschluss für das DOM-Jahr 2027 ist der 15. August 2026.,Frühlingsdom: 19.03.-18.04.2027; Sommerdom: 23.07.-29.08.2027; Winterdom: 05.11.-05.12.2027,Online über HamburgService; für jedes Geschäft und jede Veranstaltung ist ein eigenes Formular erforderlich,"Behörde für Wirtschaft, Arbeit und Innovation, Alter Steinweg 4, 20459 Hamburg","Carsten Wenzel, Ansprechpartner für Schausteller",hamburger-dom@bwai.hamburg.de,+49 40 42841-2627,https://www.hamburg.de/freizeit/dom/bewerbung-337432,hamburg.de,official,2026-08-03,hamburg-2027-deep-stadt,verified,"Nachreichungsfristen für Unterlagen: Frühlingsdom 2027 bis 15. Oktober 2026, Sommerdom und Winterdom 2027 jeweils bis 15. Februar 2027. | Die Frist gilt gemeinsam für die drei DOM-Veranstaltungen 2027."
idsteiner-herbstmarkt-2026,Idsteiner Herbstmarkt 2026,Herbstmarkt / Kreativ- und Regionalmarkt,Idstein,Hessen,DE,Altstadt Idstein,2026-08-15,Anmeldefrist: 15.08.2026,10. bis 11. Oktober 2026,Online-Bewerbungsformular,,,,,https://herbstmarkt-idstein.de/bewerbung/,herbstmarkt-idstein.de,official,2026-08-03,research-2026-08-03-gap-maerkte,partial,"Offizielle Veranstalter-Bewerbungsseite; zugelassen sind unter anderem Kunsthandwerk, Handel, Gastronomie und Unterhaltung."
potsdamer-weihnachtszauber-sternengasse-2026,Potsdamer Weihnachtszauber - Sternengasse 2026,Weihnachtsmarkt / Kunsthandwerkermarkt,Potsdam,Brandenburg,DE,Hermann-Elflein-Straße nahe der Brandenburger Straße,2026-08-15,Bewerbungen müssen bis zum 15.08.2026 eingereicht werden.,"23.11.-23.12.2026; Sternenschmieden wochenweise, Marktstaende an Adventswochenenden",Offiziellen Bewerbungsbogen ausfuellen und mit Unternehmens- und Sortimentsbeschreibung sowie Produktfotos per E-Mail einreichen.,,"Lisa Krone, Projektmanagerin Kreativwirtschaft",wirtschaftsfoerderung@rathaus.potsdam.de,0331 289-2825,https://www.potsdam.de/de/sternenschmiede,potsdam.de,official,2026-08-03,research-2026-08-03-be-bb-mv,partial,"Offen für regionale Kreativschaffende, junge Unternehmen und Kunsthandwerk. Speisen und Getraenke zum sofortigen Verzehr sind ausgeschlossen."
emop-berlin-2027-open-call,EMOP Berlin 2027,Fotofestival / Ausstellungsprogramm,Berlin,Berlin,DE,"Teilnehmende Berliner Museen, Ausstellungshäuser, Galerien und Projekträume",2026-08-16,Deadline for submissions: 16 August 2026.,Festival- und Ausstellungsprogramm im Kalenderjahr 2027; konkrete Einzeltermine sind im Open Call nicht abschliessend ausgewiesen.,Einreichung eines Ausstellungsprojekts über den offiziellen Open Call.,,EMOP Berlin,,,https://emop-berlin.eu/en/open-call/,emop-berlin.eu,official,2026-08-03,berlin-2027-deep-feste,partial,"Der offizielle Open Call richtet sich unter anderem an Museen, Ausstellungshäuser, Galerien und Projekträume mit einem Ausstellungsprojekt für EMOP Berlin 2027. | Teilnahmeberechtigt sind Berliner Institutionen und Galerien sowie Kunstschaffende mit einem Ausstellungsraum in Berlin."
stuhrer-weihnachtsmarkt-2026-stuhr,Stuhrer Weihnachtsmarkt 2026,Weihnachtsmarkt,Stuhr,Niedersachsen,DE,Rund um das Rathaus,2026-08-17,Bewerbungsschluss ist der 17. August 2026.,12. und 13. Dezember 2026,"Bewerbung per E-Mail an kultur@stuhr.de oder postalisch, mit Fotos der geplanten Angebote.","Gemeinde Stuhr, Stabsstelle Öffentlichkeitsarbeit & Kultur, Blockener Straße 6, 28816 Stuhr","Frauke Wulf (Rathaus, 0421 5695-246) und Nils Hinternesch (Aussenbereich, 0172 1561064)",kultur@stuhr.de,0421 5695-246,https://www.stuhr.de/portal/meldungen/stuhrer-weihnachtsmarkt-2026-jetzt-fuer-einen-standplatz-bewerben--900005153-21780.html,stuhr.de,official,2026-08-03,de-2026-08-breitensuche-01,verified,Standplätze im Rathaus und im Aussenbereich. Bewerbende erhalten im September Bescheid.
frankenthaler-weihnachtsmarkt-2026-frankenthal,Frankenthaler Weihnachtsmarkt 2026,Weihnachtsmarkt,Frankenthal (Pfalz),Rheinland-Pfalz,DE,Rathausplatz,2026-08-23,23.08.2026,23.11.-29.12.2026,Online über das Bewerbungsformular der Stadt,,Stadt Frankenthal (Pfalz),STV-Frankenthal@poststelle.rlp.de,,https://www.frankenthal.de/stadt-frankenthal/de/kultur/veranstaltungen/weihnachtsmarkt/bewerbung-weihnachtsmarkt/,frankenthal.de,official,2026-08-03,research-2026-08-03-rp-sl,partial,"Die offizielle Bewerbungsseite bestätigt Veranstaltung, Zielgruppen aus Handel, Kunsthandwerk und Gastronomie sowie die offene Frist. Eine Kontaktadresse wird dort nicht ausgeschrieben. Kontaktdaten im August 2026 aus der offiziellen Quelle ergaenzt."
weihnachtsgarten-dfg-2026-saarbruecken,Weihnachtsgarten im Deutsch-Französischen Garten 2026,Weihnachtsmarkt,Saarbrücken,Saarland,DE,Deutsch-Französischer Garten,2026-08-24,24.08.2026,27.11.-29.11.2026,Online über das offizielle Standbetreiberformular,"Deutsch-Französischer Garten, Deutschmühlental, 66117 Saarbrücken",Anne Kaib / Simone Schmidt,weihnachtsgarten@saarbruecken.de,0681 905-1289 / 0681 905-1255,https://www.saarbruecken.de/leben_in_saarbruecken/freizeit/deutsch_franzoesischer_garten/weihnachtsgarten_dfg/standbetreiberanmeldung_weihnachtsgarten,saarbruecken.de,official,2026-08-03,research-2026-08-03-rp-sl,partial,"Das offizielle Formular umfasst Gastronomie, Getränke, Süßwaren und Warenverkaufsstände. Eine Postanschrift ist auf der Bewerbungsseite nicht angegeben. | Offizielle Ausschreibung und aktives Anmeldeformular der Landeshauptstadt."
dorffestflohmarkt-2026-flintbek,Dorffestflohmarkt Flintbek 2026,Dorffest / Flohmarkt,Flintbek,Schleswig-Holstein,DE,Dorfstraße,2026-08-25,Standanmeldungen sind bis zum 25.08.2026 einzureichen.,"13.09.2026, 11:00-16:00 Uhr",Anmeldeformular per E-Mail oder Post einreichen,"Amt Eidertal, Der Amtsdirektor, Heitmannskamp 2, 24220 Flintbek",Frau Salehi,kultur@amt-eidertal.de,,https://www.amt-eidertal.de/news/1/1257884/nachrichten/anmeldung-dorffestflohmarkt-2026.html,amt-eidertal.de,official,2026-08-03,research-2026-08-03-sh,verified,"Die offizielle Meldung nennt Frist und Veranstaltungstag; das verlinkte amtliche Formular bestätigt Dorfstraße, Flintbek und die Veranstaltungszeit."
biocap-2027-aussteller-early-bird-berlin,bio:cap 2027 - Ausstellende Early Bird,Fachkongress und Ausstellung für Biotechnologie,Berlin,Berlin,DE,CityCube Berlin,2026-08-28,Registrierung bis 28. August 2026 für 10 Prozent Early-Bird-Rabatt auf die Standflächenmiete,29.06.-30.06.2027,Online-Standanmeldung im offiziellen Ausstellerportal,"Messe Berlin GmbH, Messedamm 22, 14055 Berlin",bio:cap Exhibitor Service,exhibit@biocap-europe.com,+49 30 3038 5908,https://asp.biocap-europe.com/en/homepage/,asp.biocap-europe.com,official,2026-08-03,berlin-2027-deep-messen,partial,"Dies ist eine verbindlich datierte Preisfrist, kein veröffentlichter finaler Anmeldeschluss. Sie gilt laut Portal nicht für START:UP- und CO:MMUNITY-Pakete."
emop-gallery-concept-award-2027-berlin,EMOP Gallery Concept Award 2026/27,Galeriepreis / Ausstellungsbewerbung,Berlin,Berlin,DE,Ausgewählte kommerzielle Galerien in Berlin,2026-08-28,"Call closes August 28, 2026, at 11:59 pm",Ausstellung im Rahmen des EMOP Berlin vom 04.03.-04.04.2027,Digitale Bewerbung über das offizielle Typeform,,EMOP Berlin,emop.berlin@kulturprojekte.berlin,+49 30 24749 875,https://emop-berlin.eu/en/emop-gallery-concept-award/,emop-berlin.eu,official,2026-08-03,berlin-2027-deep-messen,partial,"Teilnahmeberechtigt sind kommerziell tätige Berliner Galerien, die seit mindestens drei Jahren bestehen; prämiert werden zehn Ausstellungskonzepte."
nacht-der-schloesser-2026-glauchau,Nacht der Schlösser 2026,Kulturfest / Themenmarkt,Glauchau,Sachsen,DE,Schloss Glauchau,2026-08-28,28.08.2026,29.08.2026,Online über das Beteiligungsportal Sachsen,"Stadt Glauchau, Kulturverwaltung, Markt 1, 08371 Glauchau",Kulturverwaltung Stadt Glauchau,kultur@glauchau.de,03763 65 416,https://buergerbeteiligung.sachsen.de/portal/glauchau/beteiligung/themen/1061948,buergerbeteiligung.sachsen.de,official,2026-08-03,research-2026-08-03-sn-st-th,verified,Zugelassen werden nur zum mittelalterlichen Veranstaltungsmotto passende Stände.
neunkircher-weihnachtsmarkt-zoo-2026-neunkirchen,Neunkircher Weihnachtsmarkt im Zoo 2026,Weihnachtsmarkt,Neunkirchen,Saarland,DE,Neunkircher Zoo,2026-08-28,"Die Bewerbungsfrist endet am Freitag, 28. August 2026",17.12.-20.12.2026,Bewerbung per E-Mail beim offiziellen Organisationsteam,"Kreisstadt Neunkirchen, Oberer Markt 16, 66538 Neunkirchen",Organisationsteam Weihnachtsmarkt im Zoo,info@nk-zoo-weihnachtsmarkt.de,,https://www.neunkirchen.de/index.php?id=85&tx_news_pi1%5Baction%5D=detail&tx_news_pi1%5Bcontroller%5D=News&tx_news_pi1%5Bnews%5D=7536,neunkirchen.de,official,2026-08-03,research-2026-08-03-de-gap,verified,"Gesucht werden Aussteller, Vereine, Schulen und Privatpersonen."
neunkircher-weihnachtsmarkt-im-zoo-2026-neunkirchen,Neunkircher Weihnachtsmarkt im Zoo 2026,Weihnachtsmarkt,Neunkirchen (Saar),Saarland,DE,Neunkircher Zoo,2026-08-28,28.08.2026,17.12.-20.12.2026,Bewerbung per E-Mail mit Beschreibung des Angebots,,Organisationsteam Weihnachtsmarkt im Zoo,info@nk-zoo-weihnachtsmarkt.de,,https://www.neunkirchen.de/index.php?L=556&cHash=649e5b8fb850e928aaf79cc4565daa30&id=85&tx_news_pi1%5Baction%5D=detail&tx_news_pi1%5Bcontroller%5D=News&tx_news_pi1%5Bnews%5D=7536,neunkirchen.de,official,2026-08-03,research-2026-08-03-rp-sl,partial,"Die offizielle Stadtmeldung richtet sich an Aussteller, Vereine, Schulen und Privatpersonen. Postanschrift und Telefonnummer sind dort nicht angegeben."
bad-wurzach-weihnachtsmarkt-2026-bad-wurzach,Bad Wurzacher Weihnachtsmarkt 2026,Weihnachtsmarkt / Künstlermarkt,Bad Wurzach,Baden-Württemberg,DE,Klosterplatz und Maria Rosengarten,2026-08-30,Die Anmeldefrist endet am 30. August 2026.,28. und 29. November 2026,"Online-Bewerbung über die Homepage der Stadt Bad Wurzach, für Innen- und Aussenbereich getrennt möglich.","Bad Wurzach Info, Rosengarten 1, 88410 Bad Wurzach/Allgaeu",Bad Wurzach Info,,07564 302150,https://www.bad-wurzach.de/stadt/de/freizeit-kultur/veranstaltungen-termine/weihnachtsmarkt,bad-wurzach.de,official,2026-08-03,de-2026-08-breitensuche-01,verified,Bewerbung für den Künstlermarkt in Maria Rosengarten oder für Stände im Aussenbereich. Neue Weihnachtsmarktsatzung und Preisstaffelung stehen zum Download bereit.
motorradwelt-bodensee-2027-friedrichshafen,MOTORRADWELT BODENSEE 2027,Fach- und Publikumsmesse,Friedrichshafen,Baden-Württemberg,DE,Messe Friedrichshafen,2026-08-30,Anmeldung zur Berücksichtigung des gewünschten Standplatzes bis 30.08.2026 erbeten,29.01.-31.01.2027,Online-Standanmeldung über das offizielle Ausstellerportal,"Messe Friedrichshafen GmbH, Neue Messe 1, 88046 Friedrichshafen",Korinna Rid,,+49 7541 708-352,https://www.motorradwelt-bodensee.de/ausstellen/messevorbereitung,motorradwelt-bodensee.de,official,2026-08-03,bw-2027-deep-rb-tuebingen,verified,Die offizielle Aussteller-Zeitplanung bestätigt Veranstaltungstermin und noch offene Anmeldefrist. Der Frühbuchertermin 30.06.2026 war bereits abgelaufen und wurde nicht als Frist verwendet.
artspring-pop-up-store-ausstellungen-2027-berlin,artspring Pop Up Store 2026/27 - Ausstellungskonzepte 2027,Ausstellungs-Open-Call,Berlin,Berlin,DE,artspring Pop Up Store im Rathaus-Center Pankow,2026-08-31,Bewerbungsschluss: 31. August 2026,"Ausstellungszeiträume im Februar, April, Juni, Juli, August, September und Oktober 2027; jeweils drei Wochen zuzüglich Auf- und Abbau",Digitale Bewerbung über das offizielle Formular,,Ateliergemeinschaft Milchhof e.V. / artspring berlin,,,https://www.artspring.berlin/open-call-fuer-ein-ausstellungskonzept-pop-up-store-26-27/,artspring.berlin,official,2026-08-03,berlin-2027-deep-messen,partial,Der offizielle Text nennt neben dem eindeutigen Datum einen dazu widersprüchlichen Wochentag; übernommen wurde das ausdrücklich angegebene Kalenderdatum. Bewerben können sich Berliner Kunstschaffende.
braunschweiger-weihnachtsmarkt-wechselhuette-2026-braunschweig,Braunschweiger Weihnachtsmarkt 2026 - Wechselhütte,Weihnachtsmarkt / Kunsthandwerk,Braunschweig,Niedersachsen,DE,Braunschweiger Weihnachtsmarkt rund um Burgplatz und Dom,2026-08-31,Bewerbungsschluss ist der 31. August 2026.,25. November bis 23. Dezember 2026; die Wechselhütte wird wochenweise jeweils von Mittwoch bis Dienstag vergeben.,Formlose Bewerbung per E-Mail an bewerbung.weihnachtsmarkt@braunschweig.de oder über www.braunschweig.de/wm-bewerben.,"Braunschweig Stadtmarketing GmbH, Sack 17, 38100 Braunschweig",Kim Zimpel (0531 470-3242) und Angela Schueler (0531 470-2057),bewerbung.weihnachtsmarkt@braunschweig.de,0531 470-3242,https://www.braunschweig.de/politik_verwaltung/nachrichten/bsm/WM-Wechselhuette.php,braunschweig.de,official,2026-08-03,ni-2027-deep-mitte-ost,verified,"Einstiegsformat für Kunsthandwerkerinnen und Kunsthandwerker, die sich nicht für die gesamte Marktdauer binden wollen. Der regulaere Bewerbungszeitraum für den Weihnachtsmarkt 2026 ist bereits beendet, die Wechselhütte ist zum Stichtag noch offen. Der Markt zieht rund 900.000 Besucher an."
christmas-feeling-frankfurt-2026,Christmas Feeling Frankfurt 2026,Weihnachtsmarkt / Kunsthandwerksmarkt,Frankfurt am Main,Hessen,DE,"Schlossgarde Village, Silostraße 50a",2026-08-31,Anmeldeschluss ist der 31. August 2026.,14. bis 15. November 2026,Online-Bewerbungsformular,"Hoechster Schlossgarde 1956 e.V., Silostraße 50a, 65929 Frankfurt am Main",Hoechster Schlossgarde 1956 e.V.,info@christmas-feeling.de,,https://christmas-feeling.de/,christmas-feeling.de,official,2026-08-03,research-2026-08-03-gap-maerkte,verified,"Gesucht werden handgemachte Produkte, Kunsthandwerk, Geschenkideen und weihnachtliche Spezialitäten; Massen- und reine Handelsware sind ausgeschlossen."
erfurter-herbst-cerealienmarkt-2026-erfurt,Erfurter Herbst- und Cerealienmarkt 2026,Herbstmarkt / Traditionsmarkt,Erfurt,Thüringen,DE,Erfurter Innenstadt,2026-08-31,Bewerbungen sind formlos bis zum 31. August möglich.,Herbst 2026; der genaue Zeitraum ist im Bewerbungsaufruf nicht genannt.,"Formlose Bewerbung, postalisch an die Kulturdirektion der Stadt Erfurt.","Stadtverwaltung Erfurt, Kulturdirektion, Benediktsplatz 1, 99084 Erfurt",Kulturdirektion der Landeshauptstadt Erfurt,,,https://www.erfurt.de/ef/de/service/aktuelles/pm/2026/153614.html,erfurt.de,official,2026-08-03,nord-ost-2027-deep-vertiefung,partial,"Aus dem staedtischen Sammelaufruf 'Erfurt feiert: Jetzt noch für die beliebtesten Feste bewerben'. Von den fuenf dort genannten Erfurter Veranstaltungen ist dies die einzige, deren Frist zum Stichtag 03.08.2026 noch offen ist. Gesucht werden Händler, Gastronomie, Schausteller sowie Kunst- und Kreativschaffende, bevorzugt mit Direktherstellung am Stand und regionalen oder zertifizierten Bio-Produkten."
hofheimer-adventsmarkt-2026-hofheim,Hofheimer Adventsmarkt 2026,Adventsmarkt,Hofheim am Taunus,Hessen,DE,Platz Am Untertor und Turmzeile,2026-08-31,Bewerbung bis 31.08.2026,05.12.-06.12.2026,Ausgefülltes Bewerbungsformular per E-Mail oder Post,"Magistrat der Stadt Hofheim am Taunus, Chinonplatz 2, 65719 Hofheim am Taunus",Marktwesen der Stadt Hofheim am Taunus,marktwesen@hofheim.de,06192 202-263 / 06192 202-255,https://www.hofheim.de/kultur-sport-und-tourismus/maerkte-und-messen/,hofheim.de,official,2026-08-03,research-2026-08-03-bw-he,verified,"Offen für Vereine, Privatleute, Kunsthandwerk, Gastronomie und Gewerbetreibende."
ingolstaedter-kunsthandwerkermarkt-christkindlmarkt-2026-ingolstadt,Kunsthandwerkermarkt im Rahmen des Ingolstädter Christkindlmarktes 2026,Kunsthandwerkermarkt / Weihnachtsmarkt,Ingolstadt,Bayern,DE,Theaterplatz,2026-08-31,31. August 2026,"20.11.-20.12.2026, jeweils an den Wochenenden",Online-Formular; für eine Verkaufshütte am Christkindlmarkt alternativ per E-Mail,"Kulturamt Ingolstadt, Sachgebiet Feste und Märkte, Donaustraße 11, 85049 Ingolstadt","Kulturamt Ingolstadt, Sachgebiet Feste und Märkte",festeundmaerkte@ingolstadt.de,,https://formularcenter.ingolstadt.de/formcycle/form/provide/5252/,formularcenter.ingolstadt.de,official,2026-08-03,research-2026-08-03-bayern,verified,Die offizielle Formularseite nennt fünf auswählbare Veranstaltungswochenenden.
laser-world-of-photonics-2027-hauptaussteller-muenchen,LASER World of PHOTONICS 2027 - Hauptaussteller,Fachmesse,München,Bayern,DE,"Trade Fair Center Messe München, Am Messesee 2, 81829 München",2026-08-31,"Anmeldeschluss für die erste Hallenaufplanung: Montag, 31.08.2026",22.06.-25.06.2027,Online-Ausstelleranmeldung,"Messe München GmbH, Messegelände, 81823 München",LASER World of PHOTONICS Ausstellerservice,,+49 89 949-11518,https://world-of-photonics.com/de/messe/aussteller/anmeldung/,world-of-photonics.com,official,2026-08-03,by-2027-deep-rb-oberbayern,partial,Die offizielle Messeseite bezeichnet den 31.08.2026 als Anmeldeschluss für die erste Hallenaufplanung; spätere Anmeldemöglichkeiten werden dadurch nicht ausgeschlossen.
mainzer-fastnachtsmesse-2027-mainz,Mainzer Fastnachtsmesse und Rosenmontag 2027,Volksfest / Fastnachtsmesse,Mainz,Rheinland-Pfalz,DE,Mainzer Altstadt und Bereich des Rosenmontagsumzugs,2026-08-31,Bewerbungsfrist ist der 31. August für die Veranstaltung im Folgejahr,04.02.-09.02.2027; Rosenmontag am 08.02.2027,Aussagekräftige schriftliche Bewerbung mit dem offiziellen Bewerbungsformular,"Landeshauptstadt Mainz, Amt für Wirtschaft und Liegenschaften, Messen und Märkte, Postfach 3820, 55028 Mainz",Messen und Märkte der Landeshauptstadt Mainz,,06131 12-2283,https://www.mainz.de/vv/produkte/wirtschaft/fastnachtsmesse-und-rosenmontag-standplatz-buchen,mainz.de,official,2026-08-03,research-2026-08-03-de-gap,verified,"Die offizielle Stadtseite nennt Termin, wiederkehrende Frist, Bewerbungsweg und zuständige Marktverwaltung. | Die Stadt nennt Termin und jährlich geltende Frist ausdrücklich. Die E-Mail-Adressen werden auf der geprüften Seite nicht im Klartext ausgegeben."
mainzer-johannisnacht-festbereich-2027-mainz,Mainzer Johannisnacht 2027 - Festbereich,Stadtfest / Volksfest,Mainz,Rheinland-Pfalz,DE,"Adenauerufer, Kaisertor, Fischtorplatz, Markt, Ludwigsstraße und Schillerplatz",2026-08-31,Bewerbungsfrist ist der 31. August für die Veranstaltung im Folgejahr,25.06.-28.06.2027,Aussagekräftige schriftliche Bewerbung bei der städtischen Marktverwaltung,"Landeshauptstadt Mainz, Amt für Wirtschaft und Liegenschaften, Messen und Märkte, Postfach 3820, 55028 Mainz","Giulia Barba, Teamleitung Messen und Märkte",,06131 12-2483,https://www.mainz.de/vv/produkte/wirtschaft/johannisnacht-standplatz-im-festbereich-beantragen,mainz.de,official,2026-08-03,research-2026-08-03-de-gap,verified,"Die Bewerbung für den Festbereich ist von der gesonderten Bewerbung für den Künstlermarkt getrennt. | Die Stadt bestätigt Termin, Festbereich und Frist. Die E-Mail-Adressen werden auf der geprüften Seite nicht im Klartext ausgegeben."
mainzer-johannisnacht-kuenstlermarkt-2027-mainz,Mainzer Johannisnacht 2027 - Künstlermarkt,Kunsthandwerkermarkt / Stadtfest,Mainz,Rheinland-Pfalz,DE,Rheinufer während der Mainzer Johannisnacht,2026-08-31,Bewerbungsfrist ist der 31. August für die Veranstaltung im Folgejahr,25.06.-28.06.2027,Schriftliche Bewerbung mit dem offiziellen Künstlermarkt-Bewerbungsformular,"Landeshauptstadt Mainz, Amt für Wirtschaft und Liegenschaften, Messen und Märkte, Postfach 3820, 55028 Mainz","Maximilian Peters, Messen und Märkte",,06131 12-2284,https://www.mainz.de/vv/produkte/wirtschaft/johannisnacht-standplatz-auf-dem-kuenstlermarkt-beantragen,mainz.de,official,2026-08-03,research-2026-08-03-de-gap,verified,Zugelassen sind bildende Kunst und kunsthandwerklich gefertigte Waren; gewerbliche Massenware ist ausgeschlossen. | Zugelassen sind selbstgefertigte künstlerische Unikate und kunsthandwerklich gefertigte Waren; gewerblich gefertigte Massenwaren sind ausgeschlossen.
mainzer-rheinfruehling-2027-mainz,Mainzer Rheinfrühling 2027,Frühjahrsmesse / Volksfest,Mainz,Rheinland-Pfalz,DE,Rheinufer zwischen Kaisertor und Kurfürstenbrunnen,2026-08-31,Bewerbungsfrist ist der 31. August für die Veranstaltung im Folgejahr,20.03.-04.04.2027,Aussagekräftige schriftliche Bewerbung mit dem offiziellen Bewerbungsformular,"Landeshauptstadt Mainz, Amt für Wirtschaft und Liegenschaften, Messen und Märkte, Postfach 3820, 55028 Mainz",Messen und Märkte der Landeshauptstadt Mainz,,06131 12-2283,https://www.mainz.de/vv/produkte/wirtschaft/mainzer-rheinfruehling-standplatz-buchen,mainz.de,official,2026-08-03,research-2026-08-03-de-gap,verified,"Die offizielle Stadtseite nennt Termin, wiederkehrende Frist, Bewerbungsweg und zuständige Marktverwaltung. | Die Stadt nennt Termin und jährlich geltende Frist ausdrücklich. Die E-Mail-Adressen werden auf der geprüften Seite nicht im Klartext ausgegeben."
neuburger-schlossfest-2027-markt-neuburg-donau,Neuburger Schloßfest 2027 - Markt,Historischer Markt / Stadtfest,Neuburg an der Donau,Bayern,DE,Obere Altstadt Neuburg an der Donau,2026-08-31,Bewerbung mit Bewerbungsbogen und Fotos bis 31.08.2026,25.06.-27.06.2027 und 02.07.-04.07.2027,Offiziellen Bewerbungsbogen mit Fotos einreichen,"Verkehrsverein Freunde der Stadt Neuburg e.V., In der Münz A 36, 86633 Neuburg an der Donau",Verkehrsverein Freunde der Stadt Neuburg e.V.,info@verkehrsverein-neuburg.de,+49 8431 47016,https://www.schlossfest.de/aktuelles/bewerbung-fuer-den-markt-2027_id4485,schlossfest.de,official,2026-08-03,by-2027-deep-rb-oberbayern,verified,"Die offizielle Veranstalterseite bestätigt beide Festwochenenden, die laufende Markt-Bewerbung und den Bewerbungsschluss."
sonnefelder-weihnachtsmarkt-2026-sonnefeld,Sonnefelder Weihnachtsmarkt 2026,Weihnachtsmarkt,Sonnefeld,Bayern,DE,"Domaenenplatz Sonnefeld, Martin-Luther-Straße 6",2026-08-31,Bewerbungsfrist ist der 31. August 2026.,"2. Adventswochenende, 5. und 6. Dezember 2026",Online-Formular der Gemeinde Sonnefeld.,"Gemeinde Sonnefeld, Schafberg 2, 96242 Sonnefeld",Manuela Faber,manuela.faber@sonnefeld.de,09562 4006-0,https://sonnefeld.de/aussteller-und-standbetreiber-fuer-den-sonnefelder-weihnachtsmarkt-2026-gesucht/,sonnefeld.de,official,2026-08-03,de-2026-08-breitensuche-01,verified,"Gesucht werden Kunsthandwerkende, Vereine, Händler und Gastronomiebetriebe. | Die Gemeinde sucht Kunsthandwerker, Vereine, Händler und Gastronomen."
st-ingberter-weihnachtsmarkt-2026-st-ingbert,St. Ingberter Weihnachtsmarkt 2026,Weihnachtsmarkt,St. Ingbert,Saarland,DE,Marktplatz,2026-08-31,31.08.2026,18.12.-20.12.2026,Bewerbungsformular; Informationen und Unterlagen per E-Mail bei der Stadt,,Andrea Kihm / Anne Schorr,weihnachtsmarkt@st-ingbert.de,06894 13-513 / 06894 13-515,https://www.st-ingbert.de/kultur-tourismus/kunst-kultur/weihnachtsmarkt/,st-ingbert.de,official,2026-08-03,research-2026-08-03-rp-sl,partial,"Gesucht werden Kunsthandwerk, weihnachtliche Waren, Feinkost sowie Getränke- und Speiseangebote. Eine Postanschrift ist auf der geprüften Veranstaltungsseite nicht angegeben."
weihnachtsmarkt-steinau-2026-steinau,Weihnachtsmarkt Steinau an der Straße 2026,Weihnachtsmarkt,Steinau an der Straße,Hessen,DE,"Historischer Stadtkern, Schloss Steinau, Marktplatz Am Kumpen, Rathaus-Markthalle und Amtshof",2026-08-31,Bewerbungsschluss ist der 31.08.2026,27.11.-29.11.2026,Offizielles Bewerbungsformular für Außenbereich oder Innenraum,"Magistrat Stadt Steinau, Brüder-Grimm-Straße 47, 36396 Steinau an der Straße",Marktleitung Weihnachtsmarkt Steinau,stadtmarketing@steinau.de,06663 973-0,https://www.steinau.eu/weihnachtsmarkt-03325.html,steinau.eu,official,2026-08-03,research-2026-08-03-bw-he,verified,Die Stadt stellt getrennte offizielle Formulare für Außenbereich und Innenraum bereit.
world-money-fair-2027-berlin,World Money Fair 2027,Publikums- und Fachmesse / Sammlerbörse,Berlin,Berlin,DE,"ECC Berlin, Estrel Congress Center, Sonnenallee 225",2026-08-31,Anmeldezeitraum 01.06.2026 bis 31.08.2026.,28.01.-30.01.2027,Ausschließlich online über das offizielle Bestellsystem für Aussteller.,"World Money Fair Berlin GmbH, Ollenhauerstraße 97, 13403 Berlin",World Money Fair Berlin GmbH,application@worldmoneyfair.de,+49 30 5199977-0,https://worldmoneyfair.de/ausstellen/,worldmoneyfair.de,official,2026-08-03,berlin-2027-deep-feste,verified,"Die offiziellen Teilnahmebedingungen nennen den verbindlichen Anmeldezeitraum für Händler, Praegestaetten, Auktionshaeuser, Zubehoer- und weitere Fachaussteller."
heidelberger-herbst-anwohnerflohmarkt-2026-heidelberg,Heidelberger Herbst 2026 - Anwohnerflohmarkt,Stadtfest / Flohmarkt,Heidelberg,Baden-Württemberg,DE,Heidelberger Altstadt,2026-09-01,Verlängerte Bewerbungsfrist für den Anwohnerflohmarkt bis 1. September 2026,26.09.-27.09.2026,Online über das offizielle Anwohnerflohmarkt-Bewerbungsformular,"Heidelberg Marketing GmbH, Neuenheimer Landstraße 5, 69120 Heidelberg",Event-Team Heidelberg Marketing GmbH,events@heidelberg-marketing.de,+49 6221 58 44 444,https://www.heidelberg-marketing.de/veranstaltungen/partner-werden,heidelberg-marketing.de,official,2026-08-03,research-2026-08-03-bw-he,verified,Die regulären Bewerbungsfristen anderer Standkategorien sind beendet; offen ist nur die verlängerte Frist für den Anwohnerflohmarkt.
itb-berlin-2027-berlin,ITB Berlin 2027,Fachmesse Tourismus,Berlin,Berlin,DE,Messe Berlin,2026-09-01,Anmeldeschluss für Aussteller ist der 1. September 2026.,16. bis 18. März 2027,Standanmeldung online über das Exhibitor Portal unter asp.itb.com.,"Messe Berlin GmbH, Messedamm 22, 14055 Berlin",ITB Berlin Ausstellerservice,,,https://www.itb.com/de/itb-berlin-for-exhibitors/standanmeldung,itb.com,official,2026-08-03,de-2026-08-breitensuche-01,partial,"Mindeststandgroesse 20 Quadratmeter, Flächen werden auf volle Quadratmeter gerundet. Standmietenpreise gelten für die ersten 100 Quadratmeter, ab 101 Quadratmeter zum Reihenstandspreis. Relevant für Händler und Gastronomie mit touristischem Bezug."
itb-berlin-2027-hauptaussteller,ITB Berlin 2027 - Hauptausstellende,Internationale Fachmesse für Tourismus,Berlin,Berlin,DE,Berlin ExpoCenter City,2026-09-01,Offizieller Anmeldeschluss: 1. September 2026,16.03.-18.03.2027,Online-Standanmeldung über das offizielle Ausstellerportal,"Messe Berlin GmbH, Messedamm 22, 14055 Berlin",ITB Berlin Team,itb@messe-berlin.de,,https://www.itb.com/de/itb-berlin-for-exhibitors/standanmeldung,itb.com,official,2026-08-03,berlin-2027-deep-messen,verified,Die offizielle Standanmeldungsseite ordnet Frist und Veranstaltung eindeutig der ITB Berlin 2027 zu.
kommunale-galerie-berlin-ausstellungen-2027,Kommunale Galerie Berlin - Ausstellungsbewerbungen 2027,Kommunale Galerie / Ausstellungsbewerbung,Berlin,Berlin,DE,Kommunale Galerie Berlin,2026-09-01,Bewerbungen für 2027 vom 15. Juni bis 1. September 2026,Ausstellungsjahr 2027,Ausschließlich digitale Bewerbung mit den geforderten Unterlagen,"Kommunale Galerie Berlin, Hohenzollerndamm 176, 10713 Berlin","Barbara Höffer, Leitung",,+49 30 9029 16704,https://www.berlin.de/ba-charlottenburg-wilmersdorf/verwaltung/aemter/weiterbildung-und-kultur/kunst-und-kultur/kommunale-galerie-berlin/,berlin.de,official,2026-08-03,berlin-2027-deep-messen,verified,Die Bezirksamtsseite weist den Abschnitt ausdrücklich als Ausstellungsbewerbungen für das Jahr 2027 aus.
giessener-suppenfest-2026,Liebigs Suppenfest Gießen 2026,Themenfest / Gastronomiemarkt,Gießen,Hessen,DE,Marktlauben und Lindenplatz,2026-09-01,Bewerbungsschluss 2026: 1. September 2026,1. November 2026,Offizielles Bewerbungsformular für Suppenstände,"Giessen Marketing GmbH, Suedanlage 4, 35390 Giessen",Gießen Marketing GmbH,marketing@giessen.de,+49 641 3061880,https://giessen-entdecken.de/bewerbungen/,giessen-entdecken.de,official,2026-08-03,research-2026-08-03-gap-maerkte,partial,Es werden ausschließlich Bewerbungen für Suppenstände bearbeitet. Kontaktdaten im August 2026 aus der offiziellen Quelle ergaenzt.
michelstaedter-bienenmarkt-2027-michelstadt,Michelstädter Bienenmarkt 2027,Volksfest,Michelstadt,Hessen,DE,Bienenmarktgelände Michelstadt,2026-09-01,Die Bewerbungsfrist endet immer am 1. September des Vorjahres,14.05.-23.05.2027,"Offizielles Bewerbungsformular für Schausteller, ausdruckbar oder am PC ausfüllbar","Magistrat der Stadt Michelstadt, Frankfurter Straße 3, 64720 Michelstadt",Gästeinformation Michelstadt,touristik@michelstadt.de,06061 74610,https://www.michelstadt.de/tourismus-kultur/veranstaltungen-maerkte/bienenmarkt/,michelstadt.de,official,2026-08-03,research-2026-08-03-bw-he,verified,"Die offizielle Stadtseite nennt die wiederkehrende Frist und den Veranstaltungstermin 2027. Quelllink im August 2026 aktualisiert, die zuvor hinterlegte Seite war nicht mehr erreichbar."
stendaler-weihnachtsmarkt-2026-stendal,Stendaler Weihnachtsmarkt 2026,Weihnachtsmarkt,Stendal,Sachsen-Anhalt,DE,Markt und Rathausbereich,2026-09-01,01.09.2026,10.12.-13.12.2026,Anfrageformular per Post oder Fax,"Hansestadt Stendal, Veranstaltungsmanagement und Tourismus, Markt 1, 39576 Hansestadt Stendal",Veranstaltungsmanagement und Tourismus der Hansestadt Stendal,info@veranstaltungen-stendal.de,03931 65-1197,https://serviceportal.stendal.de/de/datei/download/id/108827%2C42/fragebogen_weihnachtsmarkt_rathaus26.pdf,serviceportal.stendal.de,official,2026-08-03,research-2026-08-03-sn-st-th,verified,"Das offizielle Anfrageformular nennt Frist, Veranstaltungszeitraum, Postanschrift und Fax 03931 65-1195."
ifa-2027-aussteller-voranmeldung-berlin,IFA 2027 - Aussteller-Voranmeldung und Rebooking,Publikums- und Fachmesse für Consumer Electronics,Berlin,Berlin,DE,Messe Berlin,2026-09-08,Pre-register by 8 September 2026 for the best rate and priority,IFA 2027; genauer Veranstaltungszeitraum auf der geprüften Rebooking-Seite nicht genannt,Online-Voranmeldung über das offizielle Rebooking-Formular,"IFA Management GmbH, Charlottenstraße 4, 10969 Berlin",IFA Management GmbH,support@ifa-management.com,+49 30 21927601,https://www.ifa-berlin.com/enquiry/exhibit-rebook,ifa-berlin.com,official,2026-08-03,berlin-2027-deep-messen,partial,"Dies ist eine datierte Voranmeldungs- und Konditionsfrist, kein finaler Anmeldeschluss. Der Veranstalter prüft Einreichungen; eine Standfläche ist nicht garantiert."
adventsmarkt-hohen-neuendorf-2026,Adventsmarkt Hohen Neuendorf 2026,Adventsmarkt,Hohen Neuendorf,Brandenburg,DE,Rathausplatz,2026-09-11,Bewerbungsschluss ist der 11.09.2026.,"28.11.2026, 14:00-21:00 Uhr, und 29.11.2026, 12:00-18:00 Uhr",Bewerbungsformular der Stadt unter Bürgerservice - Formulare und Antraege - Sonstige einreichen.,"Stadt Hohen Neuendorf, Oranienburger Straße 2, 16540 Hohen Neuendorf",Stadt Hohen Neuendorf,info@hohen-neuendorf.de,03303 528-0,https://hohen-neuendorf.de/de/node/12709,hohen-neuendorf.de,official,2026-08-03,research-2026-08-03-be-bb-mv,verified,"Die Stadt sucht Ausstellende, Vereine, Gewerbetreibende und Gastronomiebetriebe."
kessenicher-herbstmarkt-2026,Kessenicher Herbstmarkt 2026,Herbstmarkt / Straßenfest,Bonn,Nordrhein-Westfalen,DE,"Pützstraße, Burbacher Straße und Kirchwiese in Kessenich",2026-09-11,Anmeldefrist bis: 11.09.2026,Opening am 3. Oktober und Herbstmarkt am 4. Oktober 2026,Anmeldeformular für Aussteller,,Graziela Kronbauer / Evi Mielke,,0151 27177692,https://www.kessenicher-herbstmarkt.de/aussteller-1/,kessenicher-herbstmarkt.de,official,2026-08-03,research-2026-08-03-gap-maerkte,partial,Offizielle Veranstalterseite mit Ausstellerfrist und Marktinformationen.
foodtruck-festival-2026-moelln,Foodtruck-Festival Mölln 2026,Foodtruck-Festival / Stadtfest,Mölln,Schleswig-Holstein,DE,Möllner Innenstadt,2026-09-14,Anmeldeschluss ist der 14. September 2026.,"04.10.2026, 12:00-18:00 Uhr",Online-Bewerbungsformular,"Tourismus- und Stadtmarketing Mölln, Eventmarketing, Am Markt 12, 23879 Mölln",Eventmarketing,event@stadtmarketing-moelln.de,+49 4542 97651-20,https://www.stadtmarketing-moelln.de/eventmarketing/standbetreiberinnen/anmeldung-foodtruck-festival,stadtmarketing-moelln.de,official,2026-08-03,research-2026-08-03-sh,verified,"Die offizielle Veranstalterseite nennt Veranstaltung, Bewerbungsformular und Anmeldeschluss ausdruecklich."
speyerer-fruehjahrsmesse-2027-speyer,445. Speyerer Frühjahrsmesse 2027,Frühjahrsmesse / Volksfest,Speyer,Rheinland-Pfalz,DE,Festplatz Speyer,2026-09-15,15.09.2026,25.03.-11.04.2027,Schriftliche Bewerbung per Post mit den auf der Veranstaltungsseite genannten Unterlagen,"Stadt Speyer, Kleine Pfaffengasse 21, 020 - Wirtschaftsförderung, Stadtmarketing, Veranstaltungen, 67346 Speyer",Lena Damian / Heidi Jester,veranstaltungen@stadt-speyer.de,06232 14-2731 / 06232 14-2748,https://www.speyer.de/de/veranstaltungen/messen-maerkte-und-veranstaltungen/fruehjahrsmesse/,speyer.de,official,2026-08-03,research-2026-08-03-rp-sl,verified,"Die aktuelle Veranstaltungsseite bestätigt Veranstaltungstermin, Bewerbungsfrist, Einreichungsadresse und erforderliche Unterlagen. | Die Stadt verlangt für Frühjahrs- und Herbstmesse getrennte Bewerbungen; nur die Frist der Frühjahrsmesse war am Prüftag noch offen."
kieler-lichtermeer-2026-kiel,Kieler Lichtermeer 2026,Lichtevent / Innenstadtmarkt,Kiel,Schleswig-Holstein,DE,"Kieler Innenstadt, Zonen A und B",2026-09-15,Die Bewerbungsfrist für das Kieler Lichtermeer endet am 15.09.2026.,01.11.2026,Online-Bewerbungsformular für Standbetreiberinnen und Standbetreiber,"Kiel-Marketing e.V., Andreas-Gayk-Straße 31 - Neues Rathaus, 24103 Kiel",Kiel-Marketing e.V. / GmbH,info@kiel-marketing.de,+49 431 67910-0,https://kiel-sailing-city.de/formulare/sonntagsoeffnungen,kiel-sailing-city.de,official,2026-08-03,research-2026-08-03-sh,verified,"Das offizielle Bewerbungsformular nennt Veranstaltungstag, zugelassene Standarten und die konkrete noch offene Frist. Anschrift und Kontakt stammen aus dem Impressum derselben offiziellen Domain."
kirchentag-markt-der-moeglichkeiten-2027-duesseldorf,Markt der Möglichkeiten beim Kirchentag Düsseldorf 2027,Themenmarkt / Informationsmarkt,Düsseldorf,Nordrhein-Westfalen,DE,Kirchentag Düsseldorf,2026-09-15,Bewerbungsschluss ist der 15. September 2026.,5. bis 9. Mai 2027,Online über kirchentag.de/markt nach Registrierung bei Mein Kirchentag,,Markt der Möglichkeiten,markt@kirchentag.de,0661 96648-299,https://www.kirchentag.de/fileadmin/allgemein/dabei_sein/bewerbungsverfahren/2027/40_kirchentag_ausschreibung_markt.pdf,kirchentag.de,official,2026-08-03,research-2026-08-03-gap-maerkte,partial,Der Markt richtet sich an zivilgesellschaftliche Gruppen und Initiativen mit selbst gestalteten Informationsständen.
moerser-kirmes-2027-moers,Moerser Kirmes 2027,Kirmes,Moers,Nordrhein-Westfalen,DE,Moerser Innenstadt,2026-09-15,15.09.2026,03.09.-07.09.2027,Online über das Bewerbungsformular,"Moers Marketing GmbH, Kirchstraße 27 a/b, 47441 Moers",Moers Marketing GmbH,info@moers-marketing.de,02841 88226-0,https://www.kirmes-moers.de/schausteller/,kirmes-moers.de,official,2026-08-03,research-2026-08-03-nrw,verified,Nur vollständig über das Formular eingereichte Bewerbungen werden berücksichtigt. | Offizielle Veranstalterseite mit aktivem Bewerbungsformular.
rutenfest-2027-ravensburg-grossgeschaefte,Rutenfest Ravensburg 2027 - Großgeschäfte,Heimatfest / Volksfest,Ravensburg,Baden-Württemberg,DE,Ravensburg,2026-09-15,Bewerbungen für Großgeschäfte für das Rutenfest 2027 müssen bis zum 15. September 2026 eingereicht werden.,Sommer 2027; der genaue Termin ist auf der Bewerbungsseite nicht ausgewiesen.,Schriftliche Bewerbung bei der Rutenfestkommission.,"Rutenfestkommission Ravensburg, Ravensburg",Rutenfestkommission,,,https://das-rutenfest.de/rutenfestkommission/bewerbung/,das-rutenfest.de,official,2026-08-03,de-2026-08-breitensuche-04,partial,"Die Zulassungskriterien werden am 10. August 2026 in der Fachzeitschrift 'Komet' veröffentlicht; die vollständige Ausschreibung für 2027 folgt laut Kommission rechtzeitig. Für Standbetreiber gilt eine spätere Frist (15.11.2026), siehe eigener Eintrag."
transport-logistic-2027-hauptaussteller-muenchen,transport logistic 2027 - Hauptaussteller,Fachmesse,München,Bayern,DE,"Trade Fair Center Messe München, Am Messesee 2, 81829 München",2026-09-15,15.09.2026: Anmeldeschluss für Hauptaussteller zur Sicherung des Kontingents von 100 kostenfreien Besuchergutscheinen,26.04.-29.04.2027,Online-Ausstelleranmeldung,"Messe München GmbH, Messegelände, 81823 München",Projektteam transport logistic,exhibitor@transportlogistic.de,+49 89 949-20271,https://transportlogistic.de/de/messe/aussteller/tipps-termine-fristen/,transportlogistic.de,official,2026-08-03,by-2027-deep-rb-oberbayern,partial,"Die Frist ist offiziell als Anmeldeschluss ausgewiesen, bezieht sich laut Veranstalter aber ausdrücklich auf die Sicherung des Gutscheinkontingents."
gaeubodenvolksfest-2027-straubing,Gäubodenvolksfest Straubing 2027,Volksfest,Straubing,Bayern,DE,Festgelände Am Hagen,2026-09-17,Bewerbung bis 17.09.2026,13.08.-23.08.2027,"Online-Formular oder offizielles Bewerbungsformular per Post, Fax oder persönlich; Bewerbung per E-Mail ist nicht zulässig","Straubinger Ausstellungs- und Veranstaltungs GmbH, Am Hagen 75, 94315 Straubing",Straubinger Ausstellungs- und Veranstaltungs GmbH,,09421 8433-0,https://www.ausstellungs-gmbh.de/gaeubodenvolksfest/fuer-schausteller/bewerbung-2027/,ausstellungs-gmbh.de,official,2026-08-03,by-2027-deep-rb-niederbayern,verified,"Die offizielle 2027-Bewerbungsseite der städtischen Tochtergesellschaft bestätigt Veranstaltungstermin, Ausschlussfrist, Bewerbungswege und Anschrift."
art-karlsruhe-2027-galerien-rheinstetten,art karlsruhe 2027 - Galerien,Kunstmesse / Galerienmesse,Rheinstetten,Baden-Württemberg,DE,Messe Karlsruhe,2026-09-18,Bewerbungsschluss: 18. September 2026,18. bis 21. Februar 2027,Online-Bewerbungsplattform; Zugang per E-Mail anfordern,"Karlsruher Messe- und Kongress GmbH, Postfach 1208, 76002 Karlsruhe",Olga Blaß,olga.blass@messe-karlsruhe.de,+49 721 3720 5120,https://www.art-karlsruhe.de/de/ausstellen/index.html,art-karlsruhe.de,official,2026-08-03,bw-2027-deep-rb-karlsruhe,verified,Bewerbung richtet sich an professionelle Galerien.
weihnachtsmarkt-koenigsfeld-2026-koenigsfeld,Weihnachtsmarkt Königsfeld 2026,Weihnachtsmarkt,Königsfeld im Schwarzwald,Baden-Württemberg,DE,Königsfeld im Schwarzwald,2026-09-18,Bewerbung bis 18.09.2026,12.12.2026,Ausgefülltes und unterschriebenes Formular ausschließlich per E-Mail,"Förderverein FC Königsfeld e.V., Berliner Straße 9, 78126 Königsfeld",Förderverein FC Königsfeld e.V.,weihnachtsmarkt@fc-koenigsfeld.de,,https://fc-koenigsfeld.de/foerderverein/weihnachtsmarkt/,fc-koenigsfeld.de,official,2026-08-03,research-2026-08-03-bw-he,partial,Offizielle Veranstalterseite; Zusatzinformationen zu Standflächen und Ansprechpartner-Telefon fehlen.
arnstadt-halloween-2026-standbewerbung,Arnstadt Halloween 2026 (Standplatzbewerbung),Volksfest,Arnstadt,Thüringen,DE,Arnstadt (Ort im Formular nicht genannt),2026-09-25,Anmeldung vier Wochen vor Veranstaltung (Bewerbungsformular 2026),23.10.2026,Bewerbungsformular 2026 (PDF) per Post/E-Mail an Stadtverwaltung,"Stadtverwaltung Arnstadt, SG Öffentlichkeitsarbeit und Veranstaltungen, Markt 1, 99310 Arnstadt",Marktmeister Carsten Römhildt / Thomas Zeiße,markt@stadtverwaltung.arnstadt.de,03628 745756 / 745719,https://www.arnstadt.de/veranstaltungen/bewerbung,arnstadt.de,official,2026-09-19,named-ost-2026-09,partial,"Abgeleitet: 23.10.2026 minus 28 Tage = 25.09.2026. Nur Terminangabe im Formular, Charakter der Veranstaltung nicht näher beschrieben; Frist in 6 Tagen."
herbst-bauernmarkt-2026-eutin,13. Herbst- und Bauernmarkt Eutin 2026,Herbstmarkt / Bauernmarkt,Eutin,Schleswig-Holstein,DE,"Marktplatz, optional Teile der Peterstraße und Koenigstraße",2026-09-27,Die offizielle Ausschreibung nennt für den Herbst- und Bauernmarkt Angebotsabgaben bis zum 27.09.2026.,"27.09.2026, 10:00-17:00 Uhr",Online über das Bewerbungsportal von Eutin Event,"GUTE ZEIT UG / Eutin Event, Markt 11, 23701 Eutin",Eutin Event,buero@eutin-event.de,+49 4521 8264944,https://eutin-event.de/wp-content/uploads/2026/04/AS-2026.pdf,eutin-event.de,official,2026-08-03,research-2026-08-03-sh,partial,Die offizielle Ausschreibung bezeichnet den 27.09.2026 als letzten Termin für Angebotsabgaben; dieser Termin ist zugleich der Veranstaltungstag. Wegen dieser ungewoehnlichen Gleichheit als partial markiert.
reinbeker-weihnachtsmarkt-2026-reinbek,Reinbeker Weihnachtsmarkt 2026,Weihnachtsmarkt / Kunsthandwerkermarkt,Reinbek,Schleswig-Holstein,DE,Im und am Schloss Reinbek,2026-09-28,Anmeldezeitraum bis zum 28.09.2026.,"05.12.2026, 13:00-21:00 Uhr, und 06.12.2026, 11:00-18:00 Uhr",Offizielles PDF-Anmeldeformular,"Schloss Reinbek, Schlossstraße 5, 21465 Reinbek",Susann Poetter (Innenbereich); Thomas Hoeck (Aussenstaende),kulturzentrum@reinbek.de; weihnachtsmarkt@reinbek.de,040 727 50 812; 0151 25 20 8330,https://www.schloss-reinbek.de/de/messen-und-maerkte/reinbeker-weihnachtsmarkt/,schloss-reinbek.de,official,2026-08-03,research-2026-08-03-sh,verified,"Offizielle Seite des staedtischen Kulturzentrums Schloss Reinbek mit Anmeldeformular, Frist und getrennten Kontakten für Innen- und Aussenbereich."
annaberger-kaet-2027-annaberg-buchholz,Annaberger Kät 2027,Volksfest / Kirmes,Annaberg-Buchholz,Sachsen,DE,Kätplatz,2026-09-30,30.09.2026,28.05.-06.06.2027,Online über das Beteiligungsportal Sachsen oder in Papierform,"Große Kreisstadt Annaberg-Buchholz, Fachbereich Kultur, Tourismus und Marketing, Markt 1, 09456 Annaberg-Buchholz","Maria Thiele, Eventmanagement",,03733 425 282,https://buergerbeteiligung.sachsen.de/portal/annaberg-buchholz/beteiligung/themen/1065934,buergerbeteiligung.sachsen.de,official,2026-08-03,research-2026-08-03-sn-st-th,verified,"Die Stadt bittet ausdrücklich darum, Doppelbewerbungen über Online- und Papierweg zu vermeiden."
annafest-2027-forchheim,Annafest Forchheim 2027,Volksfest / Kellerfest,Forchheim,Bayern,DE,Forchheimer Kellerwald,2026-09-30,30.09.2026,23.07.-02.08.2027,Online oder schriftlich per Post,"Stadt Forchheim, Veranstaltungsamt, Hornschuchallee 7-9, 91301 Forchheim","Veranstaltungsamt, Herr Kraft / Frau Freund",veranstaltungsamt@forchheim.de,09191 714-403 oder 09191 714-132,https://www.forchheim.de/rathaus-service/service/service-a-z/annafest-bewerbungsmodalitaeten,forchheim.de,official,2026-08-03,research-2026-08-03-bayern,verified,"Die Stadt weist darauf hin, dass nach dem Stichtag eingehende Anträge nicht berücksichtigt werden."
annakirmes-2027-dueren,Annakirmes Düren 2027,Volksfest / Kirmes,Düren,Nordrhein-Westfalen,DE,Annakirmesplatz Düren,2026-09-30,"Die Stadt Düren setzt den Bewerbungsschluss jeweils auf den 30.09. des Vorjahres, fuer die Annakirmes 2027 also auf den 30.09.2026. Massgeblich ist der Posteingangsstempel der Stadt Düren.",Sommer 2027; der genaue Termin ist noch nicht veroeffentlicht.,Schriftliche Bewerbung per Post an das Amt fuer Stadtentwicklung.,"Stadt Düren, Amt fuer Stadtentwicklung, Abt. 61.2, 52348 Düren","Amt fuer Stadtentwicklung, Abt. 61.2",,02421 25-0,https://www.dueren.de/kultur-tourismus/veranstaltungen/annakirmes/schausteller,dueren.de,official,2026-08-04,de-2026-08-regelfristen-01,partial,Groesstes Volksfest im Rheinland nach Duesseldorf und Koeln. Fristdatum abgeleitet aus der Ausschreibung des Vorjahrgangs (2026: 30.09.2025).
aschaffenburger-volksfest-2027-aschaffenburg-research-bayern,Aschaffenburger Volksfest 2027,Volksfest,Aschaffenburg,Bayern,DE,Volksfestplatz Aschaffenburg,2026-09-30,30.09.2026,18.06.-28.06.2027,Schriftlich per Post,"Kongress- und Touristikbetriebe der Stadt Aschaffenburg, Schloßplatz 1, 63739 Aschaffenburg",Kongress- und Touristikbetriebe der Stadt Aschaffenburg,info@events-ab.de,+49 6021 395720,https://mein.aschaffenburg.de/event/aschaffenburger-volksfest/,mein.aschaffenburg.de,official,2026-08-03,research-2026-08-03-bayern,verified,"Die offizielle Veranstalterseite enthält Ausschreibung, Frist, Zeitraum und Kontakt."
backnanger-weihnachtsmarkt-2026,Backnanger Weihnachtsmarkt 2026,Weihnachtsmarkt,Backnang,Baden-Württemberg,DE,Innenstadt Backnang,2026-09-30,Bewerbungsphase für einen Verkaufsstand endet am 30. September 2026,"28.-29.11.2026 (Sa 11-22 Uhr, So 11-20 Uhr)",Elektronisch über das Formular auf der Stadtseite,"Festivalbüro, Bahnhofstraße 7, 71522 Backnang",Festivalbüro Stadt Backnang,strassenfest@backnang.de,07191 894-616,https://www.backnang.de/kultur-sport-freizeit/hoehepunkte-im-jahreskalender/backnanger+weihnachtsmarkt/teilnehmen,backnang.de,official,2026-09-19,named-bwhe-2026-09,verified,"Frist knapp: 11 Tage ab Prüfdatum. Zulassung nach Bewertungsmatrix (Eigenproduktion, Nachhaltigkeit, Attraktivität). Kein Rechtsanspruch."
bad-sodener-weihnachtsmarkt-2026-bad-soden,Bad Sodener Weihnachtsmarkt 2026,Weihnachtsmarkt,Bad Soden am Taunus,Hessen,DE,"Alter Kurpark, Königsteiner Straße 86",2026-09-30,Bewerbungszeitraum für Standbetreiber vom 05.01. bis 30.09.2026,05.12.-06.12.2026,Online über den offiziellen Link für Standbetreiber,"Abteilung Kultur und Veranstaltungen, Königsteiner Straße 77, 65812 Bad Soden am Taunus",Michael Reitinger,michael.reitinger@stadt-bad-soden.de,+49 6196 208-413,https://www.bad-soden.de/freizeit/veranstaltungen-feste/weihnachtsmarkt/,bad-soden.de,official,2026-08-03,research-2026-08-03-bw-he,verified,"Bewerbung für Händler, Gastronomie und weitere Standbetreiber über die Stadtseite."
bad-toelzer-ostermarkt-2027,Bad Tölzer Ostermarkt 2027,Ostermarkt,Bad Tölz,Bayern,DE,Marktstraße Bad Tölz,2026-09-30,Abgabetermin: 30.09.2026,19.03.-29.03.2027,Offizielles Formular mit Standbeschreibung und Foto per E-Mail einreichen,"Stadt Bad Tölz, Referat für Tourismus und Kultur, Max-Höfler-Platz 1, 83646 Bad Tölz",Nadine Stadler,ostermarkt@bad-toelz.de,08041 7867-20,https://www.bad-toelz.de/_Resources/Persistent/4/d/1/c/4d1c3b2a0fd59895745799b08488567a9dd0b578/Formular%20Bewerbung%202027.pdf,bad-toelz.de,official,2026-08-03,by-2027-deep-rb-oberbayern,verified,"Das offizielle Bewerbungsformular 2027 bestätigt Veranstaltungszeitraum, Warengruppen, Bewerbungsweg und Abgabetermin."
biberacher-christkindlesmarkt-mitmachhuette-2026-biberach,Biberacher Christkindles-Markt 2026 - Mitmachhütte,Weihnachtsmarkt / Wechselhütte,Biberach an der Riß,Baden-Württemberg,DE,Biberacher Innenstadt,2026-09-30,Bewerbungsschluss für die Mitmachhütte ist am 30.09.2026,Biberacher Christkindles-Markt 2026,Offizielles Bewerbungsformular für die Mitmachhütte,,Biberacher Christkindles-Markt,,,https://pages.biberach-riss.de/Christkindles-Markt/%C3%9Cber-den-Markt/,pages.biberach-riss.de,official,2026-08-03,research-2026-08-03-bw-he,partial,Nur die besondere Mitmachhütte ist noch offen; die reguläre Marktbeschickerfrist endete am 30.06.2026.
demopark-2027-hoerselberg-hainich,demopark 2027,Themenmesse / Freilandausstellung,Hörselberg-Hainich,Thüringen,DE,Flugplatz Eisenach-Kindel,2026-09-30,Anmeldeschluss ist der 30. September 2026.,20. bis 22. Juni 2027,Online-Anmeldung für Neu- oder Bestandsaussteller,"Am Flugplatz 1, 99820 Hörselberg-Hainich",demopark Ausstellerservice,,,https://demopark.de/aussteller/anmeldung,demopark.de,official,2026-08-03,research-2026-08-03-gap-maerkte,verified,Offizielle Ausstelleranmeldung für die Freilandausstellung mit Ausstellungs- und Demonstrationsflächen.
ibo-2027-friedrichshafen,IBO 2027,Publikumsmesse,Friedrichshafen,Baden-Württemberg,DE,Messe Friedrichshafen,2026-09-30,Anmeldung erbeten bis 30.09.2026,17.03.-21.03.2027,Online-Standanmeldung oder offizielles Anmeldeformular,"Messe Friedrichshafen GmbH, Neue Messe 1, 88046 Friedrichshafen",IBO-Projektteam,,+49 7541 708-185 / -448 / -422,https://cdn.messe-friedrichshafen.de/assets/ibo/Anmeldeformulare/2027/IBO27_Besondere_Teilnahmebedingungen_DE.pdf?v=1782125770,cdn.messe-friedrichshafen.de,official,2026-08-03,bw-2027-deep-rb-tuebingen,verified,Die offiziellen Besonderen Teilnahmebedingungen bestätigen Messetermin und Anmeldetermin; Direktverkauf ist im Rahmen der Bedingungen möglich.
kinderzeche-2027-schiesswasen-dinkelsbuehl,Kinderzeche 2027 - Schießwasen,Heimatfest / Volksfest,Dinkelsbühl,Bayern,DE,Schießwasen,2026-09-30,Bewerbungen bis 30. September 2026.,16.07.-21.07.2027,"Schriftliche Bewerbung mit aktuellem Lichtbild, Stromanschlusswerten, maßstabsgetreuem Grundriss sowie Anzahl und Größe der mitgeführten Fahrzeuge.","Stadt Dinkelsbühl, Amt für öffentliche Ordnung, Postfach 350, 91544 Dinkelsbühl",Amt für öffentliche Ordnung,info@dinkelsbuehl.de,+49 9851 902-0,https://www.dinkelsbuehl.de/deutsch/alle/stadt-dinkelsbuehl/aktuelles/1380/bewerbung-zur-kinderzeche-2027,dinkelsbuehl.de,official,2026-08-03,by-2027-deep-rb-mittelfranken,verified,"Die offizielle Stadtmeldung bestätigt Veranstaltung, Schießwasen-Bewerbung, Unterlagen und Frist. Die Quelle bezeichnet den Zeitraum wörtlich als 'Freitag, 16. bis Sonntag, 21.07.2027'; übernommen wurden nur die ausdrücklich genannten Kalenderdaten."
greifswald-kunsthandwerkermarkt-2026-greifswald,Kunsthandwerkermarkt im Rathauskeller Greifswald 2026,Kunsthandwerkermarkt,Greifswald,Mecklenburg-Vorpommern,DE,Rathauskeller Greifswald,2026-09-30,Bewerbungen werden jährlich bis zum 30. September entgegengenommen.,"An den Adventwochenenden November bis Dezember, jeweils Freitag bis Sonntag.",Online-Bewerbung über das Bewerbungsformular auf der Seite der Universitaets- und Hansestadt Greifswald.,"Universitaets- und Hansestadt Greifswald, Amt für Bürgerservice und Brandschutz, Fachbereich Märkte und Veranstaltungen, Markt, 17489 Greifswald",Fachbereich Märkte und Veranstaltungen,markt@greifswald.de,+49 3834 8536-4380,https://www.greifswald.de/de/urlaub-kultur/veranstaltungen/maerkte/kunsthandwerkermarkt/,greifswald.de,official,2026-08-03,nord-ost-2027-deep-vertiefung,partial,"Die Stadt nennt den Bewerbungsschluss als feste jährliche Regel. Zweite Rufnummer: +49 3834 8536-2866. Laeuft parallel zum Greifswalder Weihnachtsmarkt (26.11.-21.12.2026), für den keine eigene Frist ausgewiesen ist."
mendener-pfingstkirmes-2027-menden,Mendener Pfingstkirmes 2027,Kirmes,Menden,Nordrhein-Westfalen,DE,Innenstadt Menden,2026-09-30,30.09.2026,Pfingstkirmes 2027,Online-Service der Stadt Menden,"Stadt Menden, Team Sicherheit und Ordnung, 58706 Menden",Team Sicherheit und Ordnung,,,https://www.menden.de/buergerservice-rathaus/buergerdienste-sicherheit-ordnung/kirmes/dienstleistung/show/bewerbung-pfingstkirmes,menden.de,official,2026-08-03,research-2026-08-03-main-web,partial,Bewerbungsverfahren wird laut offizieller Seite im August 2026 geöffnet. | Das Online-Verfahren für 2027 soll laut offizieller Seite im August 2026 geöffnet werden; die Frist ist ausdrücklich bestätigt. Eine Postanschrift ist auf der geprüften Bewerbungsseite nicht angegeben.
neuburger-volksfest-2027-neuburg-donau,Neuburger Volksfest 2027,Volksfest,Neuburg an der Donau,Bayern,DE,Volksfestplatz Neuburg an der Donau,2026-09-30,Bewerbungsschluss für alle Bewerber ist jeweils der 30. September des Vorjahres,"30.07.-08.08.2027 gemäß der offiziellen Regel: Beginn am Freitag des letzten Juliwochenendes, Dauer zehn Tage",Schriftliche Bewerbung mit vollständigen Angaben und aktuellem Bildmaterial,"Stadt Neuburg an der Donau, Ordnungsamt, Amalienstraße A 54, 86633 Neuburg an der Donau","Frau Morina, Öffentliche Sicherheit und Ordnung",,08431 55-423,https://www.neuburg-donau.de/rathaus/aufgaben-und-dienstleistungen/Volksfest_id2794,neuburg-donau.de,official,2026-08-03,by-2027-deep-rb-oberbayern,partial,"Die Stadt veröffentlicht eine dauerhaft verbindliche Termin- und Fristenregel. ISO-Frist und 2027-Termin sind unmittelbar aus dieser offiziellen Regel berechnet, nicht aus einer Vorjahresausschreibung übertragen."
niddaer-weihnachtsmarkt-2026-nidda,Niddaer Weihnachtsmarkt 2026,Weihnachtsmarkt,Nidda,Hessen,DE,Nidda,2026-09-30,Die Bewerbungsfrist endet am 30. September 2026,2026; Samstag und Sonntag,Bewerbung nach den offiziellen Teilnahmebedingungen der Stadt Nidda,Stadt Nidda,Stadt Nidda,,,https://www.nidda.de/kultur/maerkte/niddaer-weihnachtsmarkt/teilnahmebedingungen-niddaer-weihnachtsmarkt-2026.pdf?cid=1fds,nidda.de,official,2026-08-03,research-2026-08-03-bw-he,partial,Offizielle Quelle und Frist sind bestätigt; ein konkretes Veranstaltungsdatum und Kontaktdaten stehen in der geprüften Quelle nicht eindeutig zur Verfügung. | Offizielle Teilnahmebedingungen der Stadt Nidda.
oecher-osterbend-2027-aachen,Öcher Osterbend 2027,Volksfest / Kirmes,Aachen,Nordrhein-Westfalen,DE,Bendplatz Aachen,2026-09-30,Einreichungsfrist für die Bewerbungsunterlagen ist der 30. September 2026,20.03.-12.04.2027; dienstags und Karfreitag geschlossen,Online-Bewerbung oder schriftlich mit dem offiziellen Bewerbungsformular,"Aachen Event, Monheimsallee 48, 52062 Aachen","Thomas Greven, Projektleitung Eigenveranstaltungen und Bendplatz",tgreven@aachen-event.com,+49 241 9131 225,https://www.aachen-event.com/fileadmin/downloads/locations/bendplatz/dokumente/OEcherBend_Ausschreibung_2027.pdf,aachen-event.com,official,2026-08-03,research-2026-08-03-de-gap,verified,Für Oster- und Sommerbend sowie jedes Geschäft ist jeweils eine gesonderte Bewerbung erforderlich.
oecher-sommerbend-2027-aachen,Öcher Sommerbend 2027,Volksfest / Kirmes,Aachen,Nordrhein-Westfalen,DE,Bendplatz Aachen,2026-09-30,Einreichungsfrist für die Bewerbungsunterlagen ist der 30. September 2026,06.08.-16.08.2027,Online-Bewerbung oder schriftlich mit dem offiziellen Bewerbungsformular,"Aachen Event, Monheimsallee 48, 52062 Aachen","Thomas Greven, Projektleitung Eigenveranstaltungen und Bendplatz",tgreven@aachen-event.com,+49 241 9131 225,https://www.aachen-event.com/fileadmin/downloads/locations/bendplatz/dokumente/OEcherBend_Ausschreibung_2027.pdf,aachen-event.com,official,2026-08-03,research-2026-08-03-de-gap,verified,Für Oster- und Sommerbend sowie jedes Geschäft ist jeweils eine gesonderte Bewerbung erforderlich.
palmkirmes-2027-recklinghausen,Palmkirmes Recklinghausen 2027,Volksfest / Kirmes,Recklinghausen,Nordrhein-Westfalen,DE,Saatbruchgelände Recklinghausen,2026-09-30,"Die Stadt Recklinghausen setzt den Bewerbungsschluss jeweils auf den 30. September des Vorjahres, fuer die Palmkirmes 2027 also auf den 30.09.2026. Verspaetet oder unvollstaendig eingehende Bewerbungen koennen nicht beruecksichtigt werden.",12. bis 21. Maerz 2027,Schriftliche Bewerbung per Post. Von persoenlichen Besuchen und Vorsprachen bittet die Stadt abzusehen.,"Stadt Recklinghausen, BgA Jahrmaerkte, 45655 Recklinghausen",BgA Jahrmaerkte der Stadt Recklinghausen,,,https://www.recklinghausen.de/inhalte/startseite/freizeit_tourismus/_details.asp?form=detail&db=513&id=27671,recklinghausen.de,official,2026-08-04,nrw-ruhr-ost-2026-08,partial,"Eine der aeltesten Kirmessen Deutschlands, seit 1956 auf dem Saatbruchgelände. Der Veranstaltungstermin 2027 ist offiziell bestaetigt, das Fristdatum ist aus dem wiederkehrenden Verfahren abgeleitet (Palmkirmes 2024: 30.09.2023). Die Ausschreibung fuer 2027 war zum Pruefzeitpunkt noch nicht veroeffentlicht."
passauer-herbstdult-2027-passau,Passauer Herbstdult 2027,Dult / Volksfest,Passau,Bayern,DE,Passau,2026-09-30,Bewerbungen sind bis spaetestens 30. September 2026 einzureichen. Die Bewerbung muss zwingend mit dem Formblatt der Stadt Passau erfolgen; Bewerbungen ohne Formblatt werden von der Auswahlentscheidung ausgeschlossen.,Herbst 2027; der genaue Termin ist noch nicht veroeffentlicht.,Schriftlich oder per E-Mail mit dem Formblatt der Stadt Passau.,"Stadt Passau, DSt. Veranstaltungen, Rathausplatz 2, 94032 Passau","Susanna Braun, DSt. Veranstaltungen",susanna.braun@passau.de,,https://www.passauer-dult.de/ausschreibungen.html,passauer-dult.de,official,2026-08-04,de-2026-08-regelfristen-02,partial,"Zweite Passauer Dult im Jahr, gemeinsame Frist mit der Maidult, aber getrennte Bewerbung."
passauer-maidult-2027-passau,Passauer Maidult 2027,Dult / Volksfest,Passau,Bayern,DE,Passau,2026-09-30,Bewerbungen sind bis spaetestens 30. September 2026 einzureichen. Die Bewerbung muss zwingend mit dem Formblatt der Stadt Passau erfolgen; Bewerbungen ohne Formblatt werden von der Auswahlentscheidung ausgeschlossen.,Fruehjahr 2027; der genaue Termin ist noch nicht veroeffentlicht.,Schriftlich oder per E-Mail mit dem Formblatt der Stadt Passau.,"Stadt Passau, DSt. Veranstaltungen, Rathausplatz 2, 94032 Passau","Susanna Braun, DSt. Veranstaltungen",susanna.braun@passau.de,,https://www.passauer-dult.de/ausschreibungen.html,passauer-dult.de,official,2026-08-04,de-2026-08-regelfristen-02,partial,"Die Stadt Passau schreibt Maidult und Herbstdult mit gemeinsamer Frist aus, verlangt aber getrennte Bewerbungen je Veranstaltung."
puetzchens-markt-2027-bonn,Pützchens Markt 2027,Jahrmarkt / Volksfest,Bonn,Nordrhein-Westfalen,DE,Pützchen-Bechlinghoven,2026-09-30,30.09.2026 (Frist ist der 30. September des Vorjahres),Rund um den zweiten Sonntag im September 2027,Schriftliche Bewerbung,"Stadtverwaltung Bonn, Bürgerdienste 33-52, Bewerbung für Pützchens Markt, Berliner Platz 2, 53111 Bonn",Leistungszentrum Märkte,markt@bonn.de,0228 772547,https://www.bonn.de/vv/produkte/Puetzchens-Markt-Bewerbung.php,bonn.de,official,2026-08-03,research-2026-08-03-nrw,verified,Die offizielle Seite definiert die Frist dauerhaft als 30. September des Vorjahres.
schweinfurter-volksfest-2027-schweinfurt,Schweinfurter Volksfest 2027,Volksfest,Schweinfurt,Bayern,DE,Volksfestplatz Schweinfurt,2026-09-30,"Die Stadt Schweinfurt setzt den Bewerbungsschluss jeweils auf den 30. September des Vorjahres. Für den Jahrgang 2026 hieß es wörtlich: „Bewerbungen sind bis spätestens 30. September 2025"" einzureichen; für das Volksfest 2027 ergibt sich daraus der 30.09.2026.",Juni 2027; der genaue Termin ist noch nicht veröffentlicht. Zum Vergleich: 2026 vom 5. bis 14. Juni.,Schriftliche Bewerbung beim Amt für öffentliche Ordnung der Stadt Schweinfurt; Bewerbungsformular auf der Volksfestseite.,"Stadt Schweinfurt, Amt für öffentliche Ordnung, Markt 1, 97421 Schweinfurt",Amt für öffentliche Ordnung der Stadt Schweinfurt,,,https://volksfest-schweinfurt.de/fuer-schausteller/,volksfest-schweinfurt.de,official,2026-08-04,de-2026-08-luecken-ost-sued-01,partial,"Eines der größten Volksfeste Unterfrankens. Das Fristdatum ist aus der wiederkehrenden Regel abgeleitet; die Ausschreibung für 2027 war zum Prüfzeitpunkt noch nicht veröffentlicht. Vor der Bewerbung den Stand auf der Seite „Für Schausteller"" prüfen."
teublitzer-weihnachtsmarkt-2026-teublitz,Teublitzer Weihnachtsmarkt 2026,Weihnachtsmarkt,Teublitz,Bayern,DE,Stadtpark Teublitz,2026-09-30,Anmeldeschluss ist der 30. September 2026.,4. bis 6. Dezember 2026,Online-Formular der Stadt Teublitz unter www.teublitz.de/bewerbung-weihnachtsmarkt.,"Stadt Teublitz, Kulturamt, Platz der Freiheit 7, 93158 Teublitz",Kulturamt der Stadt Teublitz,veranstaltungen@teublitz.de,09471 9922-16,https://www.teublitz.de/bewerbung-weihnachtsmarkt,teublitz.de,official,2026-08-03,de-2026-08-breitensuche-01,verified,Zweite Rufnummer: 09471 9922-40.
verdener-domweih-2027,Verdener Domweih 2027,Volksfest,Verden (Aller),Niedersachsen,DE,,2026-09-30,Bewerbung von Schaustellerinnen und Schaustellern für die Domweih 2027 per E-Mail bis 30.09.2026,5. bis 10. Juni 2027,Bewerbung per E-Mail an verkehr@verden.de,,Stadt Verden (Aller),verkehr@verden.de,,https://www.domweih.de/portal/seiten/aktuelles-907000941-20680.html,domweih.de,official,2026-09-19,named-nord-2026-09,partial,"Offizielle Domweih-Seite der Stadt Verden, geprüft am 2026-09-19. Postadresse und Telefon nicht erfasst."
voerder-weihnachtsmarkt-2026-voerde,Voerder Weihnachtsmarkt 2026,Weihnachtsmarkt,Voerde,Nordrhein-Westfalen,DE,Voerde,2026-09-30,Die Bewerbungsfrist laeuft bis zum 30.09.2026.,11. bis 13. Dezember 2026,Bewerbung über die Seite der Stadt Voerde für einen Standplatz oder eine Holzhuette.,"Stadt Voerde, Voerde",Stadt Voerde,,,https://www.voerde.de/bewerbung-stand-weihnachtsmarkt,voerde.de,official,2026-08-03,de-2026-08-breitensuche-05,partial,"Achtung: voerde.de blockiert automatisierte Abrufe (HTTP 403). Frist und Termin stammen aus der Indexierung derselben offiziellen Stadtseite, nicht aus einer eigenen Sichtung. Kontaktdaten konnten nicht ermittelt werden; vor Nutzerkommunikation gegenpruefen."
volksfeste-zirkus-kulturpark-2027-neubrandenburg,Volksfeste und Zirkusgastspiele Kulturpark 2027,Volksfest / Zirkusgastspiel,Neubrandenburg,Mecklenburg-Vorpommern,DE,"Veranstaltungsplatz im Kulturpark, Schillerstraße",2026-09-30,"Die Stadt Neubrandenburg schreibt wörtlich: „Für die Durchführung von Volksfesten/Pressefesten und Zirkusgastspielen ist der Antrag bis 30. September des Vorjahres zu stellen."" Für 2027 ergibt sich daraus der 30.09.2026.","Ganzjährig 2027, je nach beantragten Nutzungstagen. Die Entscheidung über die Anträge fällt im Spätherbst des Vorjahres.","Formloser schriftlicher Antrag mit Angaben zu Nutzungstagen, Veranstaltungszweck, Energie- und Wasserbedarf sowie benötigter Fläche.","Stadt Neubrandenburg, Fachbereich Kultur, Stadtmarketing, Schule und Sport, Sachgebiet Stadtmarketing, Friedrich-Engels-Ring 53, 17033 Neubrandenburg","Fachbereich Kultur, Stadtmarketing, Schule und Sport",,0395 555-0,https://www.neubrandenburg.de/Sport-Kultur/Veranstaltungen/Nutzung-des-Veranstaltungsplatzes-im-Kulturpark-Schillerstra%C3%9Fe.php,neubrandenburg.de,official,2026-08-04,de-2026-08-luecken-ost-sued-01,partial,"Dauerregel der Stadt, gilt für den gesamten Veranstaltungsplatz und damit für mehrere Volksfeste eines Jahrgangs. Wer 2027 in Neubrandenburg einen Platz will, muss bis zum 30.09.2026 beantragt haben."
weihnachtsmarkt-schwaebisch-hall-2026,Weihnachtsmarkt Schwäbisch Hall 2026 (Dauerstand/Wechselhütten),Weihnachtsmarkt,Schwäbisch Hall,Baden-Württemberg,DE,Marktplatz Schwäbisch Hall,2026-09-30,Bewerbungen müssen bis zum 30. September (2026) an stadtmarketing@schwaebischhall.de gesendet werden,"ca. 26./27.11.-20./21.12.2026 (Angaben abweichend, nicht abschließend geprüft)",E-Mail bzw. Bewerbungsportale für Dauerstände und Wechselstände; Markthütten werden von der Stadt gestellt,,,stadtmarketing@schwaebischhall.de,,https://www.schwaebischhall.de/de/kultur-tourismus/feste-highlights/weihnachtsmarkt,schwaebischhall.de,official,2026-09-19,named-bwhe-2026-09,partial,VORBEHALT: Die Stadtseite lieferte beim direkten Abruf nur Cookie-Gerüst; das Datum 30.09. stammt aus einem Suchauszug dieser offiziellen Seite und ist nicht durch direkten Seitentext bestätigt. Zielgruppe laut Auszug v. a. Kunsthandwerk. Löst den bisherigen review_candidate ab; Frist in 11 Tagen.
weimarer-weihnacht-2026-wechselhuette,Weimarer Weihnacht 2026 - Wechselhütte (Einzelhändler),Weihnachtsmarkt,Weimar,Thüringen,DE,"Theaterplatz, Marktplatz, Frauenplan, Schillerstraße, Herderplatz",2026-09-30,Für die Wechselhütte können sich einzelne Händler für einen oder mehrere Tage bis zum 30.09.2026 anmelden; Bewerbung über das Thavel-Formular,29.11.2026-03.01.2027 (Theaterplatz/Marktplatz); 29.11.-29.12.2026 (übrige Flächen),Thavel-Online-Formular (Teilnahmeantrag Wechselhütte),"Stadtverwaltung Weimar, Bereich Märkte, Markt 1, 99423 Weimar",Marktmeisterin A. Heßler / Sachbearbeiterinnen Märkte,maerkte@stadtweimar.de,03643 762-482 / -483 / -485,https://stadt.weimar.de/de/haendlerinformationen-weihnachtsmarkt.html,stadt.weimar.de,official,2026-09-19,named-ost-2026-09,verified,Nur die Wechselhütte (Tagesplätze) hat die Frist 30.09.2026; für reguläre Stände nennt die Seite allgemein 'spätestens 30. April'. Die Vereinshütte (nur eingetragene Vereine) hat dieselbe Frist und ist hier nicht gemeint. Ein früherer Log-Eintrag mit Frist 30.04.2026 bezog sich auf die regulären Stände.
wochenmarkt-friedrichstrasse-2027-schleswig,Wochenmarkt Friedrichstraße Schleswig 2027,Wochenmarkt / Dauerstandplatz,Schleswig,Schleswig-Holstein,DE,Parkplatz vor dem Gebäude Friedrichstraße 75,2026-09-30,Antraege für Dauerstandplaetze 2027 sind bis zum 30.09.2026 zu stellen.,"01.01.-31.12.2027; jeweils Donnerstag, 07:00-13:00 Uhr",Schriftlicher Antrag beim Ordnungsamt - Marktwesen,"Stadt Schleswig, Ordnungsamt - Marktwesen, Rathausmarkt 1, 24837 Schleswig",Julian Martens,j.martens@schleswig.de,814-322,https://www.schleswig.de/verwaltung-politik/satzungen-ortsrecht-ksh-recht/details/rechtsnorm/marktsatzung-der-stadt-schleswig-268952695,schleswig.de,official,2026-08-03,research-2026-08-03-sh,verified,"Die offizielle Marktsatzung nennt die Frist für Dauerstandplaetze, den Standort Friedrichstraße 75 sowie Markttag und Marktzeit. Kontaktdaten stammen aus dem offiziellen Wochenmarkt-Bewerbungsformular der Stadt."
wochenmarkt-marktplatz-2027-halle,Wochenmarkt Marktplatz Halle 2027,Wochenmarkt,Halle (Saale),Sachsen-Anhalt,DE,Marktplatz Halle (Saale),2026-09-30,30.09.2026,07.01.-30.10.2027,Schriftlich per Post,"Stadt Halle (Saale), Fachbereich Sicherheit, Abteilung Stadtordnung, Team Sondernutzung/Märkte, Marktplatz 1, 06108 Halle (Saale)",Herr Arentz,maerkte@halle.de,0345 221-1378,https://halle.de/verwaltung-stadtrat/stadtpolitik-und-ortsrecht/ausschreibungen-und-vergaben/ausschreibungen/wochenmarkt-marktplatz,halle.de,official,2026-08-03,research-2026-08-03-sn-st-th,verified,Maßgebend ist der Posteingang bei der Stadt Halle (Saale).
wochenmarkt-neustadt-2027-halle,Wochenmarkt Neustadt Halle 2027,Wochenmarkt,Halle (Saale),Sachsen-Anhalt,DE,"Wochenmarkt Neustadt, Albert-Einstein-Straße",2026-09-30,30.09.2026,07.01.-23.12.2027,Schriftlich per Post,"Stadt Halle (Saale), Fachbereich Sicherheit, Abteilung Stadtordnung, Team Sondernutzung/Märkte, Marktplatz 1, 06108 Halle (Saale)",Herr Arentz,maerkte@halle.de,0345 221-1378,https://halle.de/verwaltung-stadtrat/stadtpolitik-und-ortsrecht/ausschreibungen-und-vergaben/ausschreibungen/wochenmarkt-neustadt,halle.de,official,2026-08-03,research-2026-08-03-sn-st-th,verified,Maßgebend ist der Posteingang bei der Stadt Halle (Saale).
wochenmarkt-rathausmarkt-2027-schleswig,Wochenmarkt Rathausmarkt Schleswig 2027,Wochenmarkt / Dauerstandplatz,Schleswig,Schleswig-Holstein,DE,Rathausmarkt,2026-09-30,Antraege für Dauerstandplaetze 2027 sind bis zum 30.09.2026 zu stellen.,"01.01.-31.12.2027; jeweils Mittwoch, 07:00-13:00 Uhr",Schriftlicher Antrag beim Ordnungsamt - Marktwesen,"Stadt Schleswig, Ordnungsamt - Marktwesen, Rathausmarkt 1, 24837 Schleswig",Julian Martens,j.martens@schleswig.de,814-322,https://www.schleswig.de/verwaltung-politik/satzungen-ortsrecht-ksh-recht/details/rechtsnorm/marktsatzung-der-stadt-schleswig-268952695,schleswig.de,official,2026-08-03,research-2026-08-03-sh,verified,"Die offizielle Marktsatzung nennt die Frist für Dauerstandplaetze, den Rathausmarkt als Wochenmarkt sowie Markttag und Marktzeit. Kontaktdaten stammen aus dem offiziellen Wochenmarkt-Bewerbungsformular der Stadt."
wochenmarkt-stadtfeld-2027-schleswig,Wochenmarkt Stadtfeld Schleswig 2027,Wochenmarkt / Dauerstandplatz,Schleswig,Schleswig-Holstein,DE,Stadtfeld,2026-09-30,Antraege für Dauerstandplaetze 2027 sind bis zum 30.09.2026 zu stellen.,"01.01.-31.12.2027; jeweils Sonnabend sowie am 24. und 31. Dezember, 07:00-13:00 Uhr",Schriftliche Bewerbung beim Ordnungsamt - Marktwesen; offizielles Bewerbungsformular vorhanden,"Stadt Schleswig, Fachdienst Ordnung und Bürgerangelegenheiten - Marktangelegenheiten, Rathausmarkt 1, 24837 Schleswig",Julian Martens,j.martens@schleswig.de,814-322,https://www.schleswig.de/fileadmin/download/II_FB_Bildung__Kultur_und_Ordnung/FD_Ordnung_und_Buergerangelegenheiten/Marktwesen_Gewerbeangelegenheiten/Bewerbung_Wochenmarkt.pdf,schleswig.de,official,2026-08-03,research-2026-08-03-sh,verified,"Das offizielle Bewerbungsformular nennt die Frist 30.09. des aktuellen Jahres; die Marktsatzung bestätigt Dauer, Markttage und Marktzeiten."
wochenmarkt-vogelweide-2027-halle,Wochenmarkt Vogelweide Halle 2027,Wochenmarkt,Halle (Saale),Sachsen-Anhalt,DE,Wochenmarkt Vogelweide,2026-09-30,30.09.2026,07.01.-23.12.2027,Schriftlich per Post,"Stadt Halle (Saale), Fachbereich Sicherheit, Abteilung Stadtordnung, Team Sondernutzung/Märkte, Marktplatz 1, 06108 Halle (Saale)",Herr Arentz,maerkte@halle.de,0345 221-1378,https://halle.de/verwaltung-stadtrat/stadtpolitik-und-ortsrecht/ausschreibungen-und-vergaben/ausschreibungen/wochenmarkt-vogelweide,halle.de,official,2026-08-03,research-2026-08-03-sn-st-th,verified,Maßgebend ist der Posteingang bei der Stadt Halle (Saale).
wuerzburger-fruehjahrsvolksfest-2027-wuerzburg,Würzburger Frühjahrsvolksfest 2027,Volksfest,Würzburg,Bayern,DE,Talavera,2026-09-30,30. September 2026,06.03.-21.03.2027,Online oder schriftlich per Post mit offiziellem Bewerbungsbogen,"Stadt Würzburg, FB Allgemeine Bürgerdienste, Volksfeste, Rückermainstraße 2, 97070 Würzburg","FB Allgemeine Bürgerdienste, Volksfeste",info@stadt.wuerzburg.de,0931 37-0,https://www.wuerzburg.de/events-termine/kilianivolksfest/bewerbungfuervolksfeste,wuerzburg.de,official,2026-08-03,research-2026-08-03-bayern,verified,Für jedes Geschäft und jede Veranstaltung ist eine separate Bewerbung erforderlich.
wuerzburger-kiliani-volksfest-2027-wuerzburg,Würzburger Kiliani-Volksfest 2027,Volksfest,Würzburg,Bayern,DE,Talavera,2026-09-30,30. September 2026,02.07.-18.07.2027,Online oder schriftlich per Post mit offiziellem Bewerbungsbogen,"Stadt Würzburg, FB Allgemeine Bürgerdienste, Volksfeste, Rückermainstraße 2, 97070 Würzburg","FB Allgemeine Bürgerdienste, Volksfeste",info@stadt.wuerzburg.de,0931 37-0,https://www.wuerzburg.de/events-termine/kilianivolksfest/bewerbungfuervolksfeste,wuerzburg.de,official,2026-08-03,research-2026-08-03-bayern,verified,Für jedes Geschäft und jede Veranstaltung ist eine separate Bewerbung erforderlich.
giessener-fruehjahrsmesse-2027,Gießener Frühjahrsmesse 2027,Frühjahrsmesse / Volksfest,Gießen,Hessen,DE,Messeplatz an der Ringallee,2026-10-01,Bewerbungsschluss 2027: 1. Oktober 2026,"Ab dem letzten Samstag im März 2027, Dauer 16 Tage",Offizielles digital ausfüllbares Bewerbungsformular,"Giessen Marketing GmbH, Suedanlage 4, 35390 Giessen",Gießen Marketing GmbH,marketing@giessen.de,+49 641 3061880,https://giessen-entdecken.de/bewerbungen/,giessen-entdecken.de,official,2026-08-03,research-2026-08-03-gap-maerkte,partial,"Die offizielle Seite nennt Fahr-, Lauf-, Spiel-, Imbiss- und Süßwarengeschäfte als Zielgruppen. Kontaktdaten im August 2026 aus der offiziellen Quelle ergaenzt."
giessener-herbstmesse-2027,Gießener Herbstmesse 2027,Herbstmesse / Volksfest,Gießen,Hessen,DE,Messeplatz an der Ringallee,2026-10-01,Bewerbungsschluss 2027: 1. Oktober 2026,"Ab dem letzten Samstag im September 2027, Dauer 9 Tage",Offizielles digital ausfüllbares Bewerbungsformular,"Giessen Marketing GmbH, Suedanlage 4, 35390 Giessen",Gießen Marketing GmbH,marketing@giessen.de,+49 641 3061880,https://giessen-entdecken.de/bewerbungen/,giessen-entdecken.de,official,2026-08-03,research-2026-08-03-gap-maerkte,partial,"Die offizielle Seite nennt Fahr-, Lauf-, Spiel-, Imbiss- und Süßwarengeschäfte als Zielgruppen. Kontaktdaten im August 2026 aus der offiziellen Quelle ergaenzt."
goeppinger-maientag-2027-goeppingen,Göppinger Maientag 2027,Heimatfest / Volksfest,Göppingen,Baden-Württemberg,DE,Festgelände rund um die EWS Arena,2026-10-01,01.10.2026; verspätete Bewerbungen sind ausgeschlossen,11.06.-14.06.2027,Bewerbung per Post oder E-Mail,"Stadt Göppingen, Kulturbüro-Maientag, Freihofstraße 46, 73033 Göppingen","Christopher Flämig, Festplatz-Bewerbungen",maientag@goeppingen.de,07161 650-40012,https://www.goeppingen.de/start/erleben/bewerbungen%2Bmaientag%2B2027.html,goeppingen.de,official,2026-08-03,bw-2027-deep-rb-stuttgart,verified,"Die veranstaltungsspezifische Bewerbungsseite der Stadt bestätigt Termin, Ausschlussfrist, Einreichungswege und Ansprechpartner für Festplatzbewerbungen."
heidelberger-weihnachtsmarkt-buergerhuette-2026-heidelberg,Heidelberger Weihnachtsmarkt 2026 - Bürgerhütte,Weihnachtsmarkt / Wechselhütte,Heidelberg,Baden-Württemberg,DE,Heidelberger Altstadt,2026-10-01,Verlängerte Bewerbungsfrist für die Bürgerhütte bis 1. Oktober 2026,23.11.-22.12.2026; Winterwäldchen bis 01.01.2027,Online über das offizielle Bewerbungsformular Bürgerhütte,"Heidelberg Marketing GmbH, Neuenheimer Landstraße 5, 69120 Heidelberg",Event-Team Heidelberg Marketing GmbH,events@heidelberg-marketing.de,+49 6221 58 44 444,https://www.heidelberg-marketing.de/veranstaltungen/partner-werden,heidelberg-marketing.de,official,2026-08-03,research-2026-08-03-bw-he,verified,"Nur die Bürgerhütte hat eine verlängerte Frist; die reguläre Bewerbungsfrist für Gastronomie, Waren und Fahrgeschäfte ist abgelaufen."
herbstlibori-2027-paderborn,Herbstlibori Paderborn 2027,Herbstvolksfest / Kirmes,Paderborn,Nordrhein-Westfalen,DE,Paderborn,2026-10-01,Die Stadt Paderborn nennt als voraussichtliches Fristende den 1. Oktober 2026; Bewerbungen sind voraussichtlich ab Ende August 2026 möglich.,23.10. bis 31.10.2027,Elektronisch über das Online-Formular unter www.paderborn.de/maerkte. Verspaetete Bewerbungen werden grundsaetzlich nicht berücksichtigt.,"Stadt Paderborn, Amt für Öffentlichkeitsarbeit und Stadtmarketing, Am Abdinghof 11, 33098 Paderborn",Amt für Öffentlichkeitsarbeit und Stadtmarketing,,05251 88-0,https://www.paderborn.de/microsite/maerkte/volksfeste/index.php,paderborn.de,official,2026-08-03,nrw-2027-deep-grossveranstaltungen,partial,"Frist von der Stadt ausdruecklich als voraussichtlich gekennzeichnet, Veranstaltungstermin 2027 offiziell bestätigt."
ibbenbuerener-grosskirmes-2027-ibbenbueren,Ibbenbürener Großkirmes 2027,Kirmes / Volksfest,Ibbenbüren,Nordrhein-Westfalen,DE,Innenstadt Ibbenbüren,2026-10-01,01.10.2026,03.09.-06.09.2027,"Schriftlich, vorzugsweise per E-Mail","Stadtmarketing Ibbenbüren GmbH, Neumarkt 39, 49477 Ibbenbüren",Stadtmarketing Ibbenbüren GmbH,kirmes@ibbenbueren.info,05451 545450,https://www.ibbenbueren.info/freizeit/events-und-veranstaltungen/grosskirmes/,ibbenbueren.info,official,2026-08-03,research-2026-08-03-nrw,verified,"Bewerbungen müssen die auf der Quelle genannten Geschäfts-, Maß-, Fahrzeug- und Gewerbeangaben enthalten."
laggenbecker-kirmes-2027-ibbenbueren,Laggenbecker Kirmes 2027,Kirmes,Ibbenbüren,Nordrhein-Westfalen,DE,Laggenbeck,2026-10-01,01.10.2026,24.07.-26.07.2027,"Schriftlich, vorzugsweise per E-Mail","Stadtmarketing Ibbenbüren GmbH, Neumarkt 39, 49477 Ibbenbüren",Stadtmarketing Ibbenbüren GmbH,kirmes@ibbenbueren.info,05451 545450,https://www.ibbenbueren.info/freizeit/events-und-veranstaltungen/kirmes-laggenbeck/,ibbenbueren.info,official,2026-08-03,research-2026-08-03-nrw,verified,"Bewerbungen müssen die auf der Quelle genannten Geschäfts-, Maß-, Fahrzeug- und Gewerbeangaben enthalten."
libori-vnb-2027-paderborn,Libori Veranstaltungsnaher Bereich Paderborn 2027,Verkaufsflächen im veranstaltungsnahen Bereich,Paderborn,Nordrhein-Westfalen,DE,Veranstaltungsnaher Bereich rund um die Libori-Kirmes,2026-10-01,Die Stadt Paderborn nennt als voraussichtliches Fristende den 1. Oktober 2026; Bewerbungen sind voraussichtlich ab Ende August 2026 möglich.,23.07. bis 01.08.2027,Elektronisch über das Online-Formular unter www.paderborn.de/maerkte. Verspaetete Bewerbungen werden grundsaetzlich nicht berücksichtigt.,"Stadt Paderborn, Amt für Öffentlichkeitsarbeit und Stadtmarketing, Am Abdinghof 11, 33098 Paderborn",Amt für Öffentlichkeitsarbeit und Stadtmarketing,,05251 88-0,https://www.paderborn.de/microsite/maerkte/volksfeste/index.php,paderborn.de,official,2026-08-03,nrw-2027-deep-grossveranstaltungen,partial,Eigenes Zulassungsverfahren neben der Libori-Kirmes. Frist von der Stadt ausdruecklich als voraussichtlich gekennzeichnet.
libori-wechselausschank-2027-paderborn,Libori Wechselausschank Paderborn 2027,Gastronomie / Ausschank,Paderborn,Nordrhein-Westfalen,DE,Libori-Festbereich Paderborn,2026-10-01,Die Stadt Paderborn nennt als voraussichtliches Fristende den 1. Oktober 2026; Bewerbungen sind voraussichtlich ab Ende August 2026 möglich.,23.07. bis 01.08.2027,Elektronisch über das Online-Formular unter www.paderborn.de/maerkte. Verspaetete Bewerbungen werden grundsaetzlich nicht berücksichtigt.,"Stadt Paderborn, Amt für Öffentlichkeitsarbeit und Stadtmarketing, Am Abdinghof 11, 33098 Paderborn",Amt für Öffentlichkeitsarbeit und Stadtmarketing,,05251 88-0,https://www.paderborn.de/microsite/maerkte/volksfeste/index.php,paderborn.de,official,2026-08-03,nrw-2027-deep-grossveranstaltungen,partial,Gastronomischer Teilbereich der Libori-Veranstaltungen mit eigenem Zulassungsverfahren. Frist von der Stadt ausdruecklich als voraussichtlich gekennzeichnet.
libori-kirmes-2027-paderborn,Libori-Kirmes Paderborn 2027,Volksfest / Kirmes,Paderborn,Nordrhein-Westfalen,DE,Paderborner Innenstadt,2026-10-01,Die Stadt Paderborn nennt als voraussichtliches Fristende den 1. Oktober 2026; Bewerbungen sind voraussichtlich ab Ende August 2026 möglich.,23.07. bis 01.08.2027,"Elektronisch über das Online-Formular unter www.paderborn.de/maerkte. Verspaetete Bewerbungen werden grundsaetzlich nicht berücksichtigt, massgeblich ist der Eingang in der Verwaltung.","Stadt Paderborn, Amt für Öffentlichkeitsarbeit und Stadtmarketing, Am Abdinghof 11, 33098 Paderborn",Amt für Öffentlichkeitsarbeit und Stadtmarketing,,05251 88-0,https://www.paderborn.de/microsite/maerkte/volksfeste/index.php,paderborn.de,official,2026-08-03,nrw-2027-deep-grossveranstaltungen,partial,"Frist von der Stadt ausdruecklich als voraussichtlich gekennzeichnet, Veranstaltungstermin 2027 dagegen offiziell bestätigt. Zulassung erfolgt nach Attraktivitaetskriterien der staedtischen Richtlinie. Vor Bewerbung Endfassung der Ausschreibung pruefen."
liborimarkt-pottmarkt-2027-paderborn,Liborimarkt (Pottmarkt) Paderborn 2027,Krämermarkt / Töpfermarkt,Paderborn,Nordrhein-Westfalen,DE,Paderborner Innenstadt,2026-10-01,Die Stadt Paderborn nennt als voraussichtliches Fristende den 1. Oktober 2026; Bewerbungen sind voraussichtlich ab Ende August 2026 möglich.,23.07. bis 01.08.2027,Elektronisch über das Online-Formular unter www.paderborn.de/maerkte. Verspaetete Bewerbungen werden grundsaetzlich nicht berücksichtigt.,"Stadt Paderborn, Amt für Öffentlichkeitsarbeit und Stadtmarketing, Am Abdinghof 11, 33098 Paderborn",Amt für Öffentlichkeitsarbeit und Stadtmarketing,,05251 88-0,https://www.paderborn.de/microsite/maerkte/volksfeste/index.php,paderborn.de,official,2026-08-03,nrw-2027-deep-grossveranstaltungen,partial,"Frist von der Stadt ausdruecklich als voraussichtlich gekennzeichnet, Veranstaltungstermin 2027 offiziell bestätigt. Laeuft parallel zur Libori-Kirmes."
lunapark-2027-paderborn,Lunapark Paderborn 2027,Frühjahrsvolksfest / Kirmes,Paderborn,Nordrhein-Westfalen,DE,Paderborn,2026-10-01,Die Stadt Paderborn nennt als voraussichtliches Fristende den 1. Oktober 2026; Bewerbungen sind voraussichtlich ab Ende August 2026 möglich.,17.04. bis 25.04.2027,Elektronisch über das Online-Formular unter www.paderborn.de/maerkte. Verspaetete Bewerbungen werden grundsaetzlich nicht berücksichtigt.,"Stadt Paderborn, Amt für Öffentlichkeitsarbeit und Stadtmarketing, Am Abdinghof 11, 33098 Paderborn",Amt für Öffentlichkeitsarbeit und Stadtmarketing,,05251 88-0,https://www.paderborn.de/microsite/maerkte/volksfeste/index.php,paderborn.de,official,2026-08-03,nrw-2027-deep-grossveranstaltungen,partial,"Frist von der Stadt ausdruecklich als voraussichtlich gekennzeichnet, Veranstaltungstermin 2027 offiziell bestätigt."
regensburger-dulten-2027-regensburg,Regensburger Maidult & Herbstdult 2027,Dult / Volksfest,Regensburg,Bayern,DE,Dultplatz,2026-10-01,01.10.2026,"Maidult: 14.05.-30.05.2027, Herbstdult: 27.08.-12.09.2027","Bevorzugt online, alternativ mit offiziellem Formblatt","Stadt Regensburg, Amt für öffentliche Ordnung und Straßenverkehr, Postfach 11 06 43, 93019 Regensburg",Amt für öffentliche Ordnung und Straßenverkehr,,,https://www.regensburg.de/aktuelles/dult/bewerbung-dult-volksfest,regensburg.de,official,2026-08-02,initial-manual-2026-08-02,verified,
giessen-sport-in-der-city-2027,Sport in der City Gießen 2027,Themenmarkt / Vereinspräsentation,Gießen,Hessen,DE,Innenstadt Gießen,2026-10-01,Bewerbungsschluss 2027: 1. Oktober 2026,Frühjahr 2027 mit verkaufsoffenem Sonntag,Offizielles digital ausfüllbares Bewerbungsformular,"Giessen Marketing GmbH, Suedanlage 4, 35390 Giessen",Gießen Marketing GmbH und Sportamt Gießen,marketing@giessen.de,+49 641 3061880,https://giessen-entdecken.de/bewerbungen/,giessen-entdecken.de,official,2026-08-03,research-2026-08-03-gap-maerkte,partial,Das Format richtet sich vor allem an Sportvereine aus Gießen und Umgebung. Kontaktdaten im August 2026 aus der offiziellen Quelle ergaenzt.
stadtteilkirchweih-buch-2027-nuernberg,Stadtteilkirchweih Buch 2027,Kirchweih / Volksfest,Nürnberg,Bayern,DE,Nürnberg-Buch,2026-10-01,01.10.2026 (1. Oktober des Vorjahres),2027; genauer Termin noch nicht veröffentlicht,Separate Bewerbung mit Lichtbild und Geschäftsdaten beim Süddeutschen Verband Reisender Schausteller und Handelsleute e.V.,"Süddeutscher Verband Reisender Schausteller und Handelsleute e.V., Bayernstraße 100, 90471 Nürnberg",Süddeutscher Verband Reisender Schausteller und Handelsleute e.V.,info@sueddeutscher-schaustellerverband.de,0911 468600,https://www.nuernberg.de/internet/liegenschaftsamt/kirchweihen.html,nuernberg.de,official,2026-08-03,research-2026-08-03-gap-volksfeste,partial,Die Stadt Nürnberg führt diese Kirchweih unter den vom Verband organisierten städtischen Veranstaltungen und bestätigt den gemeinsamen Bewerbungsschluss.
stadtteilkirchweih-eibach-2027-nuernberg,Stadtteilkirchweih Eibach 2027,Kirchweih / Volksfest,Nürnberg,Bayern,DE,Nürnberg-Eibach,2026-10-01,01.10.2026 (1. Oktober des Vorjahres),2027; genauer Termin noch nicht veröffentlicht,Separate Bewerbung mit Lichtbild und Geschäftsdaten beim Süddeutschen Verband Reisender Schausteller und Handelsleute e.V.,"Süddeutscher Verband Reisender Schausteller und Handelsleute e.V., Bayernstraße 100, 90471 Nürnberg",Süddeutscher Verband Reisender Schausteller und Handelsleute e.V.,info@sueddeutscher-schaustellerverband.de,0911 468600,https://www.nuernberg.de/internet/liegenschaftsamt/kirchweihen.html,nuernberg.de,official,2026-08-03,research-2026-08-03-gap-volksfeste,partial,Die Stadt Nürnberg führt diese Kirchweih unter den vom Verband organisierten städtischen Veranstaltungen und bestätigt den gemeinsamen Bewerbungsschluss.
stadtteilkirchweih-gartenstadt-2027-nuernberg,Stadtteilkirchweih Gartenstadt 2027,Kirchweih / Volksfest,Nürnberg,Bayern,DE,Nürnberg-Gartenstadt,2026-10-01,01.10.2026 (1. Oktober des Vorjahres),2027; genauer Termin noch nicht veröffentlicht,Separate Bewerbung mit Lichtbild und Geschäftsdaten beim Süddeutschen Verband Reisender Schausteller und Handelsleute e.V.,"Süddeutscher Verband Reisender Schausteller und Handelsleute e.V., Bayernstraße 100, 90471 Nürnberg",Süddeutscher Verband Reisender Schausteller und Handelsleute e.V.,info@sueddeutscher-schaustellerverband.de,0911 468600,https://www.nuernberg.de/internet/liegenschaftsamt/kirchweihen.html,nuernberg.de,official,2026-08-03,research-2026-08-03-gap-volksfeste,partial,Die Stadt Nürnberg führt diese Kirchweih unter den vom Verband organisierten städtischen Veranstaltungen und bestätigt den gemeinsamen Bewerbungsschluss.
stadtteilkirchweih-kleinreuth-hdv-2027-nuernberg,Stadtteilkirchweih Kleinreuth h.d.V. 2027,Kirchweih / Volksfest,Nürnberg,Bayern,DE,Nürnberg-Kleinreuth hinter der Veste,2026-10-01,01.10.2026 (1. Oktober des Vorjahres),2027; genauer Termin noch nicht veröffentlicht,Separate Bewerbung mit Lichtbild und Geschäftsdaten beim Süddeutschen Verband Reisender Schausteller und Handelsleute e.V.,"Süddeutscher Verband Reisender Schausteller und Handelsleute e.V., Bayernstraße 100, 90471 Nürnberg",Süddeutscher Verband Reisender Schausteller und Handelsleute e.V.,info@sueddeutscher-schaustellerverband.de,0911 468600,https://www.nuernberg.de/internet/liegenschaftsamt/kirchweihen.html,nuernberg.de,official,2026-08-03,research-2026-08-03-gap-volksfeste,partial,Die Stadt Nürnberg führt diese Kirchweih unter den vom Verband organisierten städtischen Veranstaltungen und bestätigt den gemeinsamen Bewerbungsschluss.
stadtteilkirchweih-langwasser-2027-nuernberg,Stadtteilkirchweih Langwasser 2027,Kirchweih / Volksfest,Nürnberg,Bayern,DE,Nürnberg-Langwasser,2026-10-01,01.10.2026 (1. Oktober des Vorjahres),2027; genauer Termin noch nicht veröffentlicht,Separate Bewerbung mit Lichtbild und Geschäftsdaten beim Süddeutschen Verband Reisender Schausteller und Handelsleute e.V.,"Süddeutscher Verband Reisender Schausteller und Handelsleute e.V., Bayernstraße 100, 90471 Nürnberg",Süddeutscher Verband Reisender Schausteller und Handelsleute e.V.,info@sueddeutscher-schaustellerverband.de,0911 468600,https://www.nuernberg.de/internet/liegenschaftsamt/kirchweihen.html,nuernberg.de,official,2026-08-03,research-2026-08-03-gap-volksfeste,partial,Die Stadt Nürnberg führt diese Kirchweih unter den vom Verband organisierten städtischen Veranstaltungen und bestätigt den gemeinsamen Bewerbungsschluss.
stadtteilkirchweih-laufamholz-2027-nuernberg,Stadtteilkirchweih Laufamholz 2027,Kirchweih / Volksfest,Nürnberg,Bayern,DE,Nürnberg-Laufamholz,2026-10-01,01.10.2026 (1. Oktober des Vorjahres),2027; genauer Termin noch nicht veröffentlicht,Separate Bewerbung mit Lichtbild und Geschäftsdaten beim Süddeutschen Verband Reisender Schausteller und Handelsleute e.V.,"Süddeutscher Verband Reisender Schausteller und Handelsleute e.V., Bayernstraße 100, 90471 Nürnberg",Süddeutscher Verband Reisender Schausteller und Handelsleute e.V.,info@sueddeutscher-schaustellerverband.de,0911 468600,https://www.nuernberg.de/internet/liegenschaftsamt/kirchweihen.html,nuernberg.de,official,2026-08-03,research-2026-08-03-gap-volksfeste,partial,Die Stadt Nürnberg führt diese Kirchweih unter den vom Verband organisierten städtischen Veranstaltungen und bestätigt den gemeinsamen Bewerbungsschluss.
stadtteilkirchweih-nordostbahnhof-2027-nuernberg,Stadtteilkirchweih Nordostbahnhof 2027,Kirchweih / Volksfest,Nürnberg,Bayern,DE,Nürnberg-Nordostbahnhof,2026-10-01,01.10.2026 (1. Oktober des Vorjahres),2027; genauer Termin noch nicht veröffentlicht,Separate Bewerbung mit Lichtbild und Geschäftsdaten beim Süddeutschen Verband Reisender Schausteller und Handelsleute e.V.,"Süddeutscher Verband Reisender Schausteller und Handelsleute e.V., Bayernstraße 100, 90471 Nürnberg",Süddeutscher Verband Reisender Schausteller und Handelsleute e.V.,info@sueddeutscher-schaustellerverband.de,0911 468600,https://www.nuernberg.de/internet/liegenschaftsamt/kirchweihen.html,nuernberg.de,official,2026-08-03,research-2026-08-03-gap-volksfeste,partial,Die Stadt Nürnberg führt diese Kirchweih unter den vom Verband organisierten städtischen Veranstaltungen und bestätigt den gemeinsamen Bewerbungsschluss.
stadtteilkirchweih-schweinau-2027-nuernberg,Stadtteilkirchweih Schweinau 2027,Kirchweih / Volksfest,Nürnberg,Bayern,DE,Nürnberg-Schweinau,2026-10-01,01.10.2026 (1. Oktober des Vorjahres),2027; genauer Termin noch nicht veröffentlicht,Separate Bewerbung mit Lichtbild und Geschäftsdaten beim Süddeutschen Verband Reisender Schausteller und Handelsleute e.V.,"Süddeutscher Verband Reisender Schausteller und Handelsleute e.V., Bayernstraße 100, 90471 Nürnberg",Süddeutscher Verband Reisender Schausteller und Handelsleute e.V.,info@sueddeutscher-schaustellerverband.de,0911 468600,https://www.nuernberg.de/internet/liegenschaftsamt/kirchweihen.html,nuernberg.de,official,2026-08-03,research-2026-08-03-gap-volksfeste,partial,Die Stadt Nürnberg führt diese Kirchweih unter den vom Verband organisierten städtischen Veranstaltungen und bestätigt den gemeinsamen Bewerbungsschluss.
stadtteilkirchweih-st-johannis-2027-nuernberg,Stadtteilkirchweih St. Johannis 2027,Kirchweih / Volksfest,Nürnberg,Bayern,DE,Nürnberg-St. Johannis,2026-10-01,01.10.2026 (1. Oktober des Vorjahres),2027; genauer Termin noch nicht veröffentlicht,Separate Bewerbung mit Lichtbild und Geschäftsdaten beim Süddeutschen Verband Reisender Schausteller und Handelsleute e.V.,"Süddeutscher Verband Reisender Schausteller und Handelsleute e.V., Bayernstraße 100, 90471 Nürnberg",Süddeutscher Verband Reisender Schausteller und Handelsleute e.V.,info@sueddeutscher-schaustellerverband.de,0911 468600,https://www.nuernberg.de/internet/liegenschaftsamt/kirchweihen.html,nuernberg.de,official,2026-08-03,research-2026-08-03-gap-volksfeste,partial,Die Stadt Nürnberg führt diese Kirchweih unter den vom Verband organisierten städtischen Veranstaltungen und bestätigt den gemeinsamen Bewerbungsschluss.
stadtteilkirchweih-st-leonhard-2027-nuernberg,Stadtteilkirchweih St. Leonhard 2027,Kirchweih / Volksfest,Nürnberg,Bayern,DE,Nürnberg-St. Leonhard,2026-10-01,01.10.2026 (1. Oktober des Vorjahres),2027; genauer Termin noch nicht veröffentlicht,Separate Bewerbung mit Lichtbild und Geschäftsdaten beim Süddeutschen Verband Reisender Schausteller und Handelsleute e.V.,"Süddeutscher Verband Reisender Schausteller und Handelsleute e.V., Bayernstraße 100, 90471 Nürnberg",Süddeutscher Verband Reisender Schausteller und Handelsleute e.V.,info@sueddeutscher-schaustellerverband.de,0911 468600,https://www.nuernberg.de/internet/liegenschaftsamt/kirchweihen.html,nuernberg.de,official,2026-08-03,research-2026-08-03-gap-volksfeste,partial,Die Stadt Nürnberg führt diese Kirchweih unter den vom Verband organisierten städtischen Veranstaltungen und bestätigt den gemeinsamen Bewerbungsschluss.
stadtteilkirchweih-woehrd-2027-nuernberg,Stadtteilkirchweih Wöhrd 2027,Kirchweih / Volksfest,Nürnberg,Bayern,DE,Nürnberg-Wöhrd,2026-10-01,01.10.2026 (1. Oktober des Vorjahres),2027; genauer Termin noch nicht veröffentlicht,Separate Bewerbung mit Lichtbild und Geschäftsdaten beim Süddeutschen Verband Reisender Schausteller und Handelsleute e.V.,"Süddeutscher Verband Reisender Schausteller und Handelsleute e.V., Bayernstraße 100, 90471 Nürnberg",Süddeutscher Verband Reisender Schausteller und Handelsleute e.V.,info@sueddeutscher-schaustellerverband.de,0911 468600,https://www.nuernberg.de/internet/liegenschaftsamt/kirchweihen.html,nuernberg.de,official,2026-08-03,research-2026-08-03-gap-volksfeste,partial,Die Stadt Nürnberg führt diese Kirchweih unter den vom Verband organisierten städtischen Veranstaltungen und bestätigt den gemeinsamen Bewerbungsschluss.
art-karlsruhe-2027-museumsmeile-rheinstetten,art karlsruhe 2027 - Museumsmeile,Kunstmesse / Museums- und Kulturinstitutionen,Rheinstetten,Baden-Württemberg,DE,Messe Karlsruhe,2026-10-02,Bewerbungsschluss: 2. Oktober 2026,18. bis 21. Februar 2027,Online-Bewerbungsplattform; Zugang per E-Mail anfordern,"Karlsruher Messe- und Kongress GmbH, Postfach 1208, 76002 Karlsruhe",Barbara Fleck,barbara.fleck@messe-karlsruhe.de,+49 721 3720 5083,https://www.art-karlsruhe.de/de/ausstellen/index.html,art-karlsruhe.de,official,2026-08-03,bw-2027-deep-rb-karlsruhe,verified,"Eigenständiges Bewerbungsverfahren für Museen, Kunstvereine und Kulturinstitutionen."
otterndorfer-sternenmarkt-2026-otterndorf,Otterndorfer Sternenmarkt 2026,Weihnachtsmarkt / Hüttenmarkt,Otterndorf,Niedersachsen,DE,Kirchplatz Otterndorf,2026-10-05,bis 05. Oktober 2026 (Online-Anmeldung im Serviceportal),11.12.-13.12.2026,Online-Anmeldung über das Serviceportal der Stadt Otterndorf,"Stadt Otterndorf, Stadtmarketing, Marktstraße 21, 21762 Otterndorf",Imke Lütjen (Stadtmarketing Otterndorf),Imke.Luetjen@Otterndorf.de,04751 919135,https://www.otterndorfer-sternenmarkt.de,otterndorfer-sternenmarkt.de,official,2026-09-19,pdf-retry-2026-09,verified,"Frist auf der offiziellen Sternenmarkt-Seite (Hinweis: Zertifikat der Seite selbstsigniert, per curl abgerufen). Termine, Standgebühren und Kontakt aus dem Teilnahmebedingungen-PDF (stadtmarketing-otterndorf.de/fileadmin/user/sternenmarkt/Teilnahmebedingungen_Sternenmarkt.pdf) 2026 gelesen."
li-trieb-kunstpreis-ausstellung-2027-neustadt-donau,Li Trieb-Preis für Regionale Kunst 2027,Kunstausstellung und Kunstpreis,Neustadt a.d.Donau,Bayern,DE,Neustadt a.d.Donau,2026-10-06,Bewerbungsunterlagen bis 06.10.2026 per E-Mail einreichen,Preisverleihung und Ausstellungen im April 2027,"Bewerbung mit Wettbewerbsbeitrag, Arbeitsbeispielen, Kurztext und Bewerbungsformular als PDF per E-Mail",,Monika Weber / Matthias Pöppel,kunstpreis@neustadt-donau.de,0152 0148 7905 / 09445 75249 17,https://www.neustadt-donau.de/freizeit/veranstaltungen-kultur/kunstpreis,neustadt-donau.de,official,2026-08-03,by-2027-deep-rb-niederbayern,partial,"Die offizielle Stadtseite und das dort verlinkte Bewerbungsformular bestätigen Zielgruppe, Frist, Bewerbungsweg und den Ausstellungsmonat 2027."
hilpoltsteiner-weihnachtsmarkt-2026-hilpoltstein,Hilpoltsteiner Weihnachtsmarkt 2026,Weihnachtsmarkt,Hilpoltstein,Bayern,DE,Hilpoltstein,2026-10-08,Bewerbungsschluss ist der 8. Oktober 2026.,28. und 29. November 2026,Online-Anmeldung über das Formular der Stadt Hilpoltstein.,"Stadt Hilpoltstein, Kultur und Tourismus, Kirchenstr. 19, 91161 Hilpoltstein","Kultur und Tourismus, Stadt Hilpoltstein",,09174 978-505,https://tourismus.hilpoltstein.de/veranstaltungen/hilpoltsteiner-maerkte/bewerbungen,tourismus.hilpoltstein.de,official,2026-08-03,de-2026-08-breitensuche-02,verified,"Die Stadt Hilpoltstein buendelt die Bewerbung für fuenf Märkte auf einer Seite mit je eigener Frist. | Gesucht werden Bewerber für Hütten, Marktstände und Standflächen."
ewig-dein-hochzeitsmesse-2027-ravensburg,EWIG DEIN Hochzeitsmesse 2027,Hochzeitsmesse,Ravensburg,Baden-Württemberg,DE,"Oberschwabenhalle, Bleicherstraße 20, 88212 Ravensburg",2026-10-09,Anmeldeschluss ist der 09.10.2026,16.01.-17.01.2027,Vollständige offizielle Anmeldeunterlagen bei der Veranstalterin einreichen,"Ravensburger Veranstaltungsgesellschaft mbH, Gartenstraße 6, 88212 Ravensburg",Messebüro der Ravensburger Veranstaltungsgesellschaft mbH,messebuero@r-vg.de,+49 751 999911-0,https://www.r-vg.de/Ausstellerbereich,r-vg.de,official,2026-08-03,bw-2027-deep-rb-tuebingen,verified,"Das auf der offiziellen Ausstellerseite verlinkte Anmeldeformular bestätigt Termin, Veranstaltungsort und Anmeldeschluss. Zielgruppen sind unter anderem Handel, Catering, Floristik, Dekoration und weitere Hochzeitsdienstleister."
landshuter-dulten-2027-landshut,Landshuter Dulten 2027 - Festzeltbetrieb,Dult / Volksfest,Landshut,Bayern,DE,Landshut,2026-10-09,Bewerbungen fuer den Festzeltbetrieb sind bis spaetestens 9. Oktober beim Ordnungsamt einzureichen. Nur form- und fristgerecht sowie vollstaendig eingehende Bewerbungen nehmen am Auswahlverfahren teil (Ausschlussfrist).,Fruehjahrsdult und Bartlmaedult 2027; die genauen Termine sind noch nicht veroeffentlicht.,Schriftliche Bewerbung beim Sachgebiet Marktwesen des Ordnungsamts.,"Stadt Landshut, Ordnungsamt, Sachgebiet Marktwesen, Luitpoldstrasse 29a, 84034 Landshut","Ordnungsamt, Sachgebiet Marktwesen",,,https://landshut.de/news/soziales/bewerbungsphase-zu-den-dulten-2026-laeuft,landshut.de,official,2026-08-04,de-2026-08-regelfristen-02,partial,"Die genannte Frist gilt ausdruecklich fuer den Festzeltbetrieb. Fuer Fahr-, Schau- und Verkaufsgeschaefte kann eine abweichende Frist gelten; vor Bewerbung beim Ordnungsamt klaeren. Ausschlussfrist ohne Nachreichungsmoeglichkeit."
dresdner-striezelmarkt-2026-newcomer,Dresdner Striezelmarkt 2026 - Newcomer-Hütte,Weihnachtsmarkt,Dresden,Sachsen,DE,Altmarkt Dresden (Striezelmarkt),2026-10-11,Bewerbungen sind bis einschließlich 11. Oktober 2026 möglich,Dresdner Striezelmarkt 2026 (genauer Zeitraum auf der Ausschreibungsseite nicht genannt),Online-Bewerbung über die Ausschreibungsseite der Stadt (Link 'Hier geht es zur Bewerbung'),"Landeshauptstadt Dresden, Spezialmärkte (Adresse auf der Ausschreibungsseite nicht angegeben)",,,,https://www.dresden.de/de/leben/sport-und-freizeit/maerkte/ausschreibungen-maerkte.php,dresden.de,official,2026-09-19,named-ost-2026-09,partial,Nur für Newcomer/Nachwuchshändler (kostenfreier Standplatz in eigener Markthütte); die regulären 216 Standplätze waren bis 07.05.2026 ausgeschrieben (abgelaufen). Seite zuletzt geändert 06.08.2026. Kontakt und Adresse fehlen auf der Seite.
glauchauer-schlossherbst-wein-2026-glauchau,Glauchauer Schlossherbst & Wein 2026,Herbstmarkt / Weinfest,Glauchau,Sachsen,DE,Schloss Glauchau,2026-10-11,11.10.2026,09.10.-11.10.2026,Online über das Beteiligungsportal Sachsen,"Stadt Glauchau, Kulturverwaltung, Markt 1, 08371 Glauchau",Kulturverwaltung Stadt Glauchau,kultur@glauchau.de,03763 65 416,https://buergerbeteiligung.sachsen.de/portal/glauchau/beteiligung/themen/1062267,buergerbeteiligung.sachsen.de,official,2026-08-03,research-2026-08-03-sn-st-th,verified,Das offizielle Portal weist die Bewerbung bis zum letzten Veranstaltungstag als aktiv aus.
ilmenauer-weihnachtsmarkt-2026-ilmenau,Ilmenauer Weihnachtsmarkt 2026,Weihnachtsmarkt,Ilmenau,Thüringen,DE,Lindenstraße,2026-10-11,11.10.2026,10.12.-13.12.2026,Bewerbung per E-Mail,"Stadtverwaltung Ilmenau, Amt für Stadtmarketing, Kultur und Freizeit, Am Markt 7, 98693 Ilmenau","Abteilung Wirtschaftsförderung, Stadt- und Tourismusmarketing",kultur@ilmenau.de,03677 600-307,https://www.ilmenau.de/de/freizeit/feste-und-maerkte/weihnachtsmarkt-ilmenau/,ilmenau.de,official,2026-08-03,research-2026-08-03-sn-st-th,verified,"Gesucht werden Händler, Versorger und Kunsthandwerker; die offizielle Seite listet die erforderlichen Bewerbungsangaben vollständig auf."
weihnachtsmarkt-langewiesen-2026-ilmenau,Weihnachtsmarkt Langewiesen 2026,Weihnachtsmarkt,Ilmenau,Thüringen,DE,"Marktplatz, Rathaus, Heinse-Haus und Händlerstraße in Langewiesen",2026-10-11,11.10.2026,05.12.-06.12.2026,Bewerbung per E-Mail,"Stadtverwaltung Ilmenau, Amt für Stadtmarketing, Kultur und Freizeit, Am Markt 7, 98693 Ilmenau",Heinse-Haus Langewiesen,heinse-haus-langewiesen@ilmenau.de,03677 600-813,https://www.ilmenau.de/de/freizeit/feste-und-maerkte/weihnachtsmarkt-langewiesen/,ilmenau.de,official,2026-08-03,research-2026-08-03-sn-st-th,verified,"Gesucht werden Händler, Versorger und Kunsthandwerker; die offizielle Seite listet die erforderlichen Bewerbungsangaben vollständig auf."
cannstatter-volksfest-2027-stuttgart,Cannstatter Volksfest 2027,Volksfest,Stuttgart,Baden-Württemberg,DE,Cannstatter Wasen,2026-10-14,Bewerbungsschluss für das Cannstatter Volksfest 2027 ist der 14.10.2026.,Herbst 2027; der genaue Termin ist auf der Bewerbungsseite nicht ausgewiesen.,"Schriftlich per Post, ausschließlich mit dem offiziellen Bewerbungsformular (PDF).","in.Stuttgart Veranstaltungsgesellschaft mbH & Co. KG, z.Hd. Maria Schaefer, Mercedesstraße 50, 70372 Stuttgart","Thomas Heibel, Projektleiter",,+49 711 9554 3303,https://www.cannstatter-volksfest.de/bewerbung,cannstatter-volksfest.de,official,2026-08-03,de-2026-08-breitensuche-03,verified,Zweitgroesstes Volksfest Deutschlands. Dasselbe Bewerbungsverfahren und Formular gilt auch für das Stuttgarter Frühlingsfest; im Formular ist die gewuenschte Veranstaltung anzugeben. E-Mail-Bewerbungen sind nicht vorgesehen. | Veranstaltungszeitraum auf der Quelle erneut prüfen. | Frist und Bewerbungsweg bestätigt; der Veranstaltungszeitraum 2027 ist auf der Bewerbungsseite nicht angegeben.
bad-kreuznacher-jahrmarkt-2027-bad-kreuznach,Bad Kreuznacher Jahrmarkt 2027,Jahrmarkt / Volksfest,Bad Kreuznach,Rheinland-Pfalz,DE,Pfingstwiese,2026-10-15,15.10.2026,Bad Kreuznacher Jahrmarkt 2027,Standplatzbewerbung bei der Stadt Bad Kreuznach,"Stadtverwaltung Bad Kreuznach, Kornmarkt 5, 55543 Bad Kreuznach",Stadtverwaltung Bad Kreuznach,hauptamt@bad-kreuznach.de,+49 671 800-0,https://www.bad-kreuznach.de/buergerservice/politik-und-verwaltung/weitere-nachrichten/neue-bewerbungsfrist-fuer-den-bad-kreuznacher-jahrmarkt-2027/,bad-kreuznach.de,official,2026-08-03,research-2026-08-03-main-web,partial,Die Stadt hat die Bewerbungsfrist ab 2027 auf den 15. Oktober des Vorjahres vorgezogen. | Die Stadt bestätigt die vorgezogene Frist ausdrücklich für den Jahrmarkt 2027. Der genaue Veranstaltungstermin 2027 steht auf der geprüften Bewerbungsseite noch nicht.
duerkheimer-wurstmarkt-2027-bad-duerkheim,Dürkheimer Wurstmarkt 2027,Volksfest / Weinfest,Bad Dürkheim,Rheinland-Pfalz,DE,Wurstmarktgelände Bad Dürkheim,2026-10-15,Das Bewerbungsverfahren für 2027 endet am 15. Oktober 2026,10.09.-14.09. und 17.09.-20.09.2027,Online über das offizielle Bewerbungsformular der Stadt Bad Dürkheim,"Stadtverwaltung Bad Dürkheim, Mannheimer Straße 24, 67098 Bad Dürkheim",Veranstaltungsmanagement der Stadt Bad Dürkheim,veranstaltung@bad-duerkheim.de,+49 6322 935-4700,https://www.bad-duerkheim.de/kultur-tourismus/veranstaltungen-feste/duerkheimer-wurstmarkt/informationen-fuer-beschicker-anwohner/,bad-duerkheim.de,official,2026-08-03,research-2026-08-03-de-gap,verified,Die Frist gilt für alle Geschäftsarten außer Markthändler; für diese nennt die Stadt keine Bewerbungsfrist.
erlanger-bergkirchweih-2027-erlangen,Erlanger Bergkirchweih 2027,Kirchweih / Volksfest,Erlangen,Bayern,DE,Bergkirchweihgelände,2026-10-15,15.10.2026,13.05.-24.05.2027,Online über das offizielle Bewerbungsformular,"Stadt Erlangen, Liegenschaftsamt, Nägelsbachstraße 38, 91052 Erlangen",Liegenschaftsamt - Märkte und Kirchweihen,maerkte.kirchweihen@stadt.erlangen.de,09131 86-1769 oder -2764,https://secure.erlangen.de/erlangen/form/provide/8763/,secure.erlangen.de,official,2026-08-03,research-2026-08-03-bayern,verified,"Die offizielle Formularseite nennt Veranstaltung, Bewerbungsfrist, Kontakt und Bewerbungsweg ausdrücklich."
heddesdorfer-pfingstkirmes-2027-neuwied,Heddesdorfer Pfingstkirmes 2027,Kirmes,Neuwied,Rheinland-Pfalz,DE,Heddesdorf,2026-10-15,15.10.2026,Pfingstkirmes 2027,Online oder schriftlich per Post,"Stadtverwaltung Neuwied, Amt für Stadtmarketing, Engerser Landstraße 17, 56564 Neuwied",Jennifer Ackermann,,+49 2631 802-220,https://www.neuwied.de/pfingstkirmes,neuwied.de,official,2026-08-02,initial-manual-2026-08-02,partial,Veranstaltungszeitraum auf der Quelle erneut prüfen.
landshuter-dulten-2027-vergnuegungsdult-landshut,Landshuter Dulten 2027 - Vergnügungs- und Verkaufsdult,Volksfest / Dult,Landshut,Bayern,DE,Dultplatz Landshut (Frühjahrsdult und Bartlmädult),2026-10-15,Die Stadt Landshut nennt für die Vergnügungs- und Verkaufsdult den 15. Oktober des Vorjahres als Bewerbungsschluss; für den Festzeltbetrieb gilt abweichend der 9. Oktober. Für die Dulten 2027 ergibt sich daraus der 15.10.2026.,"Frühjahrsdult im April und Bartlmädult im August 2027; die genauen Termine sind noch nicht veröffentlicht. Zum Vergleich 2026: Frühjahrsdult 17.-26. April, Bartlmädult 21.-30. August.","Form- und fristgerechte, vollständige Bewerbung beim Ordnungsamt, Sachgebiet Marktwesen; Unterlagen unter landshut.de/dulten.","Stadt Landshut, Ordnungsamt, Sachgebiet Marktwesen, Luitpoldstraße 29a, 84034 Landshut","Ordnungsamt der Stadt Landshut, Sachgebiet Marktwesen",,0871 88-0,https://landshut.de/news/soziales/bewerbungsphase-zu-den-dulten-2026-laeuft,landshut.de,official,2026-08-04,de-2026-08-luecken-ost-sued-01,partial,"Ergänzt den bereits erfassten Festzeltbetrieb um die zweite, später endende Frist. Gestaffelte Fristen je Geschäftsart sind bei den Landshuter Dulten die Regel. Das Fristdatum für 2027 ist aus dem wiederkehrenden Verfahren abgeleitet."
nikolausmarkt-2026-heppenheim,Nikolausmarkt Heppenheim,Weihnachtsmarkt,Heppenheim,Hessen,DE,Innenstadt Heppenheim,2026-10-15,Bewerbungszeitraum für einen Standplatz: 01. bis 15. Oktober 2026,05.-06.12.2026,Bewerbung direkt bei der Stadt Heppenheim (Kontakt/Formular über Veranstaltungsseite),,,,,https://www.heppenheim.de/heppenheim-erleben/kultur-events/staedtische-veranstaltungen/,heppenheim.de,official,2026-09-17,nachfasswelle-einfach-2026-09,partial,Bewerbungszeitraum (01.-15.10.2026) explizit auf offizieller Städte-Veranstaltungsseite genannt; kein separates Anmeldeformular verlinkt.
rheinkirmes-2027-duesseldorf,Rheinkirmes Düsseldorf 2027,Volksfest / Kirmes,Düsseldorf,Nordrhein-Westfalen,DE,"Kirmesgelände am Kaiser-Wilhelm-Ring, Düsseldorf-Oberkassel",2026-10-15,"'Bis zum 15. Oktober haben sie Zeit, sich auf die rund 300 Stellplaetze auf dem Kirmesgelaende zu bewerben.'",16.-25.07.2027,Online-Bewerbung ueber bewerbung.rheinkirmes-duesseldorf.de,"St. Sebastianus Schuetzenverein Duesseldorf 1316 Veranstaltungs-GmbH, Werftstrasse 23, 40549 Duesseldorf",St. Sebastianus Schuetzenverein Duesseldorf 1316 Veranstaltungs-GmbH,veranstaltungs-gmbh@schuetzen1316.de,0211 8226 6777,https://rheinkirmes-duesseldorf.de/informationen-fuer-schausteller/,rheinkirmes-duesseldorf.de,official,2026-09-13,nachfasswelle-2026-09,partial,"Deutschlandweite Nachfass-Recherche; dieser Termin stand bereits als faelliger Nachfassfall (Okt 2026) im WORKLOG.md. Frist und Veranstaltungstermin durch Presseartikel (t-online) bestaetigt; Detailseite mit offiziellen Richtlinien/PDF war per direktem Abruf nicht vollstaendig auslesbar, daher partial. Veranstalter ist ein nicht-staedtischer Schuetzenverein (Ausrichter der Rheinkirmes im Auftrag der Stadt Duesseldorf)."
erfurter-altstadtfruehling-oktoberfest-2027-erfurt,Erfurter Altstadtfrühling & Oktoberfest 2027,Stadtfest / Volksfest,Erfurt,Thüringen,DE,Erfurter Innenstadt,2026-10-16,16.10.2026,Altstadtfrühling 2027 und Oktoberfest 2027,Formlos und postalisch,"Kulturdirektion, Benediktsplatz 1, 99084 Erfurt",Kulturdirektion Erfurt,,,https://www.erfurt.de/ef/de/service/aktuelles/pm/2026/153614.html,erfurt.de,official,2026-08-03,research-2026-08-03-sn-st-th,partial,Frist und Postanschrift sind ausdrücklich bestätigt; die einzelnen Veranstaltungszeiträume für 2027 sind auf der Quelle noch nicht genannt. | Einzelne Veranstaltungszeiträume ergänzen.
vaihinger-weihnachtsmarkt-2026-stuttgart,Vaihinger Weihnachtsmarkt 2026,Weihnachtsmarkt,Stuttgart-Vaihingen,Baden-Württemberg,DE,Stadtbezirk Stuttgart-Vaihingen,2026-10-16,Anmeldeschluss ist der 16. Oktober 2026,28.11.-29.11.2026,Offizielles Formular per E-Mail oder Fax an die VVF-Geschäftsstelle,"VVF-Geschäftsstelle, Stuttgart-Vaihingen","Martin Marotz, VVF-Geschäftsstelle",kontakt@vvf-aktiv.de,0711 68687394,https://unser-vaihingen.de/wp-content/uploads/2026/04/Bewerbung_WM_2026_komplett.pdf,unser-vaihingen.de,official,2026-08-03,research-2026-08-03-bw-he,verified,Traditionsveranstaltung des Stadtbezirks Stuttgart-Vaihingen in Zusammenarbeit mit dem Verbund Vaihinger Fachgeschäfte e.V.
werdau-weihnachtsmarkt-2026,Werdauer Weihnachtsmarkt 2026,Weihnachtsmarkt,Werdau,Sachsen,DE,Marktplatz Werdau,2026-10-16,Schriftliche Bewerbung erforderlich; Abgabetermin spätestens 8 Wochen vor Beginn des Weihnachtsmarktes (auf der Seite mit 16.10.2026 angegeben),"10.-13.12.2026, täglich 11-20 Uhr (Aufbau ab 08.12.)",Schriftlich mit Formular Händlerbewerbung (Download auf der Stadtseite),"Stadtverwaltung Werdau, Fachdienst Märkte, Markt 10-18, 08412 Werdau",Frau Arnold (Marktmeisterin),3.22arnold@werdau.de,03761 594295,"https://werdau.de/de/22,6.html?single_con=6600%2C6",werdau.de,official,2026-09-19,named-ost-2026-09,verified,"Datum 16.10.2026 wörtlich auf der Stadtseite in Klammern genannt. Hinweis: 8 Wochen vor dem 10.12.2026 wären rechnerisch der 15.10.2026; maßgeblich ist die genannte Angabe, im Zweifel früher einreichen. Standgebühr Weihnachtsmarkt 3,10 Euro/Tag laut Marktgebührensatzung."
landstuhler-advent-2026,Landstuhler Advent 2026,Weihnachtsmarkt,Landstuhl,Rheinland-Pfalz,DE,Vorplatz der Stadthalle Landstuhl,2026-10-18,Bewerbungsfrist ist der 18.10.2026; Zu- oder Absage bis spätestens 31.10.2026,27.11.2026 bis 30.11.2026 (erstes Adventswochenende),"Bewerbungsformular (PDF) per E-Mail oder Post an den Veranstalter; Vereine und Gewerbebetriebe, Standmiete oder eigener Stand","Cuvée Weinbar & Vinothek, Stiftsplatz 5, 67655 Kaiserslautern",Cuvée Weinbar & Vinothek (Veranstalter),info@cuvee-weinbar.de,,https://landstuhler-advent.de/,landstuhler-advent.de,official,2026-09-19,named-rpsl-2026-09,verified,Frist aus dem Bewerbungsformular 2026 (PDF auf landstuhler-advent.de) gelesen. Veranstalter ist die Cuvée Weinbar & Vinothek (Kaiserslautern) für den Landstuhler Advent; Landstuhler Vereine und Betriebe werden bevorzugt. Veranstaltung liegt in rund 10 Wochen.
kieler-woche-2027-internationaler-markt-kiel,Kieler Woche 2027 - Internationaler Markt,Stadtfest / Internationaler Markt,Kiel,Schleswig-Holstein,DE,"Innenstadt Kiel, Bereich Internationaler Markt",2026-10-19,"Die Landeshauptstadt Kiel schreibt den Internationalen Markt jährlich mit Bewerbungsschluss zum 19. Oktober des Vorjahres aus. Für die Kieler Woche 2026 lief der Bewerbungszeitraum „bis zum 19. Oktober"" 2025; für 2027 ergibt sich daraus der 19.10.2026.",Juni 2027; der genaue Termin ist noch nicht veröffentlicht. Zum Vergleich: 2026 vom 20. bis 28. Juni.,Bewerbung über das Ausschreibungsverfahren der Landeshauptstadt Kiel für den Internationalen Markt.,"Landeshauptstadt Kiel, Fabrikstraße 8-10, 24103 Kiel",Silas Ketels,Silas.Ketels@kiel.de,0431 901-4829,https://www.kieler-woche.de/de/medien/meldung.php?id=141971,kieler-woche.de,official,2026-08-04,de-2026-08-luecken-ost-sued-01,partial,"Betrifft nur den Internationalen Markt. Die Eventflächen der Kieler Woche wurden getrennt und mehrjährig für 2026 und 2027 vergeben, dort sind keine Plätze mehr offen. Das Fristdatum für 2027 ist aus der wiederkehrenden Regel abgeleitet."
blickfang-stuttgart-2027-stuttgart,BLICKFANG Stuttgart 2027,Designmesse / Verkaufsmesse,Stuttgart,Baden-Württemberg,DE,Stuttgart,2026-10-20,1. Bewerbungsschluss: 20. Oktober 2026,BLICKFANG Stuttgart 2027,Online über das offizielle Aussteller-Anmeldeformular,,BLICKFANG Messe GmbH,,,https://blickfang.com/bewerbungsformular/,blickfang.com,official,2026-08-03,research-2026-08-03-bw-he,partial,Offizielle Ausstellerbewerbung für Designlabels; genauer Veranstaltungstermin und Veranstaltungsort sind auf der Bewerbungsseite noch nicht angegeben.
fuerther-michaelis-kirchweih-2027,Fürther Michaelis-Kirchweih 2027,Kirchweih / Volksfest,Fürth,Bayern,DE,Fürther Innenstadt und Fürther Freiheit,2026-10-20,20.10.2026 (20. Oktober des Vorjahres),2027; genauer Termin noch nicht veröffentlicht,Offizielles Formular ausfüllen und schriftlich beim Marktamt einreichen; E-Mail und Fax sind ausgeschlossen,"Stadt Fürth, Marktamt, Bahnhofplatz 9, 90762 Fürth",Marktamt der Stadt Fürth,,,https://service-on.fuerth.de/form/alias/fuerth/bewerbung-kirchweih-maerkte/,service-on.fuerth.de,official,2026-08-03,research-2026-08-03-gap-volksfeste,partial,"Das aktive städtische Formular erlaubt die Angabe des Bewerbungsjahres, führt die Michaelis-Kirchweih als Veranstaltung und nennt den jährlichen Bewerbungsschluss."
lullusfest-bad-hersfeld-2027-festzelt,Lullusfest Bad Hersfeld 2027 - Festzelt,Volksfest,Bad Hersfeld,Hessen,DE,Marktplatz Bad Hersfeld,2026-10-20,Bewerbungen für den Standplatz Festzelt bis zum 20.10.2026 schriftlich oder per E-Mail,11.10.-18.10.2027,Schriftlich oder per E-Mail an lullusfest@bad-hersfeld.de,"Magistrat der Kreisstadt Bad Hersfeld, Weinstraße 16, 36251 Bad Hersfeld",Projektbüro Lullusfest (Kreisstadt Bad Hersfeld),lullusfest@bad-hersfeld.de,,https://www.lullusfest.de/services,lullusfest.de,official,2026-09-19,named-bwhe-2026-09,verified,"Ausschreibung Festzelt (30 x 15 m zuzüglich 2,5 m Front) aus PDF bad_hersfeld_lolls_ausschreibung.pdf, verlinkt auf lullusfest.de/services."
lullusfest-bad-hersfeld-2027-volksfest,Lullusfest Bad Hersfeld 2027 - Schausteller,Volksfest,Bad Hersfeld,Hessen,DE,Marktplatz/Stiftsruine Bad Hersfeld (Innenstadt),2026-10-20,Zulassungsanträge zum Volksfest bis spätestens 20. Okt. 2026 schriftlich einzureichen,11.10.-18.10.2027,Schriftlich oder per E-Mail an lullusfest@bad-hersfeld.de,"Magistrat der Kreisstadt Bad Hersfeld, Weinstraße 16, 36251 Bad Hersfeld",Projektbüro Lullusfest (Kreisstadt Bad Hersfeld),lullusfest@bad-hersfeld.de,,https://www.lullusfest.de/services,lullusfest.de,official,2026-09-19,named-bwhe-2026-09,verified,"Frist und Termin aus dem Ausschreibungs-PDF (bad_hersfeld_lolls_ausschreibung2.pdf, verlinkt auf lullusfest.de/services; Text per PDF-Extraktion gelesen). Bearbeitungsgebühr 15 EUR; Reisegewerbekarte, Haftpflichtnachweis, Nachhaltigkeitsangaben nötig. PDF-Überschrift nennt ""Lullusfest 2026"", Datum im Text ist 2027. Löst den bisherigen review_candidate ab."
bremerhavener-freimarkt-2027,172. Bremerhavener Freimarkt 2027,Volksfest,Bremerhaven,Bremen,DE,Festplatz Bremerhaven (Stadthalle-Areal),2026-10-30,Bewerbungsschluss: 30. Oktober 2026 (nur vollstaendig ausgefuellte Bewerbungen nehmen an der Vergabe teil),20. bis 29. August 2027,"Schriftliche Bewerbung per Formular (PDF) an die ARGE Bremerhaven, im Auftrag der Stadt Bremerhaven","Arbeitsgemeinschaft Bremerhavener Maerkte, c/o Uwe Zander, An der Arend 23, 27619 Schiffdorf",Arbeitsgemeinschaft Bremerhavener Maerkte (ARGE Bremerhaven i.A. der Stadt Bremerhaven),buchhaltung@jahrmarkt-bremerhaven.de,0471 81288,https://jahrmarkt-bremerhaven.de/img/Bewerbungsformular_Freimarkt_2027.pdf,jahrmarkt-bremerhaven.de,official,2026-09-17,stadtstaaten-rest-2026-09,verified,Bewerbungsformular als PDF direkt von der offiziellen ARGE-Bremerhaven-Domain; ARGE handelt im Auftrag der Stadt Bremerhaven (Magistrat).
bremerhavener-freimarkt-2027-bremerhaven,Bremerhavener Freimarkt 2027,Jahrmarkt / Volksfest,Bremerhaven,Bremen,DE,Bremerhavener Jahrmarktgelände,2026-10-30,Bewerbungsschluss für alle Märkte ist der 30. Oktober des laufenden Jahres,20.08.-29.08.2027,Offizielles PDF-Formular per E-Mail oder postalisch; klassische schriftliche Bewerbung ebenfalls möglich,"Arbeitsgemeinschaft Bremerhavener Märkte, c/o Uwe Zander, An der Arend 23, 27619 Schiffdorf",Arbeitsgemeinschaft Bremerhavener Märkte,buchhaltung@jahrmarkt-bremerhaven.de,0471 81288,https://jahrmarkt-bremerhaven.de/,jahrmarkt-bremerhaven.de,official,2026-08-03,research-2026-08-03-de-gap,verified,"Die ARGE veranstaltet den Markt im Auftrag der Stadt Bremerhaven; die offizielle Veranstalterseite nennt Termin, Bewerbungsweg und gemeinsame Frist."
bremerhavener-fruehjahrsmarkt-2027,Bremerhavener Fruehjahrsmarkt 2027,Volksfest,Bremerhaven,Bremen,DE,Festplatz Bremerhaven (Stadthalle-Areal),2026-10-30,Bewerbungsschluss: 30. Oktober 2026 (nur vollstaendig ausgefuellte Bewerbungen nehmen an der Vergabe teil),23. April bis 2. Mai 2027,"Schriftliche Bewerbung per Formular (PDF) an die ARGE Bremerhaven, im Auftrag der Stadt Bremerhaven","Arbeitsgemeinschaft Bremerhavener Maerkte GbR, c/o Uwe Zander, An der Arend 23, 27619 Schiffdorf",Arbeitsgemeinschaft Bremerhavener Maerkte (ARGE Bremerhaven i.A. der Stadt Bremerhaven),buchhaltung@jahrmarkt-bremerhaven.de,0471 81288,https://jahrmarkt-bremerhaven.de/img/Bewerbungsformular_Fruehjahrsmarkt_2027.pdf,jahrmarkt-bremerhaven.de,official,2026-09-17,stadtstaaten-rest-2026-09,verified,Gleiche Bewerbungsfrist wie Freimarkt (gemeinsame ARGE-Verwaltung); Bewerbungsformular als PDF von der offiziellen Domain.
bremerhavener-fruehjahrsmarkt-2027-bremerhaven,Bremerhavener Frühjahrsmarkt 2027,Jahrmarkt / Volksfest,Bremerhaven,Bremen,DE,Bremerhavener Jahrmarktgelände,2026-10-30,Bewerbungsschluss ist der 30. Oktober 2026,23.04.-02.05.2027,Offizielles PDF-Formular per E-Mail oder postalisch; klassische schriftliche Bewerbung ebenfalls möglich,"Arbeitsgemeinschaft Bremerhavener Märkte, c/o Uwe Zander, An der Arend 23, 27619 Schiffdorf",Arbeitsgemeinschaft Bremerhavener Märkte,buchhaltung@jahrmarkt-bremerhaven.de,0471 81288,https://jahrmarkt-bremerhaven.de/,jahrmarkt-bremerhaven.de,official,2026-08-03,research-2026-08-03-de-gap,verified,Die ARGE veranstaltet den Markt im Auftrag der Stadt Bremerhaven; die offizielle Veranstalterseite und das 2027-Formular bestätigen Termin und Frist.
dachauer-volksfest-2027-dachau,Dachauer Volksfest 2027,Volksfest,Dachau,Bayern,DE,Volksfestplatz Dachau,2026-10-30,Bewerbungsschluss für das Dachauer Volksfest 2027 ist der 30.10.2026,07.08.-16.08.2027,Schriftliche Bewerbung mit detaillierten Angaben zum Geschäft,"Stadt Dachau, Amt für Kultur, Tourismus und Zeitgeschichte, Konrad-Adenauer-Straße 1, 85221 Dachau","Amt für Kultur, Tourismus und Zeitgeschichte, Abteilung Kultur & Zeitgeschichte",volksfest@dachau.de,08131 75-253,https://www.dachau.de/dachauer-volksfest/,dachau.de,official,2026-08-03,by-2027-deep-rb-oberbayern,verified,"Die offizielle Stadtseite nennt Veranstaltungstermin, Bewerbungsschluss und Kontakt ausdrücklich. | Die offizielle Seite nennt die Bewerbungsunterlagen und den Stichtag ausdrücklich."
koblenzer-kirmessen-2027-koblenz,Koblenzer Stadtteilkirmessen 2027,Kirmessen / Volksfeste,Koblenz,Rheinland-Pfalz,DE,Koblenzer Stadtteile gemäß jeweiliger Festsetzung,2026-10-30,30.10.2026 (30. Oktober für die Kirmessen im Folgejahr),Kirmessen der Stadt Koblenz 2027; einzelne Termine gemäß jeweiliger Festsetzung,Schriftlicher Antrag auf Zulassung bei der Stadt Koblenz,"Stadt Koblenz, Willi-Hoerter-Platz 1, 56068 Koblenz",Stadt Koblenz,stadt-koblenz@poststelle.rlp.de,0261 129-0,https://www.koblenz.de/downloads/aemter-und-eigenbetriebe/buero-ob/ortsrecht/09-veranstaltungen-und-einrichtungen/09-09-marktsatzung.pdf?cid=1rbl,koblenz.de,official,2026-08-03,research-2026-08-03-rp-sl,partial,Die aktuelle offizielle Marktsatzung bestätigt die Frist für alle von der Stadt veranstalteten Stadtteilkirmessen. Einzeltermine und Kontaktstelle werden in der Satzung nicht genannt. Kontaktdaten im August 2026 aus der offiziellen Quelle ergaenzt.
herbstkirmes-2027-rheinbach,Rheinbacher Herbstkirmes 2027,Kirmes / Volksfest,Rheinbach,Nordrhein-Westfalen,DE,"Himmeroder Wall, Prümer Wall und Pützstraße",2026-10-30,30.10.2026 (30. Oktober des Vorjahres),fünf Tage ab Freitag vor dem dritten Samstag im September 2027,Bewerbung per Post oder E-Mail; für jedes Geschäft gesondert,"Stadt Rheinbach, Fachgebiet Ordnungsangelegenheiten, Schweigelstraße 23, 53359 Rheinbach",Fachgebiet Ordnungsangelegenheiten der Stadt Rheinbach,ordnungsamt@stadt-rheinbach.de,,https://www.rheinbach.de/fileadmin/user_upload/Rheinbach_Entdecken/Feste_und_M%C3%A4rkte/Richtlinien_Vergabe_Kirmesse_final.pdf,rheinbach.de,official,2026-08-03,research-2026-08-03-gap-volksfeste,verified,"Die aktuell geltenden städtischen Zulassungsrichtlinien bestätigen Veranstaltungscharakter, Zeitraum, Bewerbungsweg und Ausschlussfrist."
maikirmes-2027-rheinbach,Rheinbacher Maikirmes 2027,Kirmes / Volksfest,Rheinbach,Nordrhein-Westfalen,DE,Prümer Wall und Teilbereich der Pützstraße,2026-10-30,30.10.2026 (30. Oktober des Vorjahres),fünf Tage rund um den 01.05.2027,Bewerbung per Post oder E-Mail; für jedes Geschäft gesondert,"Stadt Rheinbach, Fachgebiet Ordnungsangelegenheiten, Schweigelstraße 23, 53359 Rheinbach",Fachgebiet Ordnungsangelegenheiten der Stadt Rheinbach,ordnungsamt@stadt-rheinbach.de,,https://www.rheinbach.de/fileadmin/user_upload/Rheinbach_Entdecken/Feste_und_M%C3%A4rkte/Richtlinien_Vergabe_Kirmesse_final.pdf,rheinbach.de,official,2026-08-03,research-2026-08-03-gap-volksfeste,verified,"Die aktuell geltenden städtischen Zulassungsrichtlinien bestätigen Veranstaltungscharakter, Zeitraum, Bewerbungsweg und Ausschlussfrist."
schwabacher-bartholomaeimarkt-2027-jahresbewerbung,Schwabacher Bartholomäimarkt 2027 - Jahresbewerbung,Jahrmarkt,Schwabach,Bayern,DE,Schwabach,2026-10-30,Für Jahresbewerbungen gilt der 30. Oktober 2026 als Bewerbungsschluss.,30. August 2027,Online-Jahresbewerbung; mindestens sieben Jahrmärkte auswählen,"Stadt Schwabach, Marktmeister, Koenigsplatz 1b, 91126 Schwabach",Stadt Schwabach,marktmeister@schwabach.de,09122 860-359,https://service-on.schwabach.de/schwabach/form/provide/7967/,service-on.schwabach.de,official,2026-08-03,research-2026-08-03-gap-maerkte,partial,"Die Frist gilt ausdrücklich für die bevorzugt behandelte Jahresbewerbung, nicht zwingend für eine Einzelbewerbung. Kontaktdaten im August 2026 aus der offiziellen Quelle ergaenzt."
schwabacher-buergerfest-2027-jahresbewerbung,Schwabacher Bürgerfest 2027 - Jahresbewerbung,Stadtfest / Bürgerfest,Schwabach,Bayern,DE,Schwabach,2026-10-30,Für Jahresbewerbungen gilt der 30. Oktober 2026 als Bewerbungsschluss.,23. bis 25. Juli 2027,Online-Jahresbewerbung; mindestens sieben Jahrmärkte auswählen,"Stadt Schwabach, Marktmeister, Koenigsplatz 1b, 91126 Schwabach",Stadt Schwabach,marktmeister@schwabach.de,09122 860-359,https://service-on.schwabach.de/schwabach/form/provide/7967/,service-on.schwabach.de,official,2026-08-03,research-2026-08-03-gap-maerkte,partial,Die Frist wird auf der offiziellen Seite nur für Jahresbewerbungen genannt; diese müssen mindestens sieben Jahrmärkte umfassen. Kontaktdaten im August 2026 aus der offiziellen Quelle ergaenzt.
schwabacher-herbstkirchweih-2027-jahresbewerbung,Schwabacher Herbstkirchweih 2027 - Jahresbewerbung,Kirchweih,Schwabach,Bayern,DE,Schwabach,2026-10-30,Für Jahresbewerbungen gilt der 30. Oktober 2026 als Bewerbungsschluss.,17. bis 26. September 2027,Online-Jahresbewerbung; mindestens sieben Jahrmärkte auswählen,"Stadt Schwabach, Marktmeister, Koenigsplatz 1b, 91126 Schwabach",Stadt Schwabach,marktmeister@schwabach.de,09122 860-359,https://service-on.schwabach.de/schwabach/form/provide/7967/,service-on.schwabach.de,official,2026-08-03,research-2026-08-03-gap-maerkte,partial,Die Frist wird auf der offiziellen Seite nur für Jahresbewerbungen genannt; diese müssen mindestens sieben Jahrmärkte umfassen. Kontaktdaten im August 2026 aus der offiziellen Quelle ergaenzt.
schwabacher-johannismarkt-2027-jahresbewerbung,Schwabacher Johannismarkt 2027 - Jahresbewerbung,Jahrmarkt,Schwabach,Bayern,DE,Schwabach,2026-10-30,Für Jahresbewerbungen gilt der 30. Oktober 2026 als Bewerbungsschluss.,28. Juni 2027,Online-Jahresbewerbung; mindestens sieben Jahrmärkte auswählen,"Stadt Schwabach, Marktmeister, Koenigsplatz 1b, 91126 Schwabach",Stadt Schwabach,marktmeister@schwabach.de,09122 860-359,https://service-on.schwabach.de/schwabach/form/provide/7967/,service-on.schwabach.de,official,2026-08-03,research-2026-08-03-gap-maerkte,partial,"Die Frist gilt ausdrücklich für die bevorzugt behandelte Jahresbewerbung, nicht zwingend für eine Einzelbewerbung. Kontaktdaten im August 2026 aus der offiziellen Quelle ergaenzt."
schwabacher-judaeimarkt-2027-jahresbewerbung,Schwabacher Judäimarkt 2027 - Jahresbewerbung,Jahrmarkt,Schwabach,Bayern,DE,Schwabach,2026-10-30,Für Jahresbewerbungen gilt der 30. Oktober 2026 als Bewerbungsschluss.,30. Oktober 2027,Online-Jahresbewerbung; mindestens sieben Jahrmärkte auswählen,"Stadt Schwabach, Marktmeister, Koenigsplatz 1b, 91126 Schwabach",Stadt Schwabach,marktmeister@schwabach.de,09122 860-359,https://service-on.schwabach.de/schwabach/form/provide/7967/,service-on.schwabach.de,official,2026-08-03,research-2026-08-03-gap-maerkte,partial,"Die Frist gilt ausdrücklich für die bevorzugt behandelte Jahresbewerbung, nicht zwingend für eine Einzelbewerbung. Kontaktdaten im August 2026 aus der offiziellen Quelle ergaenzt."
schwabacher-kinderkirchweih-2027-jahresbewerbung,Schwabacher Kinderkirchweih 2027 - Jahresbewerbung,Kinderkirchweih,Schwabach,Bayern,DE,Schwabach,2026-10-30,Für Jahresbewerbungen gilt der 30. Oktober 2026 als Bewerbungsschluss.,16. bis 30. April 2027,Online-Jahresbewerbung; mindestens sieben Jahrmärkte auswählen,"Stadt Schwabach, Marktmeister, Koenigsplatz 1b, 91126 Schwabach",Stadt Schwabach,marktmeister@schwabach.de,09122 860-359,https://service-on.schwabach.de/schwabach/form/provide/7967/,service-on.schwabach.de,official,2026-08-03,research-2026-08-03-gap-maerkte,partial,Die Frist wird auf der offiziellen Seite nur für Jahresbewerbungen genannt; diese müssen mindestens sieben Jahrmärkte umfassen. Kontaktdaten im August 2026 aus der offiziellen Quelle ergaenzt.
schwabacher-kirchweihmarkt-2027-jahresbewerbung,Schwabacher Kirchweihmarkt 2027 - Jahresbewerbung,Kirchweihmarkt,Schwabach,Bayern,DE,Schwabach,2026-10-30,Für Jahresbewerbungen gilt der 30. Oktober 2026 als Bewerbungsschluss.,20. bis 22. September 2027,Online-Jahresbewerbung; mindestens sieben Jahrmärkte auswählen,"Stadt Schwabach, Marktmeister, Koenigsplatz 1b, 91126 Schwabach",Stadt Schwabach,marktmeister@schwabach.de,09122 860-359,https://service-on.schwabach.de/schwabach/form/provide/7967/,service-on.schwabach.de,official,2026-08-03,research-2026-08-03-gap-maerkte,partial,"Die Frist gilt ausdrücklich für die bevorzugt behandelte Jahresbewerbung, nicht zwingend für eine Einzelbewerbung. Kontaktdaten im August 2026 aus der offiziellen Quelle ergaenzt."
schwabacher-laetaremarkt-2027-jahresbewerbung,Schwabacher Lätaremarkt 2027 - Jahresbewerbung,Jahrmarkt,Schwabach,Bayern,DE,Schwabach,2026-10-30,Für Jahresbewerbungen gilt der 30. Oktober 2026 als Bewerbungsschluss.,8. März 2027,Online-Jahresbewerbung; mindestens sieben Jahrmärkte auswählen,"Stadt Schwabach, Marktmeister, Koenigsplatz 1b, 91126 Schwabach",Stadt Schwabach,marktmeister@schwabach.de,09122 860-359,https://service-on.schwabach.de/schwabach/form/provide/7967/,service-on.schwabach.de,official,2026-08-03,research-2026-08-03-gap-maerkte,partial,"Die Frist gilt ausdrücklich für die bevorzugt behandelte Jahresbewerbung, nicht zwingend für eine Einzelbewerbung. Kontaktdaten im August 2026 aus der offiziellen Quelle ergaenzt."
schwabacher-lichtmessmarkt-2027-jahresbewerbung,Schwabacher Lichtmessmarkt 2027 - Jahresbewerbung,Jahrmarkt,Schwabach,Bayern,DE,Schwabach,2026-10-30,Für Jahresbewerbungen gilt der 30. Oktober 2026 als Bewerbungsschluss.,8. Februar 2027,Online-Jahresbewerbung; mindestens sieben Jahrmärkte auswählen,"Stadt Schwabach, Marktmeister, Koenigsplatz 1b, 91126 Schwabach",Stadt Schwabach,marktmeister@schwabach.de,09122 860-359,https://service-on.schwabach.de/schwabach/form/provide/7967/,service-on.schwabach.de,official,2026-08-03,research-2026-08-03-gap-maerkte,partial,"Die Frist gilt ausdrücklich für die bevorzugt behandelte Jahresbewerbung, nicht zwingend für eine Einzelbewerbung. Kontaktdaten im August 2026 aus der offiziellen Quelle ergaenzt."
schwabacher-walburgismarkt-2027-jahresbewerbung,Schwabacher Walburgismarkt 2027 - Jahresbewerbung,Jahrmarkt,Schwabach,Bayern,DE,Schwabach,2026-10-30,Für Jahresbewerbungen gilt der 30. Oktober 2026 als Bewerbungsschluss.,10. Mai 2027,Online-Jahresbewerbung; mindestens sieben Jahrmärkte auswählen,"Stadt Schwabach, Marktmeister, Koenigsplatz 1b, 91126 Schwabach",Stadt Schwabach,marktmeister@schwabach.de,09122 860-359,https://service-on.schwabach.de/schwabach/form/provide/7967/,service-on.schwabach.de,official,2026-08-03,research-2026-08-03-gap-maerkte,partial,"Die Frist gilt ausdrücklich für die bevorzugt behandelte Jahresbewerbung, nicht zwingend für eine Einzelbewerbung. Kontaktdaten im August 2026 aus der offiziellen Quelle ergaenzt."
schwabacher-weihnachtsjahrmarkt-2027-jahresbewerbung,Schwabacher Weihnachtsjahrmarkt 2027 - Jahresbewerbung,Weihnachtsjahrmarkt,Schwabach,Bayern,DE,Schwabach,2026-10-30,Für Jahresbewerbungen gilt der 30. Oktober 2026 als Bewerbungsschluss.,10. bis 12. Dezember 2027,Online-Jahresbewerbung; mindestens sieben Jahrmärkte auswählen,"Stadt Schwabach, Marktmeister, Koenigsplatz 1b, 91126 Schwabach",Stadt Schwabach,marktmeister@schwabach.de,09122 860-359,https://service-on.schwabach.de/schwabach/form/provide/7967/,service-on.schwabach.de,official,2026-08-03,research-2026-08-03-gap-maerkte,partial,"Die Frist gilt ausdrücklich für die bevorzugt behandelte Jahresbewerbung, nicht zwingend für eine Einzelbewerbung. Kontaktdaten im August 2026 aus der offiziellen Quelle ergaenzt."
schwabacher-weihnachtsmarkt-2027-jahresbewerbung,Schwabacher Weihnachtsmarkt 2027 - Jahresbewerbung,Weihnachtsmarkt,Schwabach,Bayern,DE,Schwabach,2026-10-30,Für Jahresbewerbungen gilt der 30. Oktober 2026 als Bewerbungsschluss.,3. bis 5. Dezember und 9. bis 12. Dezember 2027,Online-Jahresbewerbung; mindestens sieben Jahrmärkte auswählen,"Stadt Schwabach, Marktmeister, Koenigsplatz 1b, 91126 Schwabach",Stadt Schwabach,marktmeister@schwabach.de,09122 860-359,https://service-on.schwabach.de/schwabach/form/provide/7967/,service-on.schwabach.de,official,2026-08-03,research-2026-08-03-gap-maerkte,partial,"Die Frist gilt ausdrücklich für die bevorzugt behandelte Jahresbewerbung, nicht zwingend für eine Einzelbewerbung. Kontaktdaten im August 2026 aus der offiziellen Quelle ergaenzt."
weihnachtsmarkt-2026-sonneberg,Sonneberger Weihnachtsmarkt 2026,Weihnachtsmarkt,Sonneberg,Thüringen,DE,,2026-10-30,30.10.2026,10. bis 13. Dezember 2026,"Bewerbung über Anmeldeformulare, abrufbar unter sonneberg.de/rathaus/verwaltung/kultur.html; Stadtverwaltung Sonneberg ruft Schausteller, Markthändler, Vereine und Einrichtungen zur Bewerbung für Volksfeste und Märkte 2026 auf.","Bahnhofsplatz 1, 96515 Sonneberg",,,03675 880-0,https://sonneberg.de/aktuelles/beitrag/nach-dem-fest-ist-vor-dem-fest-sonneberg-sucht-mitwirkende-fuer-volksfeste-und-maerkte-2026.html,sonneberg.de,official,2026-09-16,th-gesamt-2026-09,partial,"Konkretes Datum fuer 2026 genannt (30.10.2026), Bewerbungsweg ueber Formulare auf sonneberg.de beschrieben; jedoch keine namentliche Kontaktperson, keine spezifische Bewerbungs-Postadresse und kein konkreter Veranstaltungsort auf der Quellseite genannt, daher 'partial' statt 'verified'. Die Sammelseite listet zusaetzlich fuenf weitere Sonneberger Veranstaltungen 2026, deren Bewerbungsfristen bereits verstrichen sind (siehe rejected_candidates)."
speyerer-fruehlingsmarkt-2027-speyer,Speyerer Frühlingsmarkt 2027,Frühlingsmarkt / Pflanzen- und Gartenmarkt,Speyer,Rheinland-Pfalz,DE,Maximilianstraße vom Dom bis zum Altpörtel,2026-10-30,30.10.2026,17.04.-18.04.2027,Offizielles Anmeldeformular per E-Mail oder an die Stadtverwaltung,"Stadtverwaltung Speyer, 020/Wirtschaftsförderung, Stadtmarketing, Veranstaltungen, Kleine Pfaffengasse 21, 67346 Speyer",Heidi Jester / Lena Damian,veranstaltungen@stadt-speyer.de,06232 14-2748 / 06232 14-2731,https://www.speyer.de/de/veranstaltungen/downloadbereich/anmeldeformular-fruehlingsmarkt-2027.pdf?cid=4gxm,speyer.de,official,2026-08-03,research-2026-08-03-rp-sl,verified,"Die offizielle Ausschreibung richtet sich an Aussteller mit Artikeln und Waren zur Garten-, Balkon- und Terrassengestaltung sowie passenden Verpflegungsangeboten."
stoppelmarkt-2027-vechta,Stoppelmarkt Vechta 2027,Volksfest / Jahrmarkt,Vechta,Niedersachsen,DE,Stoppelmarktgelände,2026-10-30,Bewerbungsschluss: 30. Oktober 2026 (Ausschlussfrist).,12.08.-17.08.2027,Gesondert für jedes Geschäft online über das Bewerbungsportal,"Stadt Vechta, Stabstelle für Presse- und Öffentlichkeitsarbeit, Kultur, Heimatpflege und Marktwesen, Burgstraße 6, 49377 Vechta",Marktverwaltung Stadt Vechta,marktverwaltung@vechta.de,04441 886-1301,https://www.stoppelmarkt.de/service-infos/infos-schausteller/,stoppelmarkt.de,official,2026-08-03,research-2026-08-03-ni-hb-hh,verified,Offizielle Stoppelmarkt-Seite der Stadt Vechta.
weidener-fruehlingsfest-2027-weiden,Weidener Frühlingsfest 2027,Volksfest,Weiden in der Oberpfalz,Bayern,DE,Festplatz an der Conrad-Röntgen-Straße,2026-10-30,30. Oktober 2026,30.04.-09.05.2027,Schriftlich per Post,"Stadt Weiden i.d.OPf., Amt für öffentliche Ordnung, Dr.-Pfleger-Straße 15, 92637 Weiden i.d.OPf.",Amt für öffentliche Ordnung,,,https://www.weiden.de/fileadmin/user_upload/A_Stadt-Rathaus-Buerger/A04_Presse-Medien/Amtsblatt/2026_07_15_nr_13.pdf,weiden.de,official,2026-08-03,research-2026-08-03-bayern,verified,Amtliche Bekanntmachung im Amtsblatt Nr. 13/2026 der Stadt Weiden.
weidener-volksfest-2027-weiden,Weidener Volksfest 2027,Volksfest,Weiden in der Oberpfalz,Bayern,DE,Festplatz an der Conrad-Röntgen-Straße,2026-10-30,30. Oktober 2026,16.09.-26.09.2027,Schriftlich per Post,"Stadt Weiden i.d.OPf., Amt für öffentliche Ordnung, Dr.-Pfleger-Straße 15, 92637 Weiden i.d.OPf.",Amt für öffentliche Ordnung,,,https://www.weiden.de/fileadmin/user_upload/A_Stadt-Rathaus-Buerger/A04_Presse-Medien/Amtsblatt/2026_07_15_nr_13.pdf,weiden.de,official,2026-08-03,research-2026-08-03-bayern,verified,Amtliche Bekanntmachung im Amtsblatt Nr. 13/2026 der Stadt Weiden.
freie-scholle-2027,124. Freie Scholle 2027,Volksfest / Jahrmarkt,Berlin,Berlin,DE,,2026-10-31,Die Bewerbungsfrist für das Veranstaltungsjahr 2027 endet am 31.10.2026.,Veranstaltungsjahr 2027; genaue Termine sind auf der offiziellen Seite noch mit 'Info folgt' gekennzeichnet.,"Digital über das Bewerbungsportal 2027; jedes Geschäft ist einzeln zu erfassen, eine Bewerbung für mehrere Veranstaltungen ist möglich.","Schaustellerverband Berlin e.V., Rosenheimer Str. 5, 10781 Berlin",Schaustellerverband Berlin e.V.,info@svbev.de,030 213 32 90,https://volksfest-berlin.de/volksfest-2027/,volksfest-berlin.de,official,2026-08-03,berlin-2027-deep-feste,partial,Offizielle Veranstalterseite bestätigt Veranstaltung und Frist. Exakte 2027-Termine und Veranstaltungsort wurden noch nicht veröffentlicht; keine Vorjahresdaten übertragen.
weihnachtsmarkt-city-berlin-2027,44. Weihnachtsmarkt City 2027,Weihnachtsmarkt / Großveranstaltung,Berlin,Berlin,DE,,2026-10-31,Die Bewerbungsfrist für das Veranstaltungsjahr 2027 endet am 31.10.2026.,Veranstaltungsjahr 2027; genaue Termine sind auf der offiziellen Seite noch mit 'Info folgt' gekennzeichnet.,"Digital über das Bewerbungsportal 2027; jedes Geschäft ist einzeln zu erfassen, eine Bewerbung für mehrere Veranstaltungen ist möglich.","Schaustellerverband Berlin e.V., Rosenheimer Str. 5, 10781 Berlin",Schaustellerverband Berlin e.V.,info@svbev.de,030 213 32 90,https://volksfest-berlin.de/volksfest-2027/,volksfest-berlin.de,official,2026-08-03,berlin-2027-deep-feste,partial,Offizielle Veranstalterseite bestätigt Veranstaltung und Frist. Exakte 2027-Termine und Veranstaltungsort wurden noch nicht veröffentlicht; keine Vorjahresdaten übertragen.
berliner-fruehlingsfest-2027,55. Berliner Frühlingsfest 2027,Frühlingsvolksfest / Jahrmarkt,Berlin,Berlin,DE,,2026-10-31,Die Bewerbungsfrist für das Veranstaltungsjahr 2027 endet am 31.10.2026.,Veranstaltungsjahr 2027; genaue Termine sind auf der offiziellen Seite noch mit 'Info folgt' gekennzeichnet.,"Digital über das Bewerbungsportal 2027; jedes Geschäft ist einzeln zu erfassen, eine Bewerbung für mehrere Veranstaltungen ist möglich.","Schaustellerverband Berlin e.V., Rosenheimer Str. 5, 10781 Berlin",Schaustellerverband Berlin e.V.,info@svbev.de,030 213 32 90,https://volksfest-berlin.de/volksfest-2027/,volksfest-berlin.de,official,2026-08-03,berlin-2027-deep-feste,partial,Offizielle Veranstalterseite bestätigt Veranstaltung und Frist. Exakte 2027-Termine und Veranstaltungsort wurden noch nicht veröffentlicht; keine Vorjahresdaten übertragen.
berliner-volksfestsommer-2027,64. Berliner Volksfestsommer 2027,Sommervolksfest / Jahrmarkt,Berlin,Berlin,DE,,2026-10-31,Die Bewerbungsfrist für das Veranstaltungsjahr 2027 endet am 31.10.2026.,Veranstaltungsjahr 2027; genaue Termine sind auf der offiziellen Seite noch mit 'Info folgt' gekennzeichnet.,"Digital über das Bewerbungsportal 2027; jedes Geschäft ist einzeln zu erfassen, eine Bewerbung für mehrere Veranstaltungen ist möglich.","Schaustellerverband Berlin e.V., Rosenheimer Str. 5, 10781 Berlin",Schaustellerverband Berlin e.V.,info@svbev.de,030 213 32 90,https://volksfest-berlin.de/volksfest-2027/,volksfest-berlin.de,official,2026-08-03,berlin-2027-deep-feste,partial,Offizielle Veranstalterseite bestätigt Veranstaltung und Frist. Exakte 2027-Termine und Veranstaltungsort wurden noch nicht veröffentlicht; keine Vorjahresdaten übertragen.
steglitzer-woche-2027,73. Steglitzer Woche 2027,Volksfest / Jahrmarkt,Berlin,Berlin,DE,,2026-10-31,Die Bewerbungsfrist für das Veranstaltungsjahr 2027 endet am 31.10.2026.,Veranstaltungsjahr 2027; genaue Termine sind auf der offiziellen Seite noch mit 'Info folgt' gekennzeichnet.,"Digital über das Bewerbungsportal 2027; jedes Geschäft ist einzeln zu erfassen, eine Bewerbung für mehrere Veranstaltungen ist möglich.","Schaustellerverband Berlin e.V., Rosenheimer Str. 5, 10781 Berlin",Schaustellerverband Berlin e.V.,info@svbev.de,030 213 32 90,https://volksfest-berlin.de/volksfest-2027/,volksfest-berlin.de,official,2026-08-03,berlin-2027-deep-feste,partial,Offizielle Veranstalterseite bestätigt Veranstaltung und Frist. Exakte 2027-Termine und Veranstaltungsort wurden noch nicht veröffentlicht; keine Vorjahresdaten übertragen.
adventsleuchten-2026-rotenburg-wuemme,Adventsleuchten (Weihnachtsmarkt) Rotenburg (Wümme) 2026,Weihnachtsmarkt,Rotenburg (Wümme),Niedersachsen,DE,Innenstadt Rotenburg (Wümme),2026-10-31,Satzung der Stadt Rotenburg (Wümme): 'Bewerbungsschluss ist der 31. Oktober jeden Jahres.',"04.-06.12.2026 (2. Adventswochenende, laut Satzung: Freitag bis Sonntag)",Schriftliche/Online-Anmeldung bei der Stadtverwaltung,"Stadt Rotenburg (Wümme), Große Str. 1, 27356 Rotenburg (Wümme)",Stadtverwaltung Rotenburg (Wümme),stadt@rotenburg-wuemme.de,04261 710,https://www.rotenburg-wuemme.de/Bekanntmachungen/Satzung-der-Stadt-Rotenburg-Wuemme-zur-Regelung-des-Weihnachtsmarktes-Adventsleuchten.html,rotenburg-wuemme.de,official,2026-09-13,ni-lueneburg-elbe-2026-09,partial,"Statutarische Dauerregel aus der Weihnachtsmarktsatzung (verabschiedet 26.10.2023): Bewerbungsschluss jaehrlich 31. Oktober, schriftliche Zulassung ergeht bis Mitte November. Frist fuer 2026 (31.10.2026) liegt noch in der Zukunft, keine Ableitung noetig. Veranstaltungsdatum aus der Satzungsregel '2. Adventswochenende' fuer 2026 berechnet (04.-06.12.2026), nicht auf einer Seite explizit fuer 2026 bestaetigt."
ahlener-herbstkirmes-2027-ahlen,Ahlener Herbstkirmes 2027,Kirmes,Ahlen,Nordrhein-Westfalen,DE,Dr.-Paul-Rosenbaum-Platz,2026-10-31,"Die Stadt Ahlen setzt den Bewerbungsschluss fuer ihre Kirmesveranstaltungen jeweils auf den 31. Oktober des Vorjahres, fuer 2027 also auf den 31.10.2026.",Anfang Oktober 2027; der genaue Termin ist noch nicht veroeffentlicht.,Bewerbung mit dem offiziellen Formular fuer die Herbstkirmes an das Marktwesen der Stadt Ahlen.,"Stadt Ahlen, Amt 1.2 Recht, Ordnung und Zentrale Vergabe, Marktwesen, Westenmauer 10, 59227 Ahlen",Marktwesen der Stadt Ahlen,marktwesen@stadt.ahlen.de,02382 59453,https://www.ahlen.de/freizeit-und-touristik/ahlener-kirmes/infos-fuer-schaustellende,ahlen.de,official,2026-08-04,de-2026-08-regelfristen-01,partial,"Zweite Ahlener Kirmes im Jahr, gleiche Frist wie die Maikirmes."
ahlener-maikirmes-2027-ahlen,Ahlener Maikirmes 2027,Kirmes,Ahlen,Nordrhein-Westfalen,DE,Dr.-Paul-Rosenbaum-Platz,2026-10-31,"Die Stadt Ahlen setzt den Bewerbungsschluss fuer ihre Kirmesveranstaltungen jeweils auf den 31. Oktober des Vorjahres, fuer 2027 also auf den 31.10.2026.",Anfang Mai 2027; der genaue Termin ist noch nicht veroeffentlicht.,Bewerbung mit dem offiziellen Formular fuer die Maikirmes an das Marktwesen der Stadt Ahlen.,"Stadt Ahlen, Amt 1.2 Recht, Ordnung und Zentrale Vergabe, Marktwesen, Westenmauer 10, 59227 Ahlen",Marktwesen der Stadt Ahlen,marktwesen@stadt.ahlen.de,02382 59453,https://www.ahlen.de/freizeit-und-touristik/ahlener-kirmes/infos-fuer-schaustellende,ahlen.de,official,2026-08-04,de-2026-08-regelfristen-01,partial,Die Stadt vergibt Mai- und Herbstkirmes ueber getrennte Formulare mit gemeinsamer Frist. Fristdatum aus dem Jahrgang 2026 abgeleitet.
berliner-herbstrummel-2027,Berliner Herbstrummel 2027,Herbstrummel / Jahrmarkt,Berlin,Berlin,DE,,2026-10-31,Die Bewerbungsfrist für das Veranstaltungsjahr 2027 endet am 31.10.2026.,Veranstaltungsjahr 2027; genaue Termine sind auf der offiziellen Seite noch mit 'Info folgt' gekennzeichnet.,"Digital über das Bewerbungsportal 2027; jedes Geschäft ist einzeln zu erfassen, eine Bewerbung für mehrere Veranstaltungen ist möglich.","Schaustellerverband Berlin e.V., Rosenheimer Str. 5, 10781 Berlin",Schaustellerverband Berlin e.V.,info@svbev.de,030 213 32 90,https://volksfest-berlin.de/volksfest-2027/,volksfest-berlin.de,official,2026-08-03,berlin-2027-deep-feste,partial,Offizielle Veranstalterseite bestätigt Veranstaltung und Frist. Exakte 2027-Termine und Veranstaltungsort wurden noch nicht veröffentlicht; keine Vorjahresdaten übertragen.
blasheimer-markt-2027-luebbecke,Blasheimer Markt 2027,Volksfest / Gewerbe- und Gerätemarkt,Lübbecke,Nordrhein-Westfalen,DE,Blasheim,2026-10-31,31.10.2026,02.09.-05.09.2027,Schriftlich mit offiziellem Bewerbungsformular,"Stadt Lübbecke, Dezernat 1 - Ordnung, Postfach 1453, 32294 Lübbecke","Stadt Lübbecke, Dezernat 1 - Ordnung",,,https://blasheimermarkt.de/fuer-schausteller/,blasheimermarkt.de,official,2026-08-03,research-2026-08-03-nrw,verified,Die Bewerbung muss am Stichtag vollständig bei der Stadt Lübbecke vorliegen. | Separate Gewerbezelt-Frist 31.03.2027 nicht als eigener Eintrag erfasst.
coburger-vogelschiessen-2027-coburg,Coburger Vogelschießen 2027,Volksfest / Schützenfest,Coburg,Bayern,DE,Anger/Festplatz Coburg,2026-10-31,Bewerbungen sind jährlich bis 31. Oktober für das Vogelschießen des Folgejahres einzureichen; für 2027 somit 31.10.2026.,Kalenderjahr 2027; genauer Veranstaltungszeitraum noch nicht veröffentlicht,Schriftlich mit dem offiziellen Bewerbungsformular beim Platzmeister,"Schützengesellschaft Coburg 1354 e.V., Schießanlage Weichengereuth 50, 96450 Coburg",Platzmeister Stefan Schober,platzmeister@coburgervogelschiessen.de,09562 404944,https://vogelschiessen-coburg.de/bewerbung/,vogelschiessen-coburg.de,official,2026-08-03,by-2027-deep-rb-oberfranken,partial,Die offizielle Veranstalterseite bestätigt die jährlich geltende Folgejahresfrist. Der genaue 2027-Termin ist noch nicht veröffentlicht.
erdinger-herbstfest-2027-erding,Erdinger Herbstfest 2027,Volksfest,Erding,Bayern,DE,Festplatz Erding,2026-10-31,"Die Stadt Erding setzt den Bewerbungsschluss jeweils auf den 31. Oktober, 12 Uhr, des Vorjahres, fuer das Herbstfest 2027 also auf den 31.10.2026.",Zehn Tage ab dem letzten Freitag im August; 2026 vom 28. August bis 6. September.,Schriftliche Einreichung mit Bewerbungsformular und Bildern des Verkaufsstands. Formulare unter www.erding.de/formularservice.,"Stadt Erding, Landshuter Strasse 1, 85435 Erding",Stadt Erding,info@erding.de,,https://www.erding.de/meldungen-detail/fuer-herbstfest-bewerben,erding.de,official,2026-08-04,by-oberbayern-2026-08,partial,"Drittgroesstes Volksfest Oberbayerns nach Muenchen und Rosenheim, Tradition seit 1816, rund 400.000 Besucher. Hinweis zur Ableitung: Die Stadt formuliert die Frist als 'Freitag, 31. Oktober'. Der 31.10.2026 faellt auf einen Samstag, die Stadt koennte den Termin daher auf Freitag, den 30.10.2026 vorziehen. Vor Bewerbung genaues Datum bei der Stadt bestaetigen lassen."
fraenkisches-volksfest-2027-crailsheim,Fränkisches Volksfest Crailsheim 2027,Volksfest,Crailsheim,Baden-Württemberg,DE,Volksfestplatz Crailsheim,2026-10-31,Bewerbungsfrist bis spätestens 31. Oktober 2026,17.09.-20.09.2027,Ausschließlich digital über das offizielle Bewerbungsportal,"Stadt Crailsheim, Ressort Soziales & Kultur, Schlossplatz 2, 74564 Crailsheim",Ressort Soziales & Kultur,kultur@crailsheim.de,+49 7951 4031115,https://volksfest-crailsheim.de/festplatz/vergnuegungspark%2B2026,volksfest-crailsheim.de,official,2026-08-03,research-2026-08-03-bw-he,verified,"Die Seite trägt technisch noch 2026 in der URL, veröffentlicht aber ausdrücklich die Bewerbung für den Vergnügungspark 2027."
freiburger-fruehjahrsmess-2027-freiburg,Freiburger Frühjahrsmess' 2027,Volksfest / Mess',Freiburg im Breisgau,Baden-Württemberg,DE,Messplatz Freiburg,2026-10-31,"Das offizielle Bewerbungsformular muss jedes Jahr bis zum 31.10., 23:59 Uhr online eingereicht werden.",14.05. bis 24.05.2027,Ausschließlich online über das offizielle Formular; Papierbewerbungen werden nicht mehr akzeptiert.,"Stadt Freiburg, Garten- und Tiefbauamt, Rathaus im Stuehlinger, Fehrenbachallee 12, 79106 Freiburg",Detlef Marx,detlef.marx@stadt.freiburg.de,+49 761 2014654,https://freiburgermess.freiburg.de/beschicker,freiburgermess.freiburg.de,official,2026-08-03,de-2026-08-breitensuche-01,verified,Die Stadt Freiburg nennt den Bewerbungsschluss als feste jährliche Regel und weist die Termine 2026 und 2027 bereits aus. | Offizielle Beschickerseite der Stadt/FWTM nennt die 2027-Termine und die jährliche Bewerbungsfrist bis 31.10. des Vorjahres.
freiburger-herbstmess-2027-freiburg,Freiburger Herbstmess' 2027,Volksfest / Mess',Freiburg im Breisgau,Baden-Württemberg,DE,Messplatz Freiburg,2026-10-31,"Das offizielle Bewerbungsformular muss jedes Jahr bis zum 31.10., 23:59 Uhr online eingereicht werden.",15.10. bis 25.10.2027,Ausschließlich online über das offizielle Formular; Papierbewerbungen werden nicht mehr akzeptiert.,"Stadt Freiburg, Garten- und Tiefbauamt, Rathaus im Stuehlinger, Fehrenbachallee 12, 79106 Freiburg",Detlef Marx,detlef.marx@stadt.freiburg.de,+49 761 2014654,https://freiburgermess.freiburg.de/beschicker,freiburgermess.freiburg.de,official,2026-08-03,de-2026-08-breitensuche-01,verified,Gemeinsame Bewerbungsfrist mit der Frühjahrsmess'; im Formular ist die gewuenschte Veranstaltung anzugeben. | Offizielle Beschickerseite der Stadt/FWTM nennt die 2027-Termine und die jährliche Bewerbungsfrist bis 31.10. des Vorjahres.
fruehjahrs-kramermarkt-2027-delmenhorst,Frühjahrs-Kramermarkt Delmenhorst 2027,Kramermarkt / Volksfest,Delmenhorst,Niedersachsen,DE,Graftwiesen,2026-10-31,Antraege sind bis zum 31.10. des Vorjahres schriftlich zu stellen.,Frühjahr 2027; genauer Veranstaltungstermin noch nicht auf der offiziellen Quelle ausgewiesen,Schriftlicher Antrag auf Zulassung gemäß Marktordnung,"Stadt Delmenhorst, Gewerbeservice - Marktverwaltung, Rathausplatz 1, 27749 Delmenhorst",Gewerbeservice - Marktverwaltung der Stadt Delmenhorst,,,https://www.delmenhorst.de/medien/bindata/aktuelles/amtsblatt-2023/Amtsblatt_Stadt-Delmenhorst_2023-Ausgabe-Nr.27.pdf,delmenhorst.de,official,2026-08-03,research-2026-08-03-ni-hb-hh,partial,Die aktuell veröffentlichte Marktordnung bestätigt die jährliche Frist; der konkrete Markttermin 2027 fehlt auf der Quelle.
gevelsberger-kirmes-2027-gevelsberg,Gevelsberger Kirmes 2027,Straßenkirmes / Volksfest,Gevelsberg,Nordrhein-Westfalen,DE,Gevelsberger Kirmesstrecke,2026-10-31,Bewerbungen sind bis zum 31. Oktober 2026 einzureichen,25.06.-29.06.2027,"Schriftliche Bewerbung mit Reisegewerbekarte oder Gewerbeanmeldung, aktuellem Foto und Rückporto","Stadt Gevelsberg, Zentraler Service, Bürger- und Ordnungsdienste, Postfach 2360, 58265 Gevelsberg",Allgemeine Ordnungsangelegenheiten der Stadt Gevelsberg,poststelle@stadtgevelsberg.de,02332 771-180,https://www.gevelsberg.de/Unsere-Stadt/Kirmes/,gevelsberg.de,official,2026-08-03,research-2026-08-03-de-gap,verified,Die offizielle Stadtseite enthält die vollständige Ausschreibung für 2027.
laternenfest-2027-bad-homburg,Laternenfest Bad Homburg 2027,Stadtfest / Volksfest,Bad Homburg vor der Höhe,Hessen,DE,Bad Homburger Innenstadt,2026-10-31,Vollständige Bewerbungen für 2027 bis 31. Oktober 2026,Laternenfest 2027,Schriftlich per Post oder per E-Mail mit vollständigen Stand- und Geschäftsdaten,"Kur- und Kongreß-GmbH, Kaiser-Wilhelms-Bad, 61348 Bad Homburg vor der Höhe",Kur- und Kongreß-GmbH Bad Homburg,laternenfest@kuk.bad-homburg.de,,https://app.bad-homburg.de/de/erleben/ausgehen/feste-und-festivals/laternenfest/bewerbung,app.bad-homburg.de,official,2026-08-03,research-2026-08-03-bw-he,partial,Konkrete Frist für 2027 bestätigt; Veranstaltungstermin 2027 ist noch nicht auf der Bewerbungsseite veröffentlicht.
muenster-send-2027-muenster,Münster Send 2027,Send / Volksfest,Münster,Nordrhein-Westfalen,DE,Schlossplatz,2026-10-31,31.10.2026 (bis zum 31. Oktober für Termine im Folgejahr),"Frühjahrssend: 03.04.-11.04.2027, Sommersend: 15.07.-19.07.2027, Herbstsend: 23.10.-31.10.2027",Online oder per E-Mail mit offiziellem Formular,"Ordnungsamt, Stadt Münster, Klemensstraße 10, 48127 Münster",Simon Kösters,32_send@stadt-muenster.de,0251 492-3261,https://www.stadt-muenster.de/send/hinweise-fuer-schausteller,stadt-muenster.de,official,2026-08-03,research-2026-08-03-nrw,verified,Für jeden Betrieb ist ein vollständig ausgefülltes Formular mit aktuellem Foto oder Prospekt erforderlich.
naumburger-fruehjahrsfest-2027-schausteller,Naumburger Frühjahrsfest 2027,Volksfest / Schaustellerfest,Naumburg (Saale),Sachsen-Anhalt,DE,Naumburg (Saale),2026-10-31,31.10.2026,Samstag eine Woche vor Ostern bis Ostermontag 2027,Schriftlicher Antrag auf Zuweisung eines Standplatzes,,"Stadt Naumburg (Saale), Marktverwaltung",ordnungsamt@naumburg-stadt.de,+49 3445 273-340,https://www.naumburg.de/de/1597%2C1164/103945%2C1164%2Cde%2C1.html,naumburg.de,official,2026-08-03,research-2026-08-03-sn-st-th,partial,Amtliche Marktordnung § 18; Teilnahme ist auf Schausteller mit gültigem Reisegewerbe beschränkt. Kontaktdaten im August 2026 aus der offiziellen Quelle ergaenzt.
naumburger-kirschfest-2027-festzelte,Naumburger Hussiten-Kirschfest 2027 - Festzelte,Volksfest / Stadtfest,Naumburg (Saale),Sachsen-Anhalt,DE,Vogelwiese,2026-10-31,31.10.2026,Donnerstag bis Montag am letzten Wochenende im Juni 2027,Schriftlich bei der Stadt Naumburg (Saale),,"Stadt Naumburg (Saale), Marktverwaltung",ordnungsamt@naumburg-stadt.de,+49 3445 273-340,https://www.naumburg.de/de/1597%2C1164/103945%2C1164%2Cde%2C1.html,naumburg.de,official,2026-08-03,research-2026-08-03-sn-st-th,partial,Amtliche Marktordnung § 14; Vereins- und vereinsgeführte Gemeinschaftszelte werden vorrangig berücksichtigt. Kontaktdaten im August 2026 aus der offiziellen Quelle ergaenzt.
naumburger-taubenmarkt-2027-zubehoer-gastronomie,Naumburger Taubenmarkt 2027 - Zubehör und Gastronomie,Spezialmarkt / Tiermarkt,Naumburg (Saale),Sachsen-Anhalt,DE,Naumburg (Saale),2026-10-31,31.10.2026,Je ein Samstag im Januar und Februar 2027; genaue Termine werden offiziell bis 31.08.2026 veröffentlicht,Schriftlich bei der Stadt Naumburg (Saale),,"Stadt Naumburg (Saale), Marktverwaltung",ordnungsamt@naumburg-stadt.de,+49 3445 273-340,https://www.naumburg.de/de/1597%2C1164/103945%2C1164%2Cde%2C1.html,naumburg.de,official,2026-08-03,research-2026-08-03-sn-st-th,partial,Amtliche Marktordnung § 11; diese Frist gilt für Taubenzubehör sowie Imbiss- und Getränkeverkauf. Kontaktdaten im August 2026 aus der offiziellen Quelle ergaenzt.
noerdlinger-mess-2027-schausteller-noerdlingen,Nördlinger Mess' 2027 - Schausteller,Volksfest / Jahrmarkt,Nördlingen,Bayern,DE,Kaiserwiese,2026-10-31,Bewerbungsschluss für Schausteller: 31.10.2026,29.05.-07.06.2027,Offizielles Bewerbungsformular der Stadt Nördlingen ausfüllen und bei der Tourist-Information einreichen,"Tourist-Information Nördlingen, Marktplatz 2, 86720 Nördlingen",Tourist-Information Nördlingen,tourist-information@noerdlingen.de,09081 84-116,https://www.noerdlingen.de/tourismus/veranstaltungen/noerdlinger-mess,noerdlingen.de,official,2026-08-03,by-2027-deep-rb-schwaben,verified,"Die offizielle Veranstaltungsseite nennt den Termin 2027, den Bewerbungsschluss für Schausteller und verlinkt das Bewerbungsformular 2027. | Die offizielle Veranstaltungsseite nennt für Schausteller und Markthändler unterschiedliche Fristen. | Frist für Schausteller; Markthändler haben eine separate Frist."
oberpfaelzer-kulturtage-2027-kemnath,Oberpfälzer Kulturtage 2027,Kulturfest / Veranstaltungsreihe,Kemnath,Bayern,DE,Kemnath und Kemnather Land,2026-10-31,Ideen und Angebote können bis zum 31. Oktober 2026 gemeldet werden.,04.06.-06.06.2027,Erfassungsbogen per E-Mail an das Stadtmarketing Kemnath,"Stadt Kemnath, Stadtplatz 38, 95478 Kemnath",Nina Lang,nina.lang@kemnath.de,+49 9642 707-717,https://www.kemnath.de/aktuelles/details?cHash=2c3c08818b37f72b6e7312cbc5ea6a2a&tx_news_pi1%5Baction%5D=detail&tx_news_pi1%5Bcontroller%5D=News&tx_news_pi1%5Bnews%5D=1489,kemnath.de,official,2026-08-03,by-2027-deep-rb-oberpfalz,verified,"Der offizielle Aufruf der Stadt Kemnath vom 23.07.2026 richtet sich unter anderem an Unternehmen, Gastronomie und Kulturschaffende. Als mögliche Beiträge werden ausdrücklich Ausstellungen sowie kulinarische und gastronomische Angebote genannt."
ravensburger-wochenmarkt-innenstadt-2027,Ravensburger Wochenmarkt Innenstadt 2027,Wochenmarkt,Ravensburg,Baden-Württemberg,DE,"Waaghaus, Marktstraße, Kirchstraße und angrenzende Innenstadtbereiche",2026-10-31,Bewerbung für das Jahr 2027 bis 31.10.2026,"Samstags im Jahr 2027, 07:00-13:00 Uhr",Bewerbung nach den Vorgaben des städtischen Marktamts,"Stadt Ravensburg, Amt für Tourismus und Stadtmarketing, Marienplatz 35, 88212 Ravensburg",Marktmeister der Stadt Ravensburg,,0751 82-2894,https://www.ravensburg.de/rv/kultur-freizeit-einkaufen/einkaufen/maerkte.php,ravensburg.de,official,2026-08-03,bw-2027-deep-rb-tuebingen,verified,Die offizielle Stadtseite nennt ausdrücklich das Bewerbungsjahr 2027 und den Bewerbungsschluss.
ravensburger-wochenmarkt-weststadt-2027,Ravensburger Wochenmarkt Weststadt 2027,Wochenmarkt,Ravensburg,Baden-Württemberg,DE,"Mittelöschstraße, Ravensburg-Weststadt",2026-10-31,Bewerbung für das Jahr 2027 bis 31.10.2026,"Donnerstags im Jahr 2027, 07:00-13:00 Uhr",Bewerbung nach den Vorgaben des städtischen Marktamts,"Stadt Ravensburg, Amt für Tourismus und Stadtmarketing, Marienplatz 35, 88212 Ravensburg",Marktmeister der Stadt Ravensburg,,0751 82-2894,https://www.ravensburg.de/rv/kultur-freizeit-einkaufen/einkaufen/maerkte.php,ravensburg.de,official,2026-08-03,bw-2027-deep-rb-tuebingen,verified,Die offizielle Stadtseite nennt ausdrücklich das Bewerbungsjahr 2027 und den Bewerbungsschluss.
schuetzenfest-hannover-2027-hannover,Schützenfest Hannover 2027,Schützenfest / Volksfest,Hannover,Niedersachsen,DE,Schützenplatz Hannover,2026-10-31,"Der Veranstalter setzt den Bewerbungsschluss jeweils auf den 31. Oktober des Vorjahres, fuer das Schützenfest 2027 also auf den 31.10.2026.",2. bis 11. Juli 2027,Ausschliesslich textliche Bewerbungen per Post oder E-Mail werden im Auswahlverfahren berücksichtigt.,"Hannoversches Schützenfest e. V., Hannover",Hannoversches Schützenfest e. V.,,,https://schuetzenfest-hannover.de/beschicker/ausschreibung/,schuetzenfest-hannover.de,official,2026-08-04,de-2026-08-regelfristen-01,partial,"Groesstes Schützenfest der Welt. Aus rund 500 Bewerbungen werden etwa 200 Beschickerinnen und Beschicker ausgewaehlt. Fristdatum aus dem Muster zweier Jahrgaenge abgeleitet (2024: 31.10.2023, 2026: 31.10.2025); die 2027-Ausschreibung war zum Pruefzeitpunkt noch nicht online."
speyerer-brezelfest-2027-speyer,Speyerer Brezelfest 2027,Volksfest,Speyer,Rheinland-Pfalz,DE,Festplatz Speyer,2026-10-31,31.10.2026,Brezelfest 2027,Schriftlich per Post,"Verkehrsverein Speyer, Veranstaltungs GmbH, Kleine Pfaffengasse 20/21, 67346 Speyer",Verkehrsverein Speyer Veranstaltungs GmbH,,,https://www.speyerer-brezelfest.de/bewerbung-als-schausteller,speyerer-brezelfest.de,official,2026-08-02,initial-manual-2026-08-02,partial,Veranstaltungszeitraum auf der Quelle erneut prüfen.
weihnachtsmarkt-2026-quakenbrueck,Weihnachtsmarkt Quakenbrück 2026,Weihnachtsmarkt,Quakenbrück,Niedersachsen,DE,Marktplatz und teilweise Theisstraße,2026-10-31,Antraege müssen bis spätestens 31.10. des jeweiligen Jahres eingegangen sein.,Samstag vor dem zweiten Advent bis zum darauffolgenden Sonntag 2026,Antrag auf Zulassung bei der Stadt Quakenbrück; eigener Stand oder Buchung einer staedtischen Weihnachtsmarkthuette,,Stadt Quakenbrück,,,https://www.landkreis-osnabrueck.de/system/files?file=2026-05%2Fnr-9.pdf,landkreis-osnabrueck.de,official,2026-08-03,research-2026-08-03-ni-hb-hh,partial,"Die am 15.05.2026 veröffentlichte Marktverordnung bestätigt Frist, Ort und jährliche Terminregel."
rp-sued-worms-backfischfest-2027,Wormser Backfischfest 2027,Volksfest,Worms,Rheinland-Pfalz,DE,"Festplatz am Rhein, Worms",2026-10-31,"Laut Kontaktseite des Backfischfests sind Bewerbungen bis spätestens 31. Oktober des Vorjahres einzureichen, d.h. für das Backfischfest 2027 bis zum 31.10.2026.",Voraussichtlich Ende August/Anfang September 2027 (2026 fand das Fest vom 29.08. bis 06.09. statt); genaues Datum 2027 auf offizieller Seite noch nicht veröffentlicht.,"Schriftliche Bewerbung an die Stadtverwaltung Worms, Abteilung Gewerbe-/Gaststättenrecht, Messen und Märkte","Stadtverwaltung Worms, Abteilung 3.02 - Gewerbe-, Gaststättenrecht / Messen und Märkte, Folzstraße 5, 67547 Worms","Abteilung 3.02 - Messen und Märkte, Stadtverwaltung Worms",backfischfest@worms.de,,https://www.backfischfest.de/backfischfest/kontakt/,backfischfest.de,official,2026-09-17,rp-gesamt-sued-2026-09,partial,"Bewerbungsfrist als wiederkehrende Regel (31.10. des Vorjahres) auf der Kontaktseite genannt, kein separates Bewerbungsformular für 2027 gefunden. Programmpunkte (Umzug, Fischerstechen) laufen über andere Ansprechpartner (KVG Worms, Project4 Events)."
eberbacher-kuckucksmarkt-2027-eberbach,Eberbacher Kuckucksmarkt 2027,Volksfest / Jahrmarkt,Eberbach,Baden-Württemberg,DE,Festgelände in der Au,2026-11-01,Bewerbungsschluss für 2027 ist der 01.11.2026,Eberbacher Kuckucksmarkt 2027,Nach den offiziellen Bewerbungsinformationen für Schausteller,,Eberbacher Kuckucksmarkt,,,https://www.eberbacher-kuckucksmarkt.de/pb/home/marktbeschicker.html,eberbacher-kuckucksmarkt.de,official,2026-08-03,research-2026-08-03-bw-he,partial,Frist und Zieljahr sind bestätigt; Veranstaltungstermin und direkte Kontaktdaten fehlen auf der geprüften Seite.
lautrer-maimarkt-2027-kaiserslautern,Lautrer Maimarkt 2027,Jahrmarkt / Kerwe,Kaiserslautern,Rheinland-Pfalz,DE,Messeplatz,2026-11-01,01.11.2026 (offizielle Bewerbungsfrist für Mai- und Oktobermarkt),2027; genauer Termin noch nicht veröffentlicht,Bewerbung bei der Marktverwaltung mit Bewerbungsunterlagen,"Marktverwaltung, Benzinoring 1, 67657 Kaiserslautern",Marktverwaltung Stadt Kaiserslautern,marktverwaltung@kaiserslautern.de,0631 365-2787 / 0631 365-4378,https://www.kaiserslautern.de/serviceportal/dl/032384/index.html.de,kaiserslautern.de,official,2026-08-03,research-2026-08-03-rp-sl,partial,Die offizielle Marktwesen-Seite nennt den 1. November als Bewerbungsfrist für Mai- und Oktobermarkt; der genaue Termin 2027 ist dort noch nicht veröffentlicht.
lautrer-oktobermarkt-2027-kaiserslautern,Lautrer Oktobermarkt 2027,Jahrmarkt / Kerwe,Kaiserslautern,Rheinland-Pfalz,DE,Messeplatz,2026-11-01,01.11.2026 (offizielle Bewerbungsfrist für Mai- und Oktobermarkt),2027; genauer Termin noch nicht veröffentlicht,Bewerbung bei der Marktverwaltung mit Bewerbungsunterlagen,"Marktverwaltung, Benzinoring 1, 67657 Kaiserslautern",Marktverwaltung Stadt Kaiserslautern,marktverwaltung@kaiserslautern.de,0631 365-2787 / 0631 365-4378,https://www.kaiserslautern.de/serviceportal/dl/032384/index.html.de,kaiserslautern.de,official,2026-08-03,research-2026-08-03-rp-sl,partial,Die offizielle Marktwesen-Seite nennt den 1. November als Bewerbungsfrist für Mai- und Oktobermarkt; der genaue Termin 2027 ist dort noch nicht veröffentlicht.
leipziger-buchmesse-2027-leipzig,Leipziger Buchmesse 2027,Publikumsmesse / Ausstellermesse,Leipzig,Sachsen,DE,Leipziger Messegelände,2026-11-01,01.11.2026,18.03.-21.03.2027,Anmeldung als Aussteller über den Ausstellerbereich der Leipziger Buchmesse,"Leipziger Messe GmbH, Messe-Allee 1, 04356 Leipzig",Ausstellerservice Leipziger Buchmesse,,,https://www.leipziger-buchmesse.de/de/ausstellen/messeauftritt-planen/termine/,leipziger-buchmesse.de,official,2026-08-03,research-2026-08-03-sn-st-th,partial,Die Veranstalterseite bestätigt Anmeldeschluss und Messetermin. Öffentliche direkte Kontaktangaben des Ausstellerservices waren auf der geprüften Terminseite nicht ausgeschrieben.
manga-comic-con-2027-leipzig,Manga Comic Con Leipzig 2027,Themenmesse / Kreativmarkt,Leipzig,Sachsen,DE,Leipziger Messe,2026-11-01,Anmeldeschluss für Aussteller:innen ist der 1. November 2026.,19. bis 22. März 2027,Online-Ausstelleranmeldung,"Leipziger Messe GmbH, Messe-Allee 1, 04356 Leipzig",Ausstellerservice Manga Comic Con,,,https://www.manga-comic-con.de/de/ausstellen/messeauftritt-planen/termine/,manga-comic-con.de,official,2026-08-03,research-2026-08-03-gap-maerkte,verified,Die separate New Artist Alley war am Recherchestichtag bereits geschlossen; erfasst ist die weiterhin offene allgemeine Ausstelleranmeldung.
giessener-popup-weihnachtsmarkt-2026-giessen,Pop-Up Weihnachtsmarkt Gießen 2026,Weihnachtsmarkt / Kunsthandwerkermarkt,Gießen,Hessen,DE,Katharinengasse,2026-11-01,Bewerbungsschluss 2026 ist der 1. November 2026,03.12.-13.12.2026; mögliche Verlängerung um ein weiteres Wochenende,"Offizielles, digital ausfüllbares PDF-Bewerbungsformular","Gießen Marketing GmbH, Südanlage 4, 35390 Gießen",Gießen Marketing GmbH,,,https://giessen-entdecken.de/bewerbungen/,giessen-entdecken.de,official,2026-08-03,research-2026-08-03-de-gap,verified,"Die Hütten sind vor allem für handgefertigte Produkte vorgesehen; eine Hütte ist für gemeinnützige Projekte, Schulklassen oder Vereine reserviert."
wittlicher-saeubrennerkirmes-2027,Wittlicher Säubrennerkirmes 2027,Kirmes / Volksfest,Wittlich,Rheinland-Pfalz,DE,Wittlicher Innenstadt,2026-11-02,"31.10.2026; weil der Stichtag auf einen Samstag fällt, gilt gemäß Richtlinie der folgende Werktag 02.11.2026",2027; genauer Termin noch nicht veröffentlicht,Bewerbung für jedes Geschäft gesondert; Einreichung bei der Stadtverwaltung Wittlich,"Stadtverwaltung Wittlich, Fachbereich III, Schloßstraße 11, 54516 Wittlich",Kulturamt Stadt Wittlich,info@kulturamt.wittlich.de,+49 6571 1466-0,https://www.wittlich.de/de/leben-in-wittlich/kultur/veranstaltungen/saeubrennerkirmes/bewerbung/zulassungsrichtlinien-fuer-die-wittlicher-saeubrennerkirmes-vom-23.06.2016-stand-29.11.2021.pdf?cid=4v4,wittlich.de,official,2026-08-03,research-2026-08-03-gap-volksfeste,partial,Die geltenden städtischen Zulassungsrichtlinien bestätigen die jährliche Frist und deren Wochenendregel; der Veranstaltungstermin 2027 ist noch nicht veröffentlicht.
bayreuther-lichtmessmarkt-2027-bayreuth,Bayreuther Lichtmessmarkt 2027,Jahrmarkt,Bayreuth,Bayern,DE,Fußgängerzone/Stadtparkett und untere Maximilianstraße,2026-11-04,Jahrmärkte: drei Monate vor Marktbeginn; für den Beginn am 04.02.2027 somit 04.11.2026.,04.02.-07.02.2027,"Persönlich, per Post, Fax oder E-Mail mit unterschriebenem Scan","Stadt Bayreuth, Amt für öffentliche Ordnung, Brand- und Katastrophenschutz, Luitpoldplatz 13, 95444 Bayreuth","Amt für öffentliche Ordnung, Brand- und Katastrophenschutz",ordnungsamt@stadt.bayreuth.de,,https://formular-server.de/BT_FS/findform?areashortname=bayreuth&formtecid=2&shortname=Maerkte_Orte-Termine,formular-server.de,official,2026-08-03,by-2027-deep-rb-oberfranken,verified,Das von der Stadt Bayreuth verlinkte amtliche Merkblatt definiert Terminregel und Frist; Datum und Frist 2027 sind daraus kalendarisch bestimmt.
arnstadt-weihnachtsmarkt-2026-standbewerbung,Arnstädter Weihnachtsmarkt 2026 (Standplatzbewerbung Stadtverwaltung),Weihnachtsmarkt,Arnstadt,Thüringen,DE,Innenstadt Arnstadt,2026-11-05,Anmeldung vier Wochen vor Veranstaltung (Bewerbungsformular 2026),03.-06.12.2026,Bewerbungsformular 2026 (PDF) per Post/E-Mail an Stadtverwaltung; Foto von Stand und Sortiment beifügen,"Stadtverwaltung Arnstadt, SG Öffentlichkeitsarbeit und Veranstaltungen, Markt 1, 99310 Arnstadt",Marktmeister Carsten Römhildt / Thomas Zeiße,markt@stadtverwaltung.arnstadt.de,03628 745756 / 745719,https://www.arnstadt.de/veranstaltungen/bewerbung,arnstadt.de,official,2026-09-19,named-ost-2026-09,partial,"Abgeleitet: Formular nennt 4 Wochen vor Veranstaltung; 03.12.2026 minus 28 Tage = 05.11.2026. Ort im Formular nicht genannt (Innenstadt angenommen aus Stadtverwaltung als Veranstalter, nicht bestätigt). Kategorien Versorger, Schausteller, Händler."
pfingstvolksfest-bad-koetzting-2027-bad-koetzting,Pfingstvolksfest Bad Kötzting 2027,Volksfest,Bad Kötzting,Bayern,DE,Pfingstfestplatz,2026-11-06,Bewerbungen können bis spätestens 06.11.2026 eingereicht werden.,15.05.-24.05.2027,Schriftlich mit dem offiziellen Bewerbungsformular; für jedes Geschäft ist eine gesonderte Bewerbung einzureichen.,"Stadt Bad Kötzting, Herrenstraße 5, 93444 Bad Kötzting",Sepp Barth,sepp.barth@bad-koetzting.de,+49 9941 40032-152,https://bad-koetzting.de/fileadmin/user_upload/ausschreibungs-unterlagen/Anschreiben_fuer_Ausschreibung_2027.pdf,bad-koetzting.de,official,2026-08-03,by-2027-deep-rb-oberpfalz,verified,"Die offizielle Ausschreibung vom 16.07.2026 nennt ausdrücklich das Pfingstvolksfest 2027, Veranstaltungszeitraum und Bewerbungsschluss. Zugelassen sind Bewerbungen unter anderem für Fahrgeschäfte, Spiel- und Geschicklichkeitsgeschäfte, Imbiss und Warenverkauf."
treuchtlinger-volksfest-2027-treuchtlingen,Treuchtlinger Volksfest 2027,Volksfest,Treuchtlingen,Bayern,DE,"Festplatz, Jahnstraße 14, 91757 Treuchtlingen",2026-11-06,Schausteller können sich bis zum 06. November 2026 bewerben.,Volksfest 2027; genauer Veranstaltungszeitraum noch nicht veröffentlicht,"Schriftliche Bewerbung bei der Kur- und Touristinformation Treuchtlingen, postalisch oder per E-Mail.","Kur- und Touristinformation Treuchtlingen, Heinrich-Aurnhammer-Straße 3, 91757 Treuchtlingen",Kur- und Touristinformation Treuchtlingen,tourismus@treuchtlingen.de,+49 9142 9600-60,https://www.tourismus-treuchtlingen.de/volksfest/,tourismus-treuchtlingen.de,official,2026-08-03,by-2027-deep-rb-mittelfranken,partial,Die offizielle Tourismusseite der Stadt nennt ausdrücklich die Schaustellerbewerbung für das Volksfest 2027 und den Bewerbungsschluss. Ein genauer Veranstaltungstermin 2027 war noch nicht veröffentlicht; der angezeigte Zeitraum 10.-19.07.2026 wurde nicht übertragen.
schuetzen-volksfest-2027-fulda,Schützen-Volksfest Fulda 2027,Schützenfest / Volksfest,Fulda,Hessen,DE,Fulda,2026-11-07,Der Bewerbungszeitraum beginnt mit dem Ende der letzten Veranstaltung am 2. August und endet am 7. November 2026 (Einsendeschluss).,Sommer 2027; die Ausgabe 2026 lief vom 24. Juli bis 2. August.,Postalische Bewerbung bei der DISTEL GmbH Veranstaltungen.,"DISTEL GmbH Veranstaltungen, Postfach 710369, 81453 München",DISTEL GmbH Veranstaltungen,mail@schuetzenfest-fulda.de,,https://www.schuetzen-volksfest.de/bewerberinfos.html,schuetzen-volksfest.de,official,2026-08-03,de-2026-08-breitensuche-04,partial,"Das Bewerbungsfenster ist zum Stichtag gerade geoeffnet. Veranstalterin sitzt in München, das Fest findet in Fulda statt."
dingolfinger-kirta-2027-dingolfing,Dingolfinger Kirta 2027,Volksfest/Jahrmarkt,Dingolfing,Bayern,DE,Festplatz Dingolfing,2026-11-09,"Bewerbungen muessen bis spaetestens Montag, 09.11.2026, per Post im Rathaus Dingolfing eingegangen sein (Eingangsstempel massgeblich).",15. bis 20. Oktober 2027,Ausschliesslich postalisch (kein Online- oder E-Mail-Antrag moeglich),"Stadt Dingolfing, Dr.-Josef-Hastreiter-Str. 2, 84130 Dingolfing",Corinna Schwimmbeck,corinna.schwimmbeck@dingolfing.de,+49 8731 501-140 / 501-145,https://www.dingolfinger-kirta.de/ausschreibung-2025-1,dingolfinger-kirta.de,official,2026-09-16,by-schwaben-niederbayern-2026-09,verified,"Offizielle Ausschreibung der Stadt Dingolfing fuer die Kirta 2027; Betriebe ueber 33,5 m Frontlaenge/24 m Tiefe sowie bestimmte Branchen (u.a. Wahrsagerei, Erotikartikel) sind ausgeschlossen."
koenigshoefer-messe-2027-schausteller,"Königshöfer Messe 2027 - Fahr-, Schau- und Belustigungsgeschäfte",Volksfest,Lauda-Königshofen,Baden-Württemberg,DE,Königshofen,2026-11-10,"Bewerbungen für die Königshöfer Messe 2027 bis spätestens 10.11.2026 (Fahr-, Schau- und Belustigungsgeschäfte)",2027 (Termine 2027 auf der Bewerbungsseite nicht genannt; Messe 2026: 18.-27.09.2026),Bewerbungsformular und aktuelle Fotos direkt beim Marktmeister,"Stadt Lauda-Königshofen, Marktplatz 1, 97922 Lauda-Königshofen",Jan Raddatz (Marktmeister),messe@lauda-koenigshofen.de,+49 9343 501-5330,https://www.koenigshoefer-messe.com/infos/bewerbungen,koenigshoefer-messe.com,official,2026-09-19,named-bwhe-2026-09,partial,"Frist wörtlich auf der Bewerbungsseite. Termin der Messe 2027 fehlt dort, daher partial. Verspätete Unterlagen werden nicht berücksichtigt."
gruene-woche-2027-mitaussteller-berlin,Grüne Woche 2027 - Mitausstellende,Publikumsmesse / Ernährungs- und Landwirtschaftsmesse,Berlin,Berlin,DE,Messegelände Berlin,2026-11-11,Anmeldeschluss Mitausstellende: 11.11.2026,15.01.-24.01.2027,Registrierung durch den Hauptaussteller im offiziellen Ausstellerportal,"Messe Berlin GmbH, Messedamm 22, 14055 Berlin",Grüne Woche Team,gw@messe-berlin.de,+49 30 3038 2027,https://www.gruenewoche.de/de/ausstellen/messeplanung/termine-und-logistik,gruenewoche.de,official,2026-08-03,berlin-2027-deep-messen,verified,"Hauptausstellende sind verpflichtet, alle Mitausstellenden über das Portal anzumelden oder einen autorisierten Registrierungslink zu versenden."
mainzer-wochen-und-stadtteilmaerkte-2027-mainz,Mainzer Wochenmarkt und Stadtteilmärkte 2027,Wochenmarkt / Stadtteilmarkt,Mainz,Rheinland-Pfalz,DE,Mainzer Wochenmarkt und Stadtteilmärkte,2026-11-11,Für den Wochenmarkt und die Stadtteilmärkte ist die Bewerbungsfrist der 11. November für die Märkte im Folgejahr,Veranstaltungsjahr 2027,Offline-Formular oder Online-Dienst der Landeshauptstadt Mainz,"Landeshauptstadt Mainz, Amt für Wirtschaft und Liegenschaften, Messen und Märkte, Postfach 3820, 55028 Mainz",Messen und Märkte der Landeshauptstadt Mainz,,06131 12-2284,https://www.mainz.de/vv/produkte/wirtschaft/standplatz-fuer-eine-veranstaltung-buchen,mainz.de,official,2026-08-03,research-2026-08-03-de-gap,verified,Die Stadt nennt eine eigene Frist für Wochen- und Stadtteilmärkte; einzelne Marktstandorte werden in der Quelle nicht als getrennte Bewerbungsverfahren ausgewiesen.
lulus-adventsmarkt-ludwigslust-2026,LULUs Adventsmarkt 2026,Adventsmarkt,Ludwigslust,Mecklenburg-Vorpommern,DE,Alexandrinenplatz,2026-11-13,Bewerbungsschluss ist der 13.11.2026.,26.11.-29.11.2026,"Offizielles Bewerbungsformular für den Standplatz vollständig ausfuellen, unterschreiben und an die Stadt Ludwigslust senden.","Stadt Ludwigslust, Schlossstraße 38, 19288 Ludwigslust","Christin Pingel, Kultur und Tourismus",kultur@ludwigslust.de,03874 526-200,https://www.ludwigslust.de/PDF/Bewerbungsformular_LULUs_AdventsMarkt_2026.PDF?Ext=PDF&ObjID=4214&ObjLa=1&ObjSvrID=3634&WTR=1&_ts=1767954909,ludwigslust.de,official,2026-08-03,research-2026-08-03-be-bb-mv,verified,"Das offizielle Formular nennt unter anderem Ausschank, Fahrgeschäfte, Imbiss, Kunsthandwerk, Neuware und Spielgeschaefte als Betriebsarten."
cranger-kirmes-2027-herne,Cranger Kirmes 2027,Volksfest / Kirmes,Herne,Nordrhein-Westfalen,DE,Festplatz Crange,2026-11-15,"Die Stadt Herne setzt den Bewerbungsschluss jeweils auf den 15. November des Vorjahres, fuer die Cranger Kirmes 2027 also auf den 15.11.2026.",August 2027; der genaue Termin ist noch nicht veroeffentlicht.,Schriftliche Bewerbung beim Fachbereich Oeffentliche Ordnung der Stadt Herne.,"Stadt Herne, Fachbereich 44 Oeffentliche Ordnung, Berliner Platz 9, 44623 Herne",Dirk Reuter,Dirk.Reuter@herne.de,02323 162435,https://cranger-kirmes.de/schausteller-infos/,cranger-kirmes.de,official,2026-08-04,de-2026-08-regelfristen-01,partial,"Groesstes Volksfest in NRW, rund 1.240 Bewerbungen pro Jahrgang. Das Fristdatum ist aus dem wiederkehrenden Verfahren abgeleitet (2026: 15.11.2025); die Ausschreibung fuer 2027 war zum Pruefzeitpunkt noch nicht veroeffentlicht. Vor Bewerbung Stand pruefen."
einzigartig-2026-husum,einzigARTig Husum 2026,Kreativmarkt / Kunsthandwerkermarkt,Husum,Schleswig-Holstein,DE,Hohes Foyer des NordseeCongressCentrums,2026-11-15,Anmeldeschluss für Ausstellende ist der 15.11.2026.,"Erster Sonntag im Dezember 2026, 10:00-17:00 Uhr",Online-Anmeldeformular mit Teilnahmebedingungen,"Messe Husum & Congress GmbH & Co. KG, Am Messeplatz 12-18, 25813 Husum",einzigARTig Husum / Messe Husum & Congress,info@einzigartig-husum.de,+49 4841 902482,https://einzigartig-husum.de/aussteller/,einzigartig-husum.de,official,2026-08-03,research-2026-08-03-sh,verified,Offizielle Veranstalterseite für Ausstellende; zugelassen sind unter anderem Handmade-Produkte und Food. Die Veranstalteranschrift ist im Impressum derselben offiziellen Domain mit PLZ 25813 ausgewiesen.
halveraner-kirmes-2027-halver,Halveraner Kirmes 2027,Kirmes,Halver,Nordrhein-Westfalen,DE,Halver,2026-11-15,15.11.2026,28.05.-31.05.2027,Online-Bewerbung,,Herr Wüsthoff / Frau Arnold,,02353 73-130 / 02353 73-133,https://www.halver.de/freizeit-und-tourismus/uebersicht-freizeit-und-tourismus/halver-feiert/halveraner-kirmes,halver.de,official,2026-08-03,research-2026-08-03-nrw,partial,"Die offizielle Veranstaltungsseite nennt Veranstaltung, Frist und Ansprechpartner ausdrücklich für 2027. Eine Postanschrift ist auf der geprüften Seite nicht angegeben."
holzhauser-kirmes-2027-georgsmarienhuette,Holzhauser Kirmes 2027,Kirmes / Volksfest,Georgsmarienhütte,Niedersachsen,DE,"Sutthauser Straße, Holzhausen",2026-11-15,Bewerbungen sind bis zum 15.11. des Vorjahres einzureichen; für andere Bewerbungsarten nennt die Stadt den 31.01. des Veranstaltungsjahres.,In der Regel drittes Wochenende im September 2027; exakter Termin noch nicht veröffentlicht,Online-Service 'Bewerbung für Volksfeste/Märkte' der Stadt,"Stadt Georgsmarienhütte, Fachbereich II - Ordnungswesen, Kultur und Stadtmarketing, Öseder Straße 85, 49124 Georgsmarienhütte","I. Wolf, Ordnungs- und Gewerbeabteilung",i.wolf@georgsmarienhuette.de,05401 850-209,https://service.georgsmarienhuette.de/dienstleistungen/-/egov-bis-detail/dienstleistung/162946/show,service.georgsmarienhuette.de,official,2026-08-03,research-2026-08-03-ni-hb-hh,partial,Die Stadt fuehrt die Holzhauser Kirmes als alljährliche Veranstaltung. Die Zuordnung der auf der Serviceseite genannten alternativen Frist 31.01. zu einzelnen Geschäftsarten ist nicht genauer erlaeutert.
huettenmarkt-2027-georgsmarienhuette,Hüttenmarkt Georgsmarienhütte 2027,Volksfest / Markt,Georgsmarienhütte,Niedersachsen,DE,Alt-Georgsmarienhütte,2026-11-15,Bewerbungen sind bis zum 15.11. des Vorjahres einzureichen; für andere Bewerbungsarten nennt die Stadt den 31.01. des Veranstaltungsjahres.,Frühjahr 2027; genauer Veranstaltungstermin noch nicht veröffentlicht,Online-Service 'Bewerbung für Volksfeste/Märkte' der Stadt,"Stadt Georgsmarienhütte, Fachbereich II - Ordnungswesen, Kultur und Stadtmarketing, Öseder Straße 85, 49124 Georgsmarienhütte","I. Wolf, Ordnungs- und Gewerbeabteilung",i.wolf@georgsmarienhuette.de,05401 850-209,https://service.georgsmarienhuette.de/dienstleistungen/-/egov-bis-detail/dienstleistung/162946/show,service.georgsmarienhuette.de,official,2026-08-03,research-2026-08-03-ni-hb-hh,partial,Die Stadt fuehrt den Hüttenmarkt als alljährliche Veranstaltung. Die Zuordnung der auf der Serviceseite genannten alternativen Frist 31.01. zu einzelnen Geschäftsarten ist nicht genauer erlaeutert.
kloster-klipp-2027-georgsmarienhuette,Kloster Klipp 2027,Kirmes / Volksfest,Georgsmarienhütte,Niedersachsen,DE,Marktplatz Kloster Oesede,2026-11-15,Bewerbungen sind bis zum 15.11. des Vorjahres einzureichen; für andere Bewerbungsarten nennt die Stadt den 31.01. des Veranstaltungsjahres.,"Fruehsommer 2027, Wochenende nach Fronleichnam; exakter Termin noch nicht veröffentlicht",Online-Service 'Bewerbung für Volksfeste/Märkte' der Stadt,"Stadt Georgsmarienhütte, Fachbereich II - Ordnungswesen, Kultur und Stadtmarketing, Öseder Straße 85, 49124 Georgsmarienhütte","I. Wolf, Ordnungs- und Gewerbeabteilung",i.wolf@georgsmarienhuette.de,05401 850-209,https://service.georgsmarienhuette.de/dienstleistungen/-/egov-bis-detail/dienstleistung/162946/show,service.georgsmarienhuette.de,official,2026-08-03,research-2026-08-03-ni-hb-hh,partial,Die Stadt fuehrt Kloster Klipp als alljährliche Veranstaltung. Die Zuordnung der auf der Serviceseite genannten alternativen Frist 31.01. zu einzelnen Geschäftsarten ist nicht genauer erlaeutert.
oeseder-kirmes-2027-georgsmarienhuette,Öseder Kirmes 2027,Kirmes / Volksfest,Georgsmarienhütte,Niedersachsen,DE,Oesede,2026-11-15,Bewerbungen sind bis zum 15.11. des Vorjahres einzureichen; für andere Bewerbungsarten nennt die Stadt den 31.01. des Veranstaltungsjahres.,Wochenende nach der Holzhauser Kirmes im September 2027; exakter Termin noch nicht veröffentlicht,Online-Service 'Bewerbung für Volksfeste/Märkte' der Stadt,"Stadt Georgsmarienhütte, Fachbereich II - Ordnungswesen, Kultur und Stadtmarketing, Öseder Straße 85, 49124 Georgsmarienhütte","I. Wolf, Ordnungs- und Gewerbeabteilung",i.wolf@georgsmarienhuette.de,05401 850-209,https://service.georgsmarienhuette.de/dienstleistungen/-/egov-bis-detail/dienstleistung/162946/show,service.georgsmarienhuette.de,official,2026-08-03,research-2026-08-03-ni-hb-hh,partial,Die Stadt fuehrt die Öseder Kirmes als alljährliche Veranstaltung. Die Zuordnung der auf der Serviceseite genannten alternativen Frist 31.01. zu einzelnen Geschäftsarten ist nicht genauer erlaeutert.
peter-und-paul-fest-2027-bretten,Peter-und-Paul-Fest Bretten 2027 (Historischer Markt),Mittelaltermarkt / Stadtfest,Bretten,Baden-Württemberg,DE,Historische Altstadt Bretten,2026-11-15,Dauerregel laut Veranstalterseite: '15.11. des Vorjahres: Anmeldeschluss für Verkaufsstände im Folgejahr',,Bewerbung per E-Mail an den Marktmeister,"Vereinigung Alt-Brettheim e.V., Marktmeister Historischer Markt, Kirchplatz 4, 75015 Bretten","Marktmeister Historischer Markt, Vereinigung Alt-Brettheim e.V.",marktmeister@alt-brettheim.de,,https://peter-und-paul.de/allgemeine-informationen/bewerbungen/,peter-und-paul.de,official,2026-09-13,bw-karlsruhe-nordbaden-2026-09,partial,"Nicht-staedtischer Veranstalter (Vereinigung Alt-Brettheim e.V.) nennt eine woertliche Dauerregel: Anmeldeschluss fuer Verkaufsstaende ist jeweils der 15.11. des Vorjahres. Frist fuer 2027 (15.11.2026) liegt noch in der Zukunft, ist also keine Ableitung sondern die aktuell gueltige Frist. Exaktes Veranstaltungsdatum 2027 auf der Seite nicht bestaetigt (traditionell erstes Juliwochenende)."
rutenfest-2027-ravensburg-standbetreiber,Rutenfest Ravensburg 2027 - Standbetreiber,Heimatfest / Volksfest,Ravensburg,Baden-Württemberg,DE,Ravensburg,2026-11-15,"Standbetreiber haben bis zum 15. November 2026 Zeit, ihre schriftlichen Bewerbungen für das Rutenfest 2027 einzureichen.",Sommer 2027; der genaue Termin ist auf der Bewerbungsseite nicht ausgewiesen.,Schriftliche Bewerbung bei der Rutenfestkommission.,"Rutenfestkommission Ravensburg, Ravensburg",Rutenfestkommission,,,https://das-rutenfest.de/rutenfestkommission/bewerbung/,das-rutenfest.de,official,2026-08-03,de-2026-08-breitensuche-04,partial,Zwei gestaffelte Fristen je Geschäftsart; Großgeschäfte müssen bereits zum 15.09.2026 bewerben. Zulassungskriterien erscheinen am 10.08.2026 im 'Komet'.
troisdorfer-weihnachtsmarkt-burg-wissem-2026,Weihnachtsmarkt auf Burg Wissem 2026,Weihnachtsmarkt / Kunsthandwerksmarkt,Troisdorf,Nordrhein-Westfalen,DE,Burg Wissem,2026-11-16,Anmeldeschluss: 16. November 2026,11. bis 13. Dezember 2026,Online-Bewerbung für einen Standplatz,"Stadt Troisdorf, Koelner Strasse 176, 53840 Troisdorf",Stadt Troisdorf,rathaus@troisdorf.de,+49 2241 900-0,https://www.troisdorf.de/de/freizeit-familie/innenstadtfeste/weihnachtsmarkt/bewerbung-standplatz-weihnachtsmarkt-fuer-aussteller-innen/,troisdorf.de,official,2026-08-03,research-2026-08-03-gap-maerkte,partial,Offizielle städtische Bewerbungsseite mit Informationsblättern für Aussteller und Verkaufsstände. Kontaktdaten im August 2026 aus der offiziellen Quelle ergaenzt.
goesselkirmes-2027-geseke,Gösselkirmes 2027,Stadtfest / Kirmes,Geseke,Nordrhein-Westfalen,DE,Geseker Innenstadt,2026-11-18,18.11.2026,06.05.-09.05.2027,Online über das Bewerbungsformular,"Stadtverwaltung Geseke, An der Abtei 1, 59590 Geseke",Stadt Geseke,post@geseke.de,02942 500-0,https://www.geseke.de/leben-wohnen/stadtfeste/goesselkirmes,geseke.de,official,2026-08-03,research-2026-08-03-nrw,verified,"Offen für Schausteller, Gastronomie, Wirte, Kunsthandwerker und Aussteller. | Offen für Schausteller, Gastronomie, Wirte, Kunsthandwerk und Aussteller."
fruehjahrs-dippemess-frankfurt-2027-tcf,Frankfurter Frühjahrs-Dippemess 2027 (Standbewerbung),Volksfest,Frankfurt am Main,Hessen,DE,Festplatz am Ratsweg,2026-11-20,Bewerbungsformular für die Saison 2027 ab 01.10.2026; Bewerbungsfrist endet am 20.11.2026,19.03.-11.04.2027 (Termin laut visitfrankfurt.travel),Bewerbungsformular der Tourismus+Congress GmbH Frankfurt (ab 01.10.2026 online),,Tourismus+Congress GmbH Frankfurt am Main (Feste-Team),feste@infofrankfurt.de,+49 69 24 74 55-300,https://www.visitfrankfurt.travel/ueber-uns/kooperationen/standplatzbewerbung,visitfrankfurt.travel,official,2026-09-19,named-bwhe-2026-09,partial,"Fristangabe gilt laut Seite für Dippemess (Frühjahr und Herbst), Frankfurter Weihnachtsmarkt und Wäldchestag 2027; Kategorien u. a. Gastronomie, Süßwaren, Spiel- und Kinderfahrgeschäfte. Postanschrift auf der Seite nicht genannt. Löst den bisherigen review_candidate (frankfurt.de ohne Frist) ab."
herbst-dippemess-frankfurt-2027-tcf,Frankfurter Herbst-Dippemess 2027 (Standbewerbung),Volksfest,Frankfurt am Main,Hessen,DE,Festplatz am Ratsweg,2026-11-20,Bewerbungsformular für die Saison 2027 ab 01.10.2026; Bewerbungsfrist endet am 20.11.2026,Herbst 2027 (genauer Termin nicht geprüft),Bewerbungsformular der Tourismus+Congress GmbH Frankfurt (ab 01.10.2026 online),,Tourismus+Congress GmbH Frankfurt am Main (Feste-Team),feste@infofrankfurt.de,+49 69 24 74 55-300,https://www.visitfrankfurt.travel/ueber-uns/kooperationen/standplatzbewerbung,visitfrankfurt.travel,official,2026-09-19,named-bwhe-2026-09,partial,Gemeinsame Frist mit Frühjahrs-Dippemess laut Seite. Postanschrift nicht genannt. Löst den bisherigen review_candidate ab.
frankfurter-weihnachtsmarkt-2027-frankfurt-am-main,Frankfurter Weihnachtsmarkt 2027,Weihnachtsmarkt,Frankfurt am Main,Hessen,DE,"Innenstadt Frankfurt (Römerberg, Mainkai, Paulsplatz, Friedrich-Stoltze-Platz, Hauptwache, Roßmarkt)",2026-11-20,'Die Bewerbungsfrist endet am 20.11.2026.' Bewerbungsformular ist ab 15.09.2026 online verfuegbar.,,Online-Bewerbungsformular ueber visitfrankfurt.travel,,"Tourismus+Congress GmbH Frankfurt am Main, Feste und Veranstaltungen",feste@infofrankfurt.de,069 24745 5-300,https://www.visitfrankfurt.travel/ueber-uns/kooperationen/standplatzbewerbung,visitfrankfurt.travel,official,2026-09-13,nachfasswelle-2026-09,partial,"Deutschlandweite Nachfass-Recherche (nicht an eine Queue-Einheit gebunden). Bewerbungsfrist fuer 2027 direkt auf offizieller Seite bestaetigt (Frist noch offen, keine Ableitung). Veranstaltungstermin 2027 auf der Seite noch nicht veroeffentlicht (2026 war 23.11.-22.12.2026), daher partial statt verified. Postadresse nicht auffindbar."
waeldchestag-frankfurt-2027-tcf,Wäldchestag Frankfurt 2027 (Standbewerbung),Volksfest,Frankfurt am Main,Hessen,DE,"Oberforsthaus/Stadtwald Frankfurt (laut Veranstaltungsname, nicht auf der Seite geprüft)",2026-11-20,Bewerbungsformular für die Saison 2027 ab 01.10.2026; Bewerbungsfrist endet am 20.11.2026,2027 (Termin nicht geprüft),Bewerbungsformular der Tourismus+Congress GmbH Frankfurt (ab 01.10.2026 online),,Tourismus+Congress GmbH Frankfurt am Main (Feste-Team),feste@infofrankfurt.de,+49 69 24 74 55-300,https://www.visitfrankfurt.travel/ueber-uns/kooperationen/standplatzbewerbung,visitfrankfurt.travel,official,2026-09-19,named-bwhe-2026-09,partial,"Wäldchestag ist auf der Seite als Veranstaltung mit Frist 20.11.2026 (Saison 2027) aufgeführt. Ort und Termin nicht auf der Seite verifiziert, daher leer bzw. Vorbehalt. Der Offenbacher Wäldchestag ist eine andere Veranstaltung."
papier-global-7-ausstellung-2027-deggendorf,Papier Global 7 - Internationale Papierkunst Triennale 2027,Jurierte Kunstausstellung,Deggendorf,Bayern,DE,Stadtgalerie im Stadtmuseum und Handwerksmuseum Deggendorf,2026-11-29,Bewerbung ab sofort bis einschließlich 29.11.2026,09.05.-10.10.2027; Eröffnung am 08.05.2027,Online-Bewerbung über die von den Museen Deggendorf bereitgestellte Upload-Plattform,"Museen der Stadt Deggendorf, Östlicher Stadtgraben 28, 94469 Deggendorf",Museen der Stadt Deggendorf,museen@deggendorf.de,0991 2960-5299,https://stadtmuseum.deggendorf.de/papier-global,stadtmuseum.deggendorf.de,official,2026-08-03,by-2027-deep-rb-niederbayern,verified,"Die offizielle Museumsseite und ihre Teilnahmebedingungen bestätigen Ausstellung, Bewerbungsfrist und Online-Verfahren."
papiermarkt-papier-global-7-2027-deggendorf,Papiermarkt zur Papier Global 7 2027,Kunsthandwerkermarkt,Deggendorf,Bayern,DE,"Stadtmuseum, Östlicher Stadtgraben 28, und Handwerksmuseum, Maria-Ward-Platz 1, 94469 Deggendorf",2026-11-29,Bewerbung ab sofort bis einschließlich 29.11.2026 für Ausstellung und/oder Papiermarkt,08.05.-09.05.2027,Bewerbungsformular und Produktfotos über die offizielle Upload-Plattform einreichen,"Museen der Stadt Deggendorf, Östlicher Stadtgraben 28, 94469 Deggendorf",Museen der Stadt Deggendorf,museen@deggendorf.de,0991 2960-5299,https://stadtmuseum.deggendorf.de/papier-global,stadtmuseum.deggendorf.de,official,2026-08-03,by-2027-deep-rb-niederbayern,verified,"Die offizielle Museumsseite nennt die gemeinsame Bewerbungsfrist für Ausstellung und/oder Papiermarkt; die verlinkten Marktbedingungen bestätigen Markttermine, Orte und Bewerbungsweg."
oldenburg-kramermarkt-2027-oldenburg,420. Oldenburger Kramermarkt 2027,Kramermarkt / Volksfest,Oldenburg,Niedersachsen,DE,Kramermarktsgelände an den Weser-Ems-Hallen,2026-11-30,Bewerbungsschluss: 30. November 2026.,01.10.-10.10.2027,"Online, per E-Mail oder auf dem Postweg","Stadt Oldenburg, Marktverwaltung, Pferdemarkt 14, 26121 Oldenburg",Marktverwaltung Stadt Oldenburg,Marktverwaltung@stadt-oldenburg.de,0441 235-4444,https://www.oldenburg.de/startseite/kultur/veranstaltungen/veranstaltungshoehepunkte/kramermarkt/informationen-zur-bewerbung.html,oldenburg.de,official,2026-08-03,research-2026-08-03-ni-hb-hh,verified,Die offizielle Seite nennt Termin und Bewerbungsschluss ausdruecklich.
aschaffenburger-jahrmaerkte-2027-aschaffenburg,Aschaffenburger Jahrmärkte 2027,Jahrmärkte / Warenmärkte,Aschaffenburg,Bayern,DE,Schloßplatz vor der Stadthalle am Schloß,2026-11-30,Verbindlicher satzungsmäßiger Bewerbungszeitraum für Jahrmärkte 2027: 01.09. bis spätestens 30.11.2026.,Drei jeweils viertägige Jahrmärkte im Kalenderjahr 2027; die Einzeltermine werden am letzten Jahrmarkttermin 2026 offiziell bekannt gegeben.,Schriftlich unter Angabe von Platzgröße und Warenangebot,"Kongress- und Touristikbetriebe der Stadt Aschaffenburg, Schloßplatz 1, 63739 Aschaffenburg",Veranstaltungsmanagement - städtische Märkte und Feste,info@events-ab.de,+49 6021 395720,https://www.aschaffenburg.de/loadDocument.phtml?Ext=PDF&FID=4173.101.1,aschaffenburg.de,official,2026-08-03,by-2027-deep-rb-unterfranken,partial,"Die geltende Marktsatzung bestätigt drei Jahrmärkte pro Jahr, schriftliche Standbewerbungen und das feste Fenster 01.09.-30.11. des Vorjahres. Die konkreten Termine 2027 waren am Stichtag satzungsgemäß noch nicht bekannt gegeben."
bremer-freimarkt-2027-bremen,Bremer Freimarkt 2027,Volksfest / Freimarkt,Bremen,Bremen,DE,Bürgerweide,2026-11-30,Frist endet am 30.11.2026.,15.10.-31.10.2027,Online über marktbewerbung:bremen oder mit dem offiziellen Bewerbungsformular,"Senatorin für Wirtschaft, Haefen und Transformation, Referat 13 Marktangelegenheiten, Katharinenklosterhof 3, 28195 Bremen","Joachim Ackermann, Referatsleitung Marktangelegenheiten",joachim.ackermann@wht.bremen.de,0421 361-2385,https://www.wirtschaft.bremen.de/wirtschaft/marktangelegenheiten-61879,wirtschaft.bremen.de,official,2026-08-03,research-2026-08-03-ni-hb-hh,verified,Veranstaltungszeitraum ist in der auf der Quellseite verlinkten offiziellen Markttermin-Übersicht bis 2031 ausgewiesen.
einstieg-beruf-2027-rheinstetten,Einstieg Beruf 2027,Ausbildungs- und Karrieremesse,Rheinstetten,Baden-Württemberg,DE,Messe Karlsruhe,2026-11-30,Reguläre Anmeldung bis 30. November 2026; danach nur Warteliste nach Verfügbarkeit,"16. Januar 2027, 10:00 bis 15:30 Uhr",Online-Ausstelleranmeldung,"Messeallee 1, 76287 Rheinstetten",,,,https://einstiegberuf.de/aussteller/,einstiegberuf.de,official,2026-08-03,bw-2027-deep-rb-karlsruhe,partial,"Frühbucher bis 30. September 2026, Normaltarif bis 15. Oktober 2026 und Spätbuchertarif bis 30. November 2026."
eisleber-fruehlingswiese-2027-lutherstadt-eisleben,Eisleber Frühlingswiese 2027,Volksfest,Lutherstadt Eisleben,Sachsen-Anhalt,DE,Wiesengelände,2026-11-30,30.11.2026,29.04.-02.05.2027,Online über das Bewerbungsportal oder postalisch,"Eigenbetrieb Märkte der Lutherstadt Eisleben, Wiesenweg 1, 06295 Lutherstadt Eisleben",Eigenbetrieb Märkte der Lutherstadt Eisleben,info@wiesenmarkt.de,03475 633970,https://www.wiesenmarkt.de/bewerbungsportal/,wiesenmarkt.de,official,2026-08-03,research-2026-08-03-sn-st-th,verified,"Das Bewerbungsportal richtet sich an Schausteller und fragt Betriebs-, Geschäfts- und Standdaten ab."
telgte-maria-geburts-markt-kirmes-2027-telgte,Mariä-Geburts-Markt Telgte 2027 - Kirmes,Kirmes / Volksfest,Telgte,Nordrhein-Westfalen,DE,Telgter Innenstadt,2026-11-30,"Bewerbungsschluss für die Kirmes ist der 30.11. des Veranstaltungsvorjahres, für den Mariä-Geburts-Markt 2027 also der 30.11.2026.","Jeweils am zweiten Septemberwochenende, Freitag bis Dienstag; die genauen Termine 2027 sind noch nicht veröffentlicht.",Bewerbungsformular mit Geschäftsskizze und Produktfotos per Post oder E-Mail an bewerbung-mgm@telgte.de.,"Staedtische Wirtschaftsbetriebe Telgte GmbH, Baßfeld 4-6, 48291 Telgte",Regina Bussmann (02504 13-215) und Stefan Reiser (02504 13-280),bewerbung-mgm@telgte.de,02504 13-215,https://serviceportal.telgte.de/detail/-/vr-bis-detail/dienstleistung/1104/show,serviceportal.telgte.de,official,2026-08-03,nrw-2027-deep-mittelstaedte,partial,"Die Stadt nennt den Bewerbungsschluss als feste jährliche Regel, nicht als Einzeldatum für 2027. Genaue Veranstaltungstermine 2027 vor Bewerbung beim Veranstalter erfragen."
mindener-maimesse-2027-minden,Mindener Maimesse 2027,Kirmes / Messe,Minden,Nordrhein-Westfalen,DE,Kanzlers Weide,2026-11-30,30.11.2026,01.05.-09.05.2027,Onlineformular der Minden Marketing GmbH,"Minden Marketing GmbH, Kleiner Domhof 17, 32423 Minden",Minden Marketing GmbH,info@mindenmarketing.de,0571 8290659,https://www.minden-erleben.de/tourismus/index.php/de/standplatz-mindener-maimesse,minden-erleben.de,official,2026-08-03,research-2026-08-03-main-web,partial,Bewerbungszeitraum laut Veranstalter 01.08.-30.11.2026. Kontaktdaten im August 2026 aus der offiziellen Quelle ergaenzt.
naumburger-wochenmarkt-2027-naumburg,Naumburger Wochenmarkt 2027,Wochenmarkt,Naumburg (Saale),Sachsen-Anhalt,DE,Marktplätze der Stadt Naumburg (Saale),2026-11-30,30.11.2026,Wochenmarktsaison 2027,Schriftlich bei der Stadt Naumburg (Saale) mit Angaben zu Verkaufsstand und Warenangebot,,"Stadt Naumburg (Saale), Marktverwaltung",ordnungsamt@naumburg-stadt.de,+49 3445 273-340,https://www.naumburg.de/de/1597%2C1164/103945%2C1164%2Cde%2C1.html,naumburg.de,official,2026-08-03,research-2026-08-03-sn-st-th,partial,Amtliche Marktordnung § 6; spätere Bewerbungen können nur bei freien Standplätzen berücksichtigt werden. Kontaktdaten im August 2026 aus der offiziellen Quelle ergaenzt.
neumuenster-fruehjahrsmarkt-2027-neumuenster,Neumünsteraner Frühjahrsmarkt 2027,Jahrmarkt / Volksfest,Neumünster,Schleswig-Holstein,DE,Neumünster,2026-11-30,Standplätze für Volksfeste und Jahrmärkte sind bis zum 30. November für das nachfolgende Kalenderjahr zu beantragen,Veranstaltungsjahr 2027; genauer Termin noch nicht veröffentlicht,Schriftlicher Antrag bei der Stadt Neumünster,"Stadt Neumünster, Großflecken 59, 24534 Neumünster",Marktmeister der Stadt Neumünster,,04321 942-2490,https://www.neumuenster.de/fileadmin/neumuenster.de/media/verwaltung_und_politik/Bekanntmachungen/Ortsrecht/2_sicherheit_und_ordnung/2.3.1_marktsatzung.pdf,neumuenster.de,official,2026-08-03,research-2026-08-03-de-gap,partial,Die geltende städtische Marktsatzung bestätigt die Frist; der konkrete Veranstaltungstermin 2027 ist noch nicht veröffentlicht.
neumuenster-herbstmarkt-2027-neumuenster,Neumünsteraner Herbstmarkt 2027,Jahrmarkt / Volksfest,Neumünster,Schleswig-Holstein,DE,Neumünster,2026-11-30,Standplätze für Volksfeste und Jahrmärkte sind bis zum 30. November für das nachfolgende Kalenderjahr zu beantragen,Veranstaltungsjahr 2027; genauer Termin noch nicht veröffentlicht,Schriftlicher Antrag bei der Stadt Neumünster,"Stadt Neumünster, Großflecken 59, 24534 Neumünster",Marktmeister der Stadt Neumünster,,04321 942-2490,https://www.neumuenster.de/fileadmin/neumuenster.de/media/verwaltung_und_politik/Bekanntmachungen/Ortsrecht/2_sicherheit_und_ordnung/2.3.1_marktsatzung.pdf,neumuenster.de,official,2026-08-03,research-2026-08-03-de-gap,partial,Die geltende städtische Marktsatzung bestätigt die Frist; der konkrete Veranstaltungstermin 2027 ist noch nicht veröffentlicht.
neumuenster-sommermarkt-2027-neumuenster,Neumünsteraner Sommermarkt 2027,Jahrmarkt / Volksfest,Neumünster,Schleswig-Holstein,DE,Neumünster,2026-11-30,Standplätze für Volksfeste und Jahrmärkte sind bis zum 30. November für das nachfolgende Kalenderjahr zu beantragen,Veranstaltungsjahr 2027; genauer Termin noch nicht veröffentlicht,Schriftlicher Antrag bei der Stadt Neumünster,"Stadt Neumünster, Großflecken 59, 24534 Neumünster",Marktmeister der Stadt Neumünster,,04321 942-2490,https://www.neumuenster.de/fileadmin/neumuenster.de/media/verwaltung_und_politik/Bekanntmachungen/Ortsrecht/2_sicherheit_und_ordnung/2.3.1_marktsatzung.pdf,neumuenster.de,official,2026-08-03,research-2026-08-03-de-gap,partial,Die geltende städtische Marktsatzung bestätigt die Frist; der konkrete Veranstaltungstermin 2027 ist noch nicht veröffentlicht.
nienburger-fruehjahrsmarkt-2027-nienburg,Nienburger Frühjahrsmarkt 2027,Volksfest / Jahrmarkt,Nienburg/Weser,Niedersachsen,DE,Nienburg/Weser,2026-11-30,"Fahrgeschäfte und Attraktionen bewerben sich bis spätestens 30.11. des Vorjahres, Imbisswagen, Verzehr-, Getraenke- und Verkaufsstaende bis spätestens 31.12. des Vorjahres.",Frühjahr 2027; die genauen Termine sind noch nicht veröffentlicht.,"Digitale Einreichung per E-Mail mit Bewerbungsunterlagen als PDF inklusive Reisegewerbekarte, Versicherungsnachweis und ausgefuelltem Informationsblatt. Schriftliche Bewerbung mit Poststempel wahrt die Frist ebenfalls.","Stadt Nienburg/Weser, Fachbereich Sicherheit und Ordnung, SG 32 Märkte und Veranstaltungen, Marktplatz 1, 31582 Nienburg/Weser",M. Fortmann und J. Glueckhardt,m.fortmann@nienburg.de,05021 87-357,https://www.nienburg.de/portal/seiten/bewerbungen-schausteller-902000463-21501.html,nienburg.de,official,2026-08-03,de-2026-08-breitensuche-01,partial,"Zwei gestaffelte Fristen je Geschäftsart; die fruehere gilt für Fahrgeschäfte. Zweite Rufnummer 05021 87-280, zweite E-Mail j.glueckhardt@nienburg.de. Die Stadt nennt die Fristen als feste jährliche Regel."
osnabruecker-fruehjahrsjahrmarkt-2027,Osnabrücker Frühjahrsjahrmarkt 2027,Jahrmarkt / Volksfest,Osnabrück,Niedersachsen,DE,"Halle Gartlage, Bohmter Straße",2026-11-30,30.11.2026 (30. November des Vorjahres),Frühjahr 2027; genauer Termin noch nicht veröffentlicht,Online über das offizielle Bewerbungsformular der Marketing Osnabrück GmbH,"Marketing Osnabrück GmbH, Schlosswall 1-9, 49074 Osnabrück","Julienne Winterbur, Projektleitung Veranstaltungen",J.Winterbur@marketingosnabrueck.de,0541 323-2823,https://www.marketingosnabrueck.de/events/fruehjahrs-und-herbstjahrmarkt/,marketingosnabrueck.de,official,2026-08-03,research-2026-08-03-gap-volksfeste,partial,Die offizielle Veranstalterseite bestätigt den jährlich wiederkehrenden Bewerbungsschluss und den Bewerbungszugang. Der konkrete Markttermin 2027 ist noch nicht veröffentlicht.
osnabruecker-herbstjahrmarkt-2027,Osnabrücker Herbstjahrmarkt 2027,Jahrmarkt / Volksfest,Osnabrück,Niedersachsen,DE,"Halle Gartlage, Bohmter Straße",2026-11-30,30.11.2026 (30. November des Vorjahres),Herbst 2027; genauer Termin noch nicht veröffentlicht,Online über das offizielle Bewerbungsformular der Marketing Osnabrück GmbH,"Marketing Osnabrück GmbH, Schlosswall 1-9, 49074 Osnabrück","Julienne Winterbur, Projektleitung Veranstaltungen",J.Winterbur@marketingosnabrueck.de,0541 323-2823,https://www.marketingosnabrueck.de/events/fruehjahrs-und-herbstjahrmarkt/,marketingosnabrueck.de,official,2026-08-03,research-2026-08-03-gap-volksfeste,partial,Die offizielle Veranstalterseite bestätigt den jährlich wiederkehrenden Bewerbungsschluss und den Bewerbungszugang. Der konkrete Markttermin 2027 ist noch nicht veröffentlicht.
osnabruecker-maiwoche-2027,Osnabrücker Maiwoche 2027,Stadtfest / Volksfest,Osnabrück,Niedersachsen,DE,Osnabrücker Innenstadt,2026-11-30,30.11.2026 (30. November des Vorjahres),14.05.-23.05.2027,Online über das offizielle Schausteller-Bewerbungsformular,"Marketing Osnabrück GmbH, Schlosswall 1-9, 49074 Osnabrück","Katharina Brüger, Projektleitung City Events",K.Brueger@marketingosnabrueck.de,0541 323-3585,https://www.marketingosnabrueck.de/events/osnabruecker-maiwoche/,marketingosnabrueck.de,official,2026-08-03,research-2026-08-03-gap-volksfeste,verified,"Die offizielle Veranstalterseite bestätigt Veranstaltungstermin, Bewerbungsfrist und den direkten Schausteller-Bewerbungszugang."
rastatter-fruehjahrsjahrmarkt-2027-rastatt,Rastatter Frühjahrsjahrmarkt 2027,Jahrmarkt / Volksfest,Rastatt,Baden-Württemberg,DE,Festplatz Zur Friedrichsfeste,2026-11-30,Bewerbungsschluss: 30. November 2026,23. bis 27. April 2027,Schriftliche Bewerbung; für jeden Jahrmarkt ist eine separate Bewerbung erforderlich,"Wirtschaft & Veranstaltungen, Eigenbetrieb Stadt Rastatt, Herrn Christian Römmich, Kapellenstraße 20-22, 76437 Rastatt",Christian Römmich,stadtmarketing@rastatt.de,07222 972-1280,https://www.rastatt.de/site/Rastatt-Stadt/get/documents_E1829081980/rastatt/Dateien/PDFs/5.%20Kultur%20und%20Freizeit/Freizeit%20und%20Einkaufen/Jahrm%C3%A4rkte/Ausschreibung%20Jahrm%C3%A4rkte%202027.pdf,rastatt.de,official,2026-08-03,bw-2027-deep-rb-karlsruhe,verified,"Gesucht werden unter anderem Fahr-, Schau-, Lauf- und Belustigungsgeschäfte sowie Imbiss-, Spiel-, Gewinn- und Verkaufsgeschäfte."
rastatter-herbstjahrmarkt-2027-rastatt,Rastatter Herbstjahrmarkt 2027,Jahrmarkt / Volksfest,Rastatt,Baden-Württemberg,DE,Festplatz Zur Friedrichsfeste,2026-11-30,Bewerbungsschluss: 30. November 2026,3. bis 7. September 2027,Schriftliche Bewerbung; für jeden Jahrmarkt ist eine separate Bewerbung erforderlich,"Wirtschaft & Veranstaltungen, Eigenbetrieb Stadt Rastatt, Herrn Christian Römmich, Kapellenstraße 20-22, 76437 Rastatt",Christian Römmich,stadtmarketing@rastatt.de,07222 972-1280,https://www.rastatt.de/site/Rastatt-Stadt/get/documents_E1829081980/rastatt/Dateien/PDFs/5.%20Kultur%20und%20Freizeit/Freizeit%20und%20Einkaufen/Jahrm%C3%A4rkte/Ausschreibung%20Jahrm%C3%A4rkte%202027.pdf,rastatt.de,official,2026-08-03,bw-2027-deep-rb-karlsruhe,verified,"Gesucht werden unter anderem Fahr-, Schau-, Lauf- und Belustigungsgeschäfte sowie Imbiss-, Spiel-, Gewinn- und Verkaufsgeschäfte."
rheingauer-weinwoche-2027-wiesbaden,Rheingauer Weinwoche 2027,Weinfest / Stadtfest,Wiesbaden,Hessen,DE,"Schlossplatz, Dern'sches Gelände und Wiesbadener Innenstadt",2026-11-30,Bewerbungsfrist am 30. November des Vorjahres,Rheingauer Weinwoche 2027,Online über die offizielle Standplatz-Bewerbung,"TriWiCon / Wiesbaden Congress & Marketing GmbH, Veranstaltungsservice Outdoorformate, Postfach 3840, 65028 Wiesbaden",Veranstaltungsservice Outdoorformate,,0611 1729-733,https://www.wiesbaden.de/standplatz-bewerbung,wiesbaden.de,official,2026-08-03,research-2026-08-03-bw-he,partial,Die offizielle Seite bestätigt die Veranstaltung und die jährlich geltende Frist; der Termin 2027 ist dort noch nicht angegeben.
rudolstadt-festival-2027-rudolstadt,Rudolstadt-Festival 2027 - Handel und Catering,Festival / Händler- und Gastronomieflächen,Rudolstadt,Thüringen,DE,Festivalgelände Rudolstadt,2026-11-30,30.11.2026,01.07.-04.07.2027,"Per E-Mail mit Stand-, Waren- und Präsentationsfotos; ersatzweise postalisch","Stadt Rudolstadt, Kulturbüro, Markt 7, 07407 Rudolstadt","Stadt Rudolstadt, Kulturbüro",handel@rudolstadt-festival.de,,https://www.rudolstadt-festival.de/footer/aktiv/bewerbung-handel-catering-instrumentenbauer.html,rudolstadt-festival.de,official,2026-08-03,research-2026-08-03-sn-st-th,verified,"Das Bewerbungsfenster läuft laut Veranstalter vom 01.10.2026 bis einschließlich 30.11.2026; Imbissanbieter sollen eine Preisliste beilegen. | Bewerbungszeitraum laut Veranstalter: 01.10. bis einschließlich 30.11.2026; Fotos von Stand, Ware und Präsentation sind erforderlich."
steinert-kirmes-2027-luedenscheid,Steinert Kirmes Lüdenscheid 2027,Kirmes / Schützenfest,Lüdenscheid,Nordrhein-Westfalen,DE,"Festplatz Steinert, Heedfelder Straße, Lüdenscheid",2026-11-30,"Bewerbungsunterlagen müssen bis zum 30. November des Vorjahres vorliegen, für die Kirmes 2027 also bis zum 30.11.2026. Massgeblich ist der Eingang beim Platzmeister.",Jährlich rund um Fronleichnam im Rahmen des Schützenfestes des Bürger-Schützen-Vereins Lüdenscheid e.V.; die genauen Termine 2027 sind noch nicht veröffentlicht.,Schriftliche Bewerbung mit vollständigen Unterlagen und Bildmaterial per Post oder persoenliche Abgabe beim Platzmeister.,"Steinert Kirmes, Heedfelder Str. 96, 58509 Lüdenscheid","Gzim Ahmeti, Platzmeister",steinert.kirmes@web.de,,https://steinert-kirmes.de/schausteller-anfragen,steinert-kirmes.de,official,2026-08-03,nrw-2027-deep-restliche-staedte,partial,"Groesste Kirmes im Sauerland, ausgerichtet im Rahmen des Schützenfestes des Bürger-Schützen-Vereins Lüdenscheid e.V. Der Veranstalter nennt den Bewerbungsschluss als feste jährliche Regel, nicht als Einzeldatum für 2027. Genaue Veranstaltungstermine 2027 vor Bewerbung erfragen."
tollwood-sommerfestival-2027-markt-der-ideen-muenchen,Tollwood Sommerfestival 2027 - Markt der Ideen,Festivalmarkt / Kunsthandwerk / Bio-Gastronomie,München,Bayern,DE,Olympiapark Süd,2026-11-30,Bewerbungsschluss für das Sommerfestival 2027 ist der 30.11.2026,18.06.-18.07.2027,Online-Marktbewerbung für Kunsthandwerk oder Bio-Gastronomie,,Tollwood Marktteam,,,https://www.tollwood.de/kontakt/marktbewerbung/formular-marktbewerbung/,tollwood.de,official,2026-08-03,by-2027-deep-rb-oberbayern,partial,"Die offizielle Veranstalterseite bestätigt Bewerbungsende, Festivalzeitraum und die Zielgruppen Kunsthandwerk und Bio-Gastronomie; eine postalische Kontaktadresse wurde aus der geprüften Quelle nicht übernommen."
wiesbadener-herbstmarkt-2027-wiesbaden,Wiesbadener Herbstmarkt 2027,Spezialmarkt,Wiesbaden,Hessen,DE,Wiesbadener Innenstadt,2026-11-30,Bewerbungsfrist am 30. November des Vorjahres,Herbstmarkt 2027,Online über die offizielle Standplatz-Bewerbung,"TriWiCon / Wiesbaden Congress & Marketing GmbH, Veranstaltungsservice Outdoorformate, Postfach 3840, 65028 Wiesbaden",Veranstaltungsservice Outdoorformate,,0611 1729-733,https://www.wiesbaden.de/standplatz-bewerbung,wiesbaden.de,official,2026-08-03,research-2026-08-03-bw-he,partial,Die offizielle Seite bestätigt die Veranstaltung und die jährlich geltende Frist; der Termin 2027 ist dort noch nicht angegeben.
wiesbadener-kindersternschnuppenmarkt-2027-wiesbaden,Wiesbadener Kindersternschnuppenmarkt 2027,Weihnachtsmarkt / Familienmarkt,Wiesbaden,Hessen,DE,Wiesbadener Innenstadt,2026-11-30,Bewerbungsfrist am 30. November des Vorjahres,Kindersternschnuppenmarkt 2027,Online über die offizielle Standplatz-Bewerbung,"TriWiCon / Wiesbaden Congress & Marketing GmbH, Veranstaltungsservice Outdoorformate, Postfach 3840, 65028 Wiesbaden",Veranstaltungsservice Outdoorformate,,0611 1729-733,https://www.wiesbaden.de/standplatz-bewerbung,wiesbaden.de,official,2026-08-03,research-2026-08-03-bw-he,partial,Die offizielle Seite bestätigt die Veranstaltung und die jährlich geltende Frist; der Termin 2027 ist dort noch nicht angegeben.
wiesbadener-ostermarkt-2027-wiesbaden,Wiesbadener Ostermarkt 2027,Spezialmarkt,Wiesbaden,Hessen,DE,Wiesbadener Innenstadt,2026-11-30,Bewerbungsfrist am 30. November des Vorjahres,Ostermarkt 2027,Online über die offizielle Standplatz-Bewerbung,"TriWiCon / Wiesbaden Congress & Marketing GmbH, Veranstaltungsservice Outdoorformate, Postfach 3840, 65028 Wiesbaden",Veranstaltungsservice Outdoorformate,,0611 1729-733,https://www.wiesbaden.de/standplatz-bewerbung,wiesbaden.de,official,2026-08-03,research-2026-08-03-bw-he,partial,Die offizielle Seite bestätigt die Veranstaltung und die jährlich geltende Frist; der Termin 2027 ist dort noch nicht angegeben.
wiesbadener-sternschnuppenmarkt-2027-wiesbaden,Wiesbadener Sternschnuppenmarkt 2027,Weihnachtsmarkt,Wiesbaden,Hessen,DE,Schlossplatz und Dern'sches Gelände,2026-11-30,Bewerbungsfrist am 30. November des Vorjahres,Sternschnuppenmarkt 2027,Online über die offizielle Standplatz-Bewerbung,"TriWiCon / Wiesbaden Congress & Marketing GmbH, Veranstaltungsservice Outdoorformate, Postfach 3840, 65028 Wiesbaden",Veranstaltungsservice Outdoorformate,,0611 1729-733,https://www.wiesbaden.de/standplatz-bewerbung,wiesbaden.de,official,2026-08-03,research-2026-08-03-bw-he,partial,Die offizielle Seite bestätigt die Veranstaltung und die jährlich geltende Frist; der Termin 2027 ist dort noch nicht angegeben.
wiesbadener-weihnachtsbaummarkt-2027-wiesbaden,Wiesbadener Weihnachtsbaummarkt 2027,Weihnachtsbaummarkt,Wiesbaden,Hessen,DE,Wiesbaden,2026-11-30,Bewerbungsfrist am 30. November des Vorjahres,Weihnachtsbaummarkt 2027,Online über die offizielle Standplatz-Bewerbung,"TriWiCon / Wiesbaden Congress & Marketing GmbH, Veranstaltungsservice Outdoorformate, Postfach 3840, 65028 Wiesbaden",Veranstaltungsservice Outdoorformate,,0611 1729-733,https://www.wiesbaden.de/standplatz-bewerbung,wiesbaden.de,official,2026-08-03,research-2026-08-03-bw-he,partial,"Ausschließlich Weihnachtsbäume; laut offizieller Seite kein Imbiss, Ausschank oder anderes Warenangebot."
wuerzburger-fruehjahrsmesse-2027-wuerzburg,Würzburger Frühjahrsmesse 2027,Verkaufsmesse / Jahrmarkt,Würzburg,Bayern,DE,Marktplatz,2026-11-30,Bewerbungsschluss ist nach der städtischen Marktsatzung der 30. November des Vorjahres; für 2027 somit der 30.11.2026.,06.03.-21.03.2027,Schriftlicher Antrag auf Zulassung bei der Stadt Würzburg; nur Markthandel,"Stadt Würzburg, Rückermainstraße 2, 97070 Würzburg",Fachabteilung Ordnungsaufgaben - Marktwesen,info@stadt.wuerzburg.de,0931 37-2695 oder 0931 37-2692,https://www.wuerzburg.de/events-termine/volksfeste/gruenermarkt-spezialitaetenmarkt/maerkte,wuerzburg.de,official,2026-08-03,by-2027-deep-rb-unterfranken,verified,"Die geltende städtische Marktsatzung legt Beginn, Dauer, Warenangebot, schriftliche Bewerbung und jährliche Frist verbindlich fest. Der Termin 2027 folgt unmittelbar aus der Satzungsregel vierter Samstag vor Ostern bei 16 Tagen Dauer. Quelllink im August 2026 aktualisiert, die zuvor hinterlegte Seite war nicht mehr erreichbar."
wuerzburger-herbstmesse-2027-wuerzburg,Würzburger Herbstmesse 2027,Verkaufsmesse / Jahrmarkt,Würzburg,Bayern,DE,Marktplatz,2026-11-30,Bewerbungsschluss ist nach der städtischen Marktsatzung der 30. November des Vorjahres; für 2027 somit der 30.11.2026.,30.10.-14.11.2027,Schriftlicher Antrag auf Zulassung bei der Stadt Würzburg; nur Markthandel,"Stadt Würzburg, Rückermainstraße 2, 97070 Würzburg",Fachabteilung Ordnungsaufgaben - Marktwesen,info@stadt.wuerzburg.de,0931 37-2695 oder 0931 37-2692,https://www.wuerzburg.de/events-termine/volksfeste/gruenermarkt-spezialitaetenmarkt/maerkte,wuerzburg.de,official,2026-08-03,by-2027-deep-rb-unterfranken,verified,"Die geltende städtische Marktsatzung legt Beginn, Dauer, Warenangebot, schriftliche Bewerbung und jährliche Frist verbindlich fest. Der Termin folgt aus Samstag vor dem 1. November bei 16 Tagen Dauer. Quelllink im August 2026 aktualisiert, die zuvor hinterlegte Seite war nicht mehr erreichbar."
wuerzburger-kilianimesse-2027-wuerzburg,Würzburger Kilianimesse 2027,Verkaufsmesse / Jahrmarkt,Würzburg,Bayern,DE,Marktplatz,2026-11-30,Bewerbungsschluss ist nach der städtischen Marktsatzung der 30. November des Vorjahres; für 2027 somit der 30.11.2026.,02.07.-18.07.2027,Schriftlicher Antrag auf Zulassung bei der Stadt Würzburg; nur Markthandel,"Stadt Würzburg, Rückermainstraße 2, 97070 Würzburg",Fachabteilung Ordnungsaufgaben - Marktwesen,info@stadt.wuerzburg.de,0931 37-2695 oder 0931 37-2692,https://www.wuerzburg.de/events-termine/volksfeste/gruenermarkt-spezialitaetenmarkt/maerkte,wuerzburg.de,official,2026-08-03,by-2027-deep-rb-unterfranken,verified,"Die geltende städtische Marktsatzung legt Beginn, Dauer, Warenangebot, schriftliche Bewerbung und jährliche Frist verbindlich fest. Der Termin folgt aus Freitag vor dem 8. Juli bei 17 Tagen Dauer. Quelllink im August 2026 aktualisiert, die zuvor hinterlegte Seite war nicht mehr erreichbar."
wolfhager-kram-und-viehmarkt-2027-wolfhagen,190. Wolfhager Kram- und Viehmarkt 2027,Volksfest / Kram- und Viehmarkt,Wolfhagen,Hessen,DE,Festplatz Liemecke,2026-12-01,"Bewerbungsunterlagen für Verkaufs-, Vergnügungs- und Fahrgeschäfte sowie Händlerstände bis 01.12.2026",15.07.-18.07.2027,Per E-Mail oder postalisch an den Magistrat der Stadt Wolfhagen,"Magistrat der Stadt Wolfhagen, Frau Dumeier, Burgstraße 33-35, 34466 Wolfhagen","Frau Dumeier, Stabsstelle Märkte & Veranstaltungen",stadtverwaltung@wolfhagen.de,05692 602-600,https://wolfhagen.de/kram-viehmarkt-wolfhagen/,wolfhagen.de,official,2026-09-18,portal-schausteller-02-2026-09,partial,"Die offizielle Stadtseite nennt weiterhin den 189. Markt vom 16.-19.07.2026, veröffentlicht aber eine erst danach liegende Bewerbungsfrist 01.12.2026. Die Zuordnung zur nächsten Ausgabe 2027 ist deshalb abgeleitet. Der Veranstaltungszeitraum 15.-18.07.2027 folgt der offiziellen Dauerregel 'immer am dritten Wochenende im Juli' und dem Portal-Kandidaten; vor Veröffentlichung der 2027er Programmseite erneut prüfen."
anroechter-herbstkirmes-2027,Anröchter Herbstkirmes 2027,Kirmes,Anröchte,Nordrhein-Westfalen,DE,Ortskern Anröchte,2026-12-01,Bewerbungsvordruck bis 1. Dezember des Vorjahres (Dauerregel),2026: 9.-12. Oktober; Termin 2027 nicht genannt,"Bewerbungsvordruck der Gemeinde (Zulassungsbedingungen, Kirmesgebührensatzung)","Gemeinde Anröchte, Hauptstraße 74, 59609 Anröchte",Gemeinde Anröchte,,02947 888-0,https://www.anroechte.de/kultur-freizeit/anroechter-herbstkirmes/informationen-fuer-schausteller/innen,anroechte.de,official,2026-09-19,named-nrw-2026-09,partial,"Dauerregel ""1. Dezember des Vorjahres""; für die Kirmes 2027 abgeleitet auf 01.12.2026, nicht ausdrücklich für 2027 bestätigt. Termin 2027 nicht veröffentlicht. Vorherige Terminabsprache mit Sachbearbeiter erforderlich; E-Mail nur über Kontaktformular."
faszination-modellbahn-mannheim-2027,Faszination Modellbahn Mannheim 2027,Publikums- und Fachmesse / Modelleisenbahn,Mannheim,Baden-Württemberg,DE,Maimarktgelände Mannheim,2026-12-01,Anmeldeschluss: 1. Dezember 2026 oder früher bei vollständiger Belegung,12. bis 14. März 2027,Offizielle Ausstelleranmeldung beziehungsweise Bewerbungsformular,,,,,https://www.faszination-modellbahn.com/teilnahmebedingungen/,faszination-modellbahn.com,official,2026-08-03,bw-2027-deep-rb-karlsruhe,partial,Die offizielle Veranstalterseite nennt die Bewerbungsfrist; eine frühere Schließung bei Vollbelegung ist möglich.
fischerfest-freest-2027,Fischerfest Freest 2027,Fischerfest,Freest,Mecklenburg-Vorpommern,DE,Freest,2026-12-01,Bewerbungen sind bis zum 1. Dezember 2026 einzureichen.,30.07.-01.08.2027,Vollständiges Formblatt für jedes Geschäft gesondert per Post oder E-Mail; ein aktuelles farbiges Foto ist beizufuegen.,"Großmarkt Rostock GmbH, MAERKTE & VERANSTALTUNGEN, Hanseatenstraße 5 - GVZ, 18146 Rostock",Großmarkt Rostock GmbH - Märkte & Veranstaltungen,kontakt@grossmarkt-rostock.de,0381 60903-0,https://www.grossmarkt-rostock.de/media/bewerbungsformular_2027_bearbeitet.pdf,grossmarkt-rostock.de,official,2026-08-03,research-2026-08-03-be-bb-mv,partial,"Das offizielle Formular nennt Freest im Veranstaltungstitel, Termin und gemeinsame Bewerbungsfrist."
fischerfest-greifswald-wieck-2027,Fischerfest Greifswald-Wieck 2027,Fischerfest,Greifswald,Mecklenburg-Vorpommern,DE,Greifswald-Wieck,2026-12-01,Bewerbungen sind bis zum 1. Dezember 2026 einzureichen.,16.07.-18.07.2027,Vollständiges Formblatt für jedes Geschäft gesondert per Post oder E-Mail; ein aktuelles farbiges Foto ist beizufuegen.,"Großmarkt Rostock GmbH, MAERKTE & VERANSTALTUNGEN, Hanseatenstraße 5 - GVZ, 18146 Rostock",Großmarkt Rostock GmbH - Märkte & Veranstaltungen,kontakt@grossmarkt-rostock.de,0381 60903-0,https://www.grossmarkt-rostock.de/media/bewerbungsformular_2027_bearbeitet.pdf,grossmarkt-rostock.de,official,2026-08-03,research-2026-08-03-be-bb-mv,partial,Das offizielle Formular nennt Termin und gemeinsame Bewerbungsfrist. Ein genauerer Veranstaltungsbereich wird dort nicht ausgewiesen.
flensburger-fruehjahrsjahrmarkt-2027-flensburg,Flensburger Frühjahrsjahrmarkt 2027,Jahrmarkt / Volksfest,Flensburg,Schleswig-Holstein,DE,Festplatz EXE,2026-12-01,Standplätze für Volksfeste sind bis zum 01.12. des Vorjahres zu beantragen; für 2027 ist dies der 01.12.2026.,"Frühjahr 2027; neun Tage, in der Regel Freitag bis Sonntag der Folgewoche",Schriftliche Bewerbung bei der Marktaufsicht; für jedes Geschäft ist eine eigene Bewerbung erforderlich,"Stadt Flensburg, Ordnungsverwaltung, Schleswiger Straße 66, 24941 Flensburg",Marktaufsicht der Stadt Flensburg,ordnungsverwaltung@flensburg.de,,https://www.flensburg.de/media/custom/2306_340_1.PDF?1446794313=,flensburg.de,official,2026-08-03,research-2026-08-03-sh,partial,"Die offizielle Marktsatzung bestätigt Veranstaltung, Ort, Dauer und jährliche Frist; konkrete Tagesdaten für 2027 sind noch nicht veröffentlicht. | Die aktuelle städtische Marktsatzung bestätigt Ort, Dauer und Frist; der genaue Termin 2027 ist noch nicht veröffentlicht."
flensburger-herbstjahrmarkt-2027-flensburg,Flensburger Herbstjahrmarkt 2027,Jahrmarkt / Volksfest,Flensburg,Schleswig-Holstein,DE,Festplatz EXE,2026-12-01,Standplätze für Volksfeste sind bis zum 01.12. des Vorjahres zu beantragen; für 2027 ist dies der 01.12.2026.,"Herbst 2027; neun Tage, in der Regel Freitag bis Sonntag der Folgewoche",Schriftliche Bewerbung bei der Marktaufsicht; für jedes Geschäft ist eine eigene Bewerbung erforderlich,"Stadt Flensburg, Ordnungsverwaltung, Schleswiger Straße 66, 24941 Flensburg",Marktaufsicht der Stadt Flensburg,ordnungsverwaltung@flensburg.de,,https://www.flensburg.de/media/custom/2306_340_1.PDF?1446794313=,flensburg.de,official,2026-08-03,research-2026-08-03-sh,partial,"Die offizielle Marktsatzung bestätigt Veranstaltung, Ort, Dauer und jährliche Frist; konkrete Tagesdaten für 2027 sind noch nicht veröffentlicht. | Die aktuelle städtische Marktsatzung bestätigt Ort, Dauer und Frist; der genaue Termin 2027 ist noch nicht veröffentlicht."
greifswalder-weihnachtsmarkt-2027-greifswald,Greifswalder Weihnachtsmarkt 2027,Weihnachtsmarkt,Greifswald,Mecklenburg-Vorpommern,DE,Markt und Fischmarkt Greifswald,2026-12-01,01.12.2026,25.11.-21.12.2027,Mit Bewerbungsformular aus dem Downloadbereich,"Markt, 17489 Greifswald",Großmarkt Rostock GmbH,k.mau@grossmarkt-rostock.de,0381 609030,https://www.grossmarkt-rostock.de/de/was-wir-tun/spezialmaerkte-350/?id=375&weihnachtsmarkt-greifswald=,grossmarkt-rostock.de,official,2026-08-03,research-2026-08-03-main-web,partial,Gesucht werden Kunsthandwerk und Händler mit Neuware. | Das offizielle Formular nennt Termin und gemeinsame Bewerbungsfrist. Der genaue Marktbereich wird dort nicht ausgewiesen.
hafenfest-wolgast-2027,Hafenfest Wolgast 2027,Hafenfest,Wolgast,Mecklenburg-Vorpommern,DE,,2026-12-01,Bewerbungen sind bis zum 1. Dezember 2026 einzureichen.,02.07.-04.07.2027,Vollständiges Formblatt für jedes Geschäft gesondert per Post oder E-Mail; ein aktuelles farbiges Foto ist beizufuegen.,"Großmarkt Rostock GmbH, MAERKTE & VERANSTALTUNGEN, Hanseatenstraße 5 - GVZ, 18146 Rostock",Großmarkt Rostock GmbH - Märkte & Veranstaltungen,kontakt@grossmarkt-rostock.de,0381 60903-0,https://www.grossmarkt-rostock.de/media/bewerbungsformular_2027_bearbeitet.pdf,grossmarkt-rostock.de,official,2026-08-03,research-2026-08-03-be-bb-mv,partial,Das offizielle Formular nennt Termin und gemeinsame Bewerbungsfrist. Der konkrete Veranstaltungsort wird dort nicht ausgewiesen.
hafftage-ueckermuende-2027,Hafftage Ueckermuende 2027,Hafenfest / Hafftage,Ueckermuende,Mecklenburg-Vorpommern,DE,,2026-12-01,Bewerbungen sind bis zum 1. Dezember 2026 einzureichen.,23.07.-25.07.2027,Vollständiges Formblatt für jedes Geschäft gesondert per Post oder E-Mail; ein aktuelles farbiges Foto ist beizufuegen.,"Großmarkt Rostock GmbH, MAERKTE & VERANSTALTUNGEN, Hanseatenstraße 5 - GVZ, 18146 Rostock",Großmarkt Rostock GmbH - Märkte & Veranstaltungen,kontakt@grossmarkt-rostock.de,0381 60903-0,https://www.grossmarkt-rostock.de/media/bewerbungsformular_2027_bearbeitet.pdf,grossmarkt-rostock.de,official,2026-08-03,research-2026-08-03-be-bb-mv,partial,Das offizielle Formular nennt Termin und gemeinsame Bewerbungsfrist. Der konkrete Veranstaltungsort wird dort nicht ausgewiesen.
hanse-sail-warnemuende-seepromenade-2027,Hanse Sail - Warnemünde Seepromenade 2027,Maritimes Volksfest,Rostock,Mecklenburg-Vorpommern,DE,Warnemünde Seepromenade,2026-12-01,Bewerbungen sind bis zum 1. Dezember 2026 einzureichen.,05.08.-08.08.2027,Vollständiges Formblatt für jedes Geschäft gesondert per Post oder E-Mail; ein aktuelles farbiges Foto ist beizufuegen.,"Großmarkt Rostock GmbH, MAERKTE & VERANSTALTUNGEN, Hanseatenstraße 5 - GVZ, 18146 Rostock",Großmarkt Rostock GmbH - Märkte & Veranstaltungen,kontakt@grossmarkt-rostock.de,0381 60903-0,https://www.grossmarkt-rostock.de/media/bewerbungsformular_2027_bearbeitet.pdf,grossmarkt-rostock.de,official,2026-08-03,research-2026-08-03-be-bb-mv,partial,Im offiziellen Formular als eigener auswählbarer Veranstaltungsbereich neben der Hanse Sail aufgefuehrt.
hanse-sail-2027-rostock,Hanse Sail 2027,Maritimes Volksfest,Rostock,Mecklenburg-Vorpommern,DE,Rostocker Stadthafen und Warnemünde,2026-12-01,Bewerbungen sind bis zum 1. Dezember 2026 einzureichen.,05.08.-08.08.2027,Vollständiges Formblatt für jedes Geschäft gesondert per Post oder E-Mail; ein aktuelles farbiges Foto ist beizufuegen.,"Großmarkt Rostock GmbH, MAERKTE & VERANSTALTUNGEN, Hanseatenstraße 5 - GVZ, 18146 Rostock",Großmarkt Rostock GmbH - Märkte & Veranstaltungen,kontakt@grossmarkt-rostock.de,0381 60903-0,https://www.grossmarkt-rostock.de/media/bewerbungsformular_2027_bearbeitet.pdf,grossmarkt-rostock.de,official,2026-08-03,research-2026-08-03-be-bb-mv,partial,"Das offizielle Formular nennt Termin und gemeinsame Bewerbungsfrist. Der konkrete Teilbereich wird in diesem Formular nicht ausgewiesen. | Gesucht werden unter anderem Fahrgeschäfte, Imbiss, Ausschank, Händler und Promoter."
jura-volksfest-2027-neumarkt,JURA-Volksfest Neumarkt 2027,Volksfest,Neumarkt in der Oberpfalz,Bayern,DE,Volksfestplatz und Jurahallen,2026-12-01,jährlich bis spätestens 01.12. des Vorjahres,,Schriftlich per Post oder per E-Mail an den von der Stadt benannten Schaustellerkoordinator,"Hartmanns Vergnügungsbetriebe, B. Wunderle-Wittmann und J. Wittmann, Leutenbachstraße 28, 91217 Hersbruck",Hartmanns Vergnügungsbetriebe,Hartmanns-Vergnuegungsbetriebe@web.de,,https://www.neumarkt.de/kultur-stadtinfo/veranstaltungen-und-feste/feste/ausschreibungenbewerbungen-fuer-die-feste/,neumarkt.de,official,2026-08-03,research-2026-08-03-bayern,partial,Die städtische Seite bestätigt die jährlich geltende Bewerbungsfrist für Schausteller; der genaue Veranstaltungszeitraum 2027 ist dort noch nicht veröffentlicht.
karlsruher-fruehjahrsjahrmarkt-2027,Karlsruher Frühjahrsjahrmarkt (Frühjahrsmess) 2027,Jahrmarkt,Karlsruhe,Baden-Württemberg,DE,Messplatz an der Durlacher Allee,2026-12-01,Bewerbungen sind bis spätestens 1. Dezember 2026 beim Marktamt einzureichen (Eingangsdatum maßgeblich),27.05.-07.06.2027,"Schriftlich beim Marktamt (Fax zur Fristwahrung zulässig, E-Mail-Bewerbungen werden laut Ausschreibung nicht bearbeitet)","Stadt Karlsruhe, Marktamt, Am Großmarkt 10, 76137 Karlsruhe",Marktamt Karlsruhe,ma@karlsruhe.de,0721 133-7201,https://www.karlsruhe.de/kultur-freizeit/maerkte/bewerbungsverfahren,karlsruhe.de,official,2026-09-19,named-bwhe-2026-09,verified,"Frist aus dem Ausschreibungs-PDF ""Karlsruher Jahrmärkte 2027"" (verlinkt auf der Bewerbungsseite, per PDF-Textextraktion gelesen am 2026-09-19). Bewerbung je Geschäft und Veranstaltung getrennt; Unterlagen: Foto, Grundriss, Stromwerte, Ausführungsgenehmigung Fliegende Bauten."
kleinkunstfest-warnemuende-2027,Kleinkunstfest Warnemünde 2027,Kleinkunstfest / Markt,Rostock,Mecklenburg-Vorpommern,DE,Warnemünde,2026-12-01,Bewerbungen sind bis zum 1. Dezember 2026 einzureichen.,06.05.-09.05.2027,Vollständiges Formblatt für jedes Geschäft gesondert per Post oder E-Mail; ein aktuelles farbiges Foto ist beizufuegen.,"Großmarkt Rostock GmbH, MAERKTE & VERANSTALTUNGEN, Hanseatenstraße 5 - GVZ, 18146 Rostock",Großmarkt Rostock GmbH - Märkte & Veranstaltungen,kontakt@grossmarkt-rostock.de,0381 60903-0,https://www.grossmarkt-rostock.de/media/bewerbungsformular_2027_bearbeitet.pdf,grossmarkt-rostock.de,official,2026-08-03,research-2026-08-03-be-bb-mv,partial,Das Formular schliesst Fahrgeschäfte für diese Veranstaltung ausdruecklich aus. Der genaue Veranstaltungsort wird nicht ausgewiesen.
muehlenfest-gnoien-2027,Mühlenfest Gnoien 2027,Stadtfest / Mühlenfest,Gnoien,Mecklenburg-Vorpommern,DE,,2026-12-01,Bewerbungen sind bis zum 1. Dezember 2026 einzureichen.,25.06.-27.06.2027,Vollständiges Formblatt für jedes Geschäft gesondert per Post oder E-Mail; ein aktuelles farbiges Foto ist beizufuegen.,"Großmarkt Rostock GmbH, MAERKTE & VERANSTALTUNGEN, Hanseatenstraße 5 - GVZ, 18146 Rostock",Großmarkt Rostock GmbH - Märkte & Veranstaltungen,kontakt@grossmarkt-rostock.de,0381 60903-0,https://www.grossmarkt-rostock.de/media/bewerbungsformular_2027_bearbeitet.pdf,grossmarkt-rostock.de,official,2026-08-03,research-2026-08-03-be-bb-mv,partial,Das offizielle Formular nennt Termin und gemeinsame Bewerbungsfrist. Der konkrete Veranstaltungsort wird dort nicht ausgewiesen.
neumarkter-fruehlingsfest-2027-neumarkt,Neumarkter Frühlingsfest 2027,Volksfest,Neumarkt in der Oberpfalz,Bayern,DE,Volksfestplatz und Jurahallen,2026-12-01,jährlich bis spätestens 01.12. des Vorjahres,05.05.-09.05.2027,Schriftlich per Post oder per E-Mail an den von der Stadt benannten Schaustellerkoordinator,"Hartmanns Vergnügungsbetriebe, B. Wunderle-Wittmann und J. Wittmann, Leutenbachstraße 28, 91217 Hersbruck",Hartmanns Vergnügungsbetriebe,Hartmanns-Vergnuegungsbetriebe@web.de,09181 255-0,https://www.neumarkt.de/kultur-stadtinfo/veranstaltungen-und-feste/feste/ausschreibungenbewerbungen-fuer-die-feste/,neumarkt.de,official,2026-08-03,research-2026-08-03-bayern,verified,"Die städtische Seite nennt die jährlich geltende Frist für Schau- und Fahrgeschäfte sowie Spiel- und Süßwarenstände; der Termin 2027 ist in der offiziellen Ausschreibung zur Festbrauerei bestätigt. | Die Stadt Neumarkt trennt vier Bewerbergruppen mit identischer Frist. Schau- und Fahrgeschäfte laufen nicht über die Stadt, sondern über den beauftragten Vergnügungsbetrieb."
neumarkter-jura-volksfest-2027-neumarkt,Neumarkter JURA-Volksfest 2027,Volksfest,Neumarkt in der Oberpfalz,Bayern,DE,Neumarkt in der Oberpfalz,2026-12-01,"Bewerbungen sind jährlich bis spätestens 01.12. des Vorjahres einzureichen, für das JURA-Volksfest 2027 also bis zum 01.12.2026.",2027; der genaue Termin ist auf der Ausschreibungsseite nicht ausgewiesen.,"Schriftliche bzw. formulargestuetzte Bewerbung beim Hauptamt der Stadt Neumarkt; getrennte Verfahren für Festwirt, Festbrauerei und Essensgeschaefte. Schau- und Fahrgeschäfte bewerben sich direkt bei Hartmanns Vergnügungsbetriebe.","Stadt Neumarkt in der Oberpfalz, Hauptamt, Neumarkt","Hauptamt der Stadt Neumarkt; für Schau- und Fahrgeschäfte B. Wunderle-Wittmann und J. Wittmann, Hartmanns Vergnügungsbetriebe, Leutenbachstr. 28, 91217 Hersbruck",Hartmanns-Vergnuegungsbetriebe@web.de,09181 255-0,https://www.neumarkt.de/kultur-stadtinfo/veranstaltungen-und-feste/feste/ausschreibungenbewerbungen-fuer-die-feste/,neumarkt.de,official,2026-08-03,de-2026-08-breitensuche-05,partial,Zweites Neumarkter Volksfest mit identischem Verfahren und identischer Frist wie das Frühlingsfest. Die Stadt weist Festwirt-Ausschreibungen mehrjaehrig aus (2025 bis 2027).
ostermarkt-rostock-2027,Ostermarkt Rostock 2027,Ostermarkt,Rostock,Mecklenburg-Vorpommern,DE,,2026-12-01,Bewerbungen sind bis zum 1. Dezember 2026 einzureichen.,19.03.-03.04.2027,Vollständiges Formblatt für jedes Geschäft gesondert per Post oder E-Mail; ein aktuelles farbiges Foto ist beizufuegen.,"Großmarkt Rostock GmbH, MAERKTE & VERANSTALTUNGEN, Hanseatenstraße 5 - GVZ, 18146 Rostock",Großmarkt Rostock GmbH - Märkte & Veranstaltungen,kontakt@grossmarkt-rostock.de,0381 60903-0,https://www.grossmarkt-rostock.de/media/bewerbungsformular_2027_bearbeitet.pdf,grossmarkt-rostock.de,official,2026-08-03,research-2026-08-03-be-bb-mv,partial,Das offizielle Formular nennt die gemeinsame Frist für die auf Seite 4 auswaehlbaren Veranstaltungen. Der konkrete Veranstaltungsort wird dort nicht ausgewiesen.
peenefest-demmin-2027,Peenefest Demmin 2027,Stadt- und Hafenfest,Demmin,Mecklenburg-Vorpommern,DE,,2026-12-01,Bewerbungen sind bis zum 1. Dezember 2026 einzureichen.,21.05.-23.05.2027,Vollständiges Formblatt für jedes Geschäft gesondert per Post oder E-Mail; ein aktuelles farbiges Foto ist beizufuegen.,"Großmarkt Rostock GmbH, MAERKTE & VERANSTALTUNGEN, Hanseatenstraße 5 - GVZ, 18146 Rostock",Großmarkt Rostock GmbH - Märkte & Veranstaltungen,kontakt@grossmarkt-rostock.de,0381 60903-0,https://www.grossmarkt-rostock.de/media/bewerbungsformular_2027_bearbeitet.pdf,grossmarkt-rostock.de,official,2026-08-03,research-2026-08-03-be-bb-mv,partial,Das offizielle Formular nennt Termin und gemeinsame Bewerbungsfrist. Der konkrete Veranstaltungsort wird dort nicht ausgewiesen.
pfingstmarkt-rostock-2027,Pfingstmarkt Rostock 2027,Pfingstmarkt,Rostock,Mecklenburg-Vorpommern,DE,,2026-12-01,Bewerbungen sind bis zum 1. Dezember 2026 einzureichen.,14.05.-17.05.2027,Vollständiges Formblatt für jedes Geschäft gesondert per Post oder E-Mail; ein aktuelles farbiges Foto ist beizufuegen.,"Großmarkt Rostock GmbH, MAERKTE & VERANSTALTUNGEN, Hanseatenstraße 5 - GVZ, 18146 Rostock",Großmarkt Rostock GmbH - Märkte & Veranstaltungen,kontakt@grossmarkt-rostock.de,0381 60903-0,https://www.grossmarkt-rostock.de/media/bewerbungsformular_2027_bearbeitet.pdf,grossmarkt-rostock.de,official,2026-08-03,research-2026-08-03-be-bb-mv,partial,Das offizielle Formular nennt die gemeinsame Frist für die auf Seite 4 auswaehlbaren Veranstaltungen. Der konkrete Veranstaltungsort wird dort nicht ausgewiesen.
rostocker-weihnachtsmarkt-2027-rostock,Rostocker Weihnachtsmarkt 2027,Weihnachtsmarkt,Rostock,Mecklenburg-Vorpommern,DE,Rostocker Innenstadt und Neuer Markt,2026-12-01,Die Bewerbungsfrist für den Rostocker Weihnachtsmarkt 2027 laeuft bis zum 1. Dezember 2026.,22. November bis 22. Dezember 2027,Bewerbungsformular 2027 und aktuelle Preislisten aus dem Downloadbereich der Großmarkt Rostock GmbH. Nur vollständige Bewerbungen mit aktuellem Foto des Geschäfts werden berücksichtigt.,"Großmarkt Rostock GmbH, Hanseatenstraße 5, 18146 Rostock",Großmarkt Rostock GmbH,kontakt@grossmarkt-rostock.de,+49 381 609030,https://www.rostocker-weihnachtsmarkt.de/de/unser-weihnachtsmarkt/fuer-haendler-und-schausteller/,rostocker-weihnachtsmarkt.de,official,2026-08-03,nord-ost-2027-deep-restliche-laender,verified,"Groesster Weihnachtsmarkt Norddeutschlands. Gesucht werden Grill-, Crepes- und Pizzabetriebe sowie weitere kulinarische Anbieter und Händler mit Kunsthandwerk. Die Großmarkt Rostock GmbH vermietet Mietbuden sowohl für den Weihnachtsmarkt als auch für den Rostocker Ostermarkt. | Das offizielle Formular nennt Termin und gemeinsame Bewerbungsfrist. Der genaue Innenstadtbereich wird dort nicht ausgewiesen."
ruegener-hafentage-sassnitz-2027,Rügener Hafentage in Sassnitz 2027,Hafenfest,Sassnitz,Mecklenburg-Vorpommern,DE,,2026-12-01,Bewerbungen sind bis zum 1. Dezember 2026 einzureichen.,09.07.-11.07.2027,Vollständiges Formblatt für jedes Geschäft gesondert per Post oder E-Mail; ein aktuelles farbiges Foto ist beizufuegen.,"Großmarkt Rostock GmbH, MAERKTE & VERANSTALTUNGEN, Hanseatenstraße 5 - GVZ, 18146 Rostock",Großmarkt Rostock GmbH - Märkte & Veranstaltungen,kontakt@grossmarkt-rostock.de,0381 60903-0,https://www.grossmarkt-rostock.de/media/bewerbungsformular_2027_bearbeitet.pdf,grossmarkt-rostock.de,official,2026-08-03,research-2026-08-03-be-bb-mv,partial,Das offizielle Formular nennt Termin und gemeinsame Bewerbungsfrist. Der konkrete Veranstaltungsort wird dort nicht ausgewiesen.
urban-tec-2027-offenburg,Urban Tec 2027,Messe,Offenburg,Baden-Württemberg,DE,Messe Offenburg-Ortenau,2026-12-01,Anmeldeschluss 01.12.2026; Frühbucherpreis bis 30.09.2026,15.09.-16.09.2027,Offizielles Anmeldeformular / Anmeldesatz 2027,"Messe Offenburg-Ortenau GmbH, Schutterwälder Straße 3, 77656 Offenburg",Lisa Stoll,lstoll@messe-offenburg.de,+49 781 9226-246,https://www.urban-tec-offenburg.de/de/ausstellerunterlagen-wissenswertes,urban-tec-offenburg.de,official,2026-08-03,bw-2027-deep-rb-freiburg,verified,Die offizielle Ausstellerseite verlinkt den Anmeldesatz 2027; der bereits gesichtete PDF-Inhalt nennt Frühbucherpreis bis 30.09.2026 und Anmeldeschluss 01.12.2026.
westersteder-fruehjahrsmarkt-2027,Westersteder Frühjahrsmarkt 2027,Jahrmarkt / Volksfest,Westerstede,Niedersachsen,DE,Westerstede,2026-12-01,01.12.2026 (1. Dezember des Vorjahres),"erstes Wochenende im Mai 2027, Freitag bis Montag",Schriftliche Bewerbung per Post oder E-Mail mit den geforderten Geschäftsangaben,"Stadt Westerstede, Dezernat I - Märkte, Am Markt 2, 26655 Westerstede",Frau Rickels,drickels@westerstede.de,04488 55-109,https://www.westersteder-markt.de/informationen-fuer-schausteller/,westersteder-markt.de,official,2026-08-03,research-2026-08-03-gap-volksfeste,verified,"Die offizielle Marktseite nennt beide Märkte, die Stadt als Bewerbungsempfängerin, die jährliche Frist und ein Bewerbungsformular."
westersteder-herbstmarkt-2027,Westersteder Herbstmarkt 2027,Jahrmarkt / Volksfest,Westerstede,Niedersachsen,DE,Westerstede,2026-12-01,01.12.2026 (1. Dezember des Vorjahres),zweites Wochenende vor dem Volkstrauertag 2027,Schriftliche Bewerbung per Post oder E-Mail mit den geforderten Geschäftsangaben,"Stadt Westerstede, Dezernat I - Märkte, Am Markt 2, 26655 Westerstede",Frau Rickels,drickels@westerstede.de,04488 55-109,https://www.westersteder-markt.de/informationen-fuer-schausteller/,westersteder-markt.de,official,2026-08-03,research-2026-08-03-gap-volksfeste,verified,"Die offizielle Marktseite nennt beide Märkte, die Stadt als Bewerbungsempfängerin, die jährliche Frist und ein Bewerbungsformular."
glauchauer-weihnachtsmarkt-2026-glauchau,Glauchauer Weihnachtsmarkt 2026,Weihnachtsmarkt,Glauchau,Sachsen,DE,"Marktplatz, Dr.-Dörffel-Straße, Schlossbereich und Schlosshöfe",2026-12-04,04.12.2026,04.12.-06.12.2026,Online über das Beteiligungsportal Sachsen,"Stadt Glauchau, Kulturverwaltung, Markt 1, 08371 Glauchau",Kulturverwaltung Stadt Glauchau,kultur@glauchau.de,03763 65 416,https://buergerbeteiligung.sachsen.de/portal/glauchau/beteiligung/themen/1061900,buergerbeteiligung.sachsen.de,official,2026-08-03,research-2026-08-03-sn-st-th,verified,Das offizielle Portal weist die Bewerbung bis zum ersten Veranstaltungstag als aktiv aus.
jenaer-handgemacht-tage-2027-jena,handgemacht-Tage Jena 2027,Handwerksmarkt / Spezialmarkt,Jena,Thüringen,DE,Marktplatz Jena,2026-12-10,10.12.2026 (vier Monate vor Veranstaltungsbeginn),10.04.-11.04.2027,"Schriftlich oder per E-Mail bei JenaKultur, Abteilung Märkte/Stadtfeste","JenaKultur, Marktmeister, Löbdergraben 14a, 07743 Jena","Oliver Klinke, Marktmeister JenaKultur",maerkte@jena.de,+49 3641 49-8144,https://rathaus.jena.de/system/files/2025-01/c01.pdf,rathaus.jena.de,official,2026-08-03,research-2026-08-03-sn-st-th,partial,Die amtliche Richtlinie setzt die Frist für sonstige Sondermärkte auf vier Monate vor Veranstaltungsbeginn. Der Termin ist zusätzlich auf https://www.jenakultur.de/de/maerkte_und_stadtfeste/handgemacht-tage/980741 veröffentlicht.
jenaer-holzmarkt-2027-jena,Thüringer Holzmarkt 2027,Handwerksmarkt / Spezialmarkt,Jena,Thüringen,DE,Marktplatz Jena,2026-12-10,10.12.2026 (vier Monate vor Veranstaltungsbeginn),10.04.2027,"Schriftlich oder per E-Mail bei JenaKultur, Abteilung Märkte/Stadtfeste","JenaKultur, Marktmeister, Löbdergraben 14a, 07743 Jena","Oliver Klinke, Marktmeister JenaKultur",maerkte@jena.de,+49 3641 49-8144,https://rathaus.jena.de/system/files/2025-01/c01.pdf,rathaus.jena.de,official,2026-08-03,research-2026-08-03-sn-st-th,partial,Die amtliche Richtlinie setzt die Frist für Holz- und sonstige Sondermärkte auf vier Monate vor Veranstaltungsbeginn. Der Termin 10.04.2027 ist zusätzlich auf https://www.jenakultur.de/de/maerkte_und_stadtfeste/605333 veröffentlicht.
bobinger-volksfest-2027-bobingen,Bobinger Volksfest 2027,Volksfest,Bobingen,Bayern,DE,Volksfestplatz Bobingen,2026-12-11,11.12.2026,Bobinger Volksfest 2027,Schriftlich per Post; E-Mail-Bewerbungen sind ausgeschlossen,"Stadt Bobingen, Marktamt, Rathausplatz 1, 86399 Bobingen",Marktamt Stadt Bobingen,poststelle@bobingen.de,08234 8002-0,https://www.stadt-bobingen.de/kultur-freizeit/feste-veranstaltungen/bobinger-volksfest,stadt-bobingen.de,official,2026-08-03,research-2026-08-03-main-web,partial,Ausschlussfrist; maßgeblich ist der Posteingang.
aqua-fisch-2027-friedrichshafen,AQUA-FISCH 2027,Fach- und Publikumsmesse,Friedrichshafen,Baden-Württemberg,DE,Messe Friedrichshafen,2026-12-14,Anmeldung erbeten bis 14.12.2026,05.03.-07.03.2027,Online-Standanmeldung oder offizielles Anmeldeformular,"Messe Friedrichshafen GmbH, Neue Messe 1, 88046 Friedrichshafen",AQUA-FISCH-Projektteam,,+49 7541 708-398 / -406 / -410,https://cdn.messe-friedrichshafen.de/assets/aquafisch/pdf/Teilnahmebedingungen/AQUA27_Besondere_Teilnahmebedingungen_DE.pdf?v=1776173190,cdn.messe-friedrichshafen.de,official,2026-08-03,bw-2027-deep-rb-tuebingen,verified,Die offiziellen Besonderen Teilnahmebedingungen bestätigen Messetermin und Anmeldetermin.
fruehlingskirmes-2027-kamen,Frühlingskirmes Kamen-Mitte 2027,Kirmes,Kamen,Nordrhein-Westfalen,DE,Kamen-Mitte,2026-12-15,"Bewerbungen sind bis zum 15.12. eines jeden Jahres fuer das kommende Jahr einzureichen, fuer 2027 also bis zum 15.12.2026.",In der Regel das dritte Aprilwochenende 2027.,"Schriftliche Bewerbung mit den ueblichen Unterlagen (Lichtbild, Beschreibung des Geschaefts).","Stadt Kamen, Abteilung 04 Wirtschaftsfoerderung, Grundstuecksmanagement, Gewerbe, Rathausplatz 6, 59174 Kamen","Herr Nattkemper, Sachbearbeitung",gewerbe@stadt-kamen.de,02307 148-1506,https://buergerportal.kamen.de/detail/-/vr-bis-detail/dienstleistung/629949/show,buergerportal.kamen.de,official,2026-08-04,nrw-ruhr-ost-2026-08,partial,"Groesste der vier Kamener Kirmessen, in der Innenstadt. Gemeinsame Frist mit Maerzkirmes, Pflaumenkirmes und Severinsmarkt."
itb-berlin-2027-mitaussteller,ITB Berlin 2027 - Mitausstellende,Internationale Fachmesse für Tourismus,Berlin,Berlin,DE,Berlin ExpoCenter City,2026-12-15,Co-exhibitor registration deadline: 15.12.2026,16.03.-18.03.2027,Registrierung im Profil des Hauptausstellers im offiziellen Ausstellerportal,"Messe Berlin GmbH, Messedamm 22, 14055 Berlin",ITB Berlin Team,itb@messe-berlin.de,,https://asp.itb.com/de/faqs/,asp.itb.com,official,2026-08-03,berlin-2027-deep-messen,verified,Die Registrierung von Mitausstellenden wird nach der Hauptstandanmeldung im Profil des Hauptausstellers freigeschaltet.
maerzkirmes-heeren-werve-2027-kamen,Märzkirmes Heeren-Werve 2027,Kirmes,Kamen,Nordrhein-Westfalen,DE,Stadtteil Heeren-Werve,2026-12-15,"Bewerbungen sind bis zum 15.12. eines jeden Jahres fuer das kommende Jahr einzureichen, fuer 2027 also bis zum 15.12.2026.",In der Regel das dritte Maerzwochenende 2027.,"Schriftliche Bewerbung mit den ueblichen Unterlagen (Lichtbild, Beschreibung des Geschaefts).","Stadt Kamen, Abteilung 04 Wirtschaftsfoerderung, Grundstuecksmanagement, Gewerbe, Rathausplatz 6, 59174 Kamen","Herr Nattkemper, Sachbearbeitung",gewerbe@stadt-kamen.de,02307 148-1506,https://buergerportal.kamen.de/detail/-/vr-bis-detail/dienstleistung/629949/show,buergerportal.kamen.de,official,2026-08-04,nrw-ruhr-ost-2026-08,partial,Die Stadt Kamen schreibt vier Kirmessen mit einer gemeinsamen Dauerregel aus. Zulassung nach Attraktivitaet des Geschaefts und gesunder Branchenmischung. Genaue Termine werden jaehrlich festgelegt.
norddeutscher-kunsthandwerkermarkt-2027,Norddeutscher Kunsthandwerkermarkt 2027,Kunsthandwerkermarkt,Norddeutschland,Schleswig-Holstein,DE,,2026-12-15,"Bewerbungen für den Markt 2027 müssen bis zum 15. Dezember 2026 eingereicht werden, ausschließlich per Post.",2027; die genauen Termine sind noch nicht veröffentlicht.,Ausschließlich postalische Bewerbung; E-Mail-Bewerbungen werden nicht angenommen.,,Norddeutscher Kunsthandwerkermarkt,,,http://www.norddeutscherkunsthandwerkermarkt.de/teilnahmebedingungen/,norddeutscherkunsthandwerkermarkt.de,official,2026-08-03,de-2026-08-breitensuche-02,partial,"Achtung: Der direkte Abruf der offiziellen Teilnahmebedingungen scheiterte an einem SSL-Handshake-Fehler. Frist und Postweg stammen aus der Indexierung derselben offiziellen Seite, nicht aus einer eigenen Sichtung. Vor Übernahme in Nutzerkommunikation gegenpruefen. Veranstaltungsort und Kontaktdaten konnten nicht ermittelt werden."
pflaumenkirmes-methler-2027-kamen,Pflaumenkirmes Methler 2027,Kirmes,Kamen,Nordrhein-Westfalen,DE,Stadtteil Methler,2026-12-15,"Bewerbungen sind bis zum 15.12. eines jeden Jahres fuer das kommende Jahr einzureichen, fuer 2027 also bis zum 15.12.2026.",Drittes Septemberwochenende 2027.,"Schriftliche Bewerbung mit den ueblichen Unterlagen (Lichtbild, Beschreibung des Geschaefts).","Stadt Kamen, Abteilung 04 Wirtschaftsfoerderung, Grundstuecksmanagement, Gewerbe, Rathausplatz 6, 59174 Kamen","Herr Nattkemper, Sachbearbeitung",gewerbe@stadt-kamen.de,02307 148-1506,https://buergerportal.kamen.de/detail/-/vr-bis-detail/dienstleistung/629949/show,buergerportal.kamen.de,official,2026-08-04,nrw-ruhr-ost-2026-08,partial,Traditionskirmes im Kamener Stadtteil Methler. Gemeinsame Frist mit den uebrigen drei Kamener Kirmessen.
severinsmarkt-2027-kamen,Severinsmarkt Kamen 2027,Kirmes / Jahrmarkt,Kamen,Nordrhein-Westfalen,DE,Kamen,2026-12-15,"Bewerbungen sind bis zum 15.12. eines jeden Jahres fuer das kommende Jahr einzureichen, fuer 2027 also bis zum 15.12.2026.",Drittes Oktoberwochenende 2027.,"Schriftliche Bewerbung mit den ueblichen Unterlagen (Lichtbild, Beschreibung des Geschaefts).","Stadt Kamen, Abteilung 04 Wirtschaftsfoerderung, Grundstuecksmanagement, Gewerbe, Rathausplatz 6, 59174 Kamen","Herr Nattkemper, Sachbearbeitung",gewerbe@stadt-kamen.de,02307 148-1506,https://buergerportal.kamen.de/detail/-/vr-bis-detail/dienstleistung/629949/show,buergerportal.kamen.de,official,2026-08-04,nrw-ruhr-ost-2026-08,partial,"Vierte und letzte Kamener Kirmes im Jahreslauf. Gemeinsame Frist mit Maerz-, Fruehlings- und Pflaumenkirmes."
tuning-world-bodensee-2027-friedrichshafen,TUNING WORLD BODENSEE 2027,Fach- und Publikumsmesse,Friedrichshafen,Baden-Württemberg,DE,Messe Friedrichshafen,2026-12-15,Anmeldung erbeten bis 15.12.2026,06.05.-09.05.2027,Online-Standanmeldung oder offizielles Anmeldeformular,"Messe Friedrichshafen GmbH, Neue Messe 1, 88046 Friedrichshafen",TUNING-WORLD-BODENSEE-Projektteam,,,https://cdn.messe-friedrichshafen.de/assets/tuningworldbodensee/pdf/TWB27_Besondere-Teilnahmebedingungen-_DE.pdf?v=1779780678,cdn.messe-friedrichshafen.de,official,2026-08-03,bw-2027-deep-rb-tuebingen,verified,Die offiziellen Besonderen Teilnahmebedingungen bestätigen Messetermin und Anmeldetermin.
kiliankirmes-2027-iserlohn-letmathe,Kiliankirmes Letmathe 2027,Kirmes / Volksfest,Iserlohn,Nordrhein-Westfalen,DE,"Iserlohn-Letmathe, Festplätze und Budengasse entlang der Overwegstraße",2026-12-18,18.12.2026 (18. Dezember des Vorjahres),drittes Wochenende im Juli 2027,"Schriftliche Bewerbung per Post oder E-Mail mit Standgröße, Angebot und aktuellem Foto","Stadt Iserlohn, Bereich Sicherheit und Ordnung, Schillerplatz 7, 58636 Iserlohn",Herr Johannsen,kiliankirmes.letmathe@iserlohn.de,02371 217-1617,https://www.iserlohn.de/rathaus-politik/rathaus/alle-dienstleistungen/kiliankirmes-und-kilianmarkt,iserlohn.de,official,2026-08-03,research-2026-08-03-gap-volksfeste,verified,"Die städtische Dienstleistungsseite bestätigt den jährlich wiederkehrenden Termin, die Frist und die geforderten Bewerbungsunterlagen."
agrarschau-allgaeu-2027-dietmannsried,Agrarschau Allgäu 2027,Agrarmesse / Ausstellung,Dietmannsried,Bayern,DE,Messegelände westlich von Dietmannsried,2026-12-30,Anmeldeschluss für alle Bereiche: 30.12.2026 (30. Dezember des Vorjahres),15.04.-19.04.2027,Aktives Online-Anmeldeformular oder offizielles Anmeldeformular an die Geschäftsstelle,"Agrar Schau Allgäu GmbH, Schochenbühl 2, 87463 Dietmannsried",Agrar Schau Allgäu GmbH,info@agrarschau-allgaeu.de,08374 5868749,https://www.agrarschau-allgaeu.de/messe-ausstellung/anmeldung,agrarschau-allgaeu.de,official,2026-08-03,by-2027-deep-rb-schwaben,verified,"Die offizielle Ausstellerseite nennt Termin, aktives Anmeldeverfahren und den Anmeldeschluss für alle Ausstellungsbereiche; die Ausstellerbedingungen sind ausdrücklich für 2027 veröffentlicht."
hirschaider-fruehjahrsmarkt-2027,Hirschaider Frühjahrsmarkt 2027,Frühjahrsmarkt,Hirschaid,Bayern,DE,Hirschaid,2026-12-30,Bewerbungsschluss: 30. Dezember 2026,14. März 2027,Offiziellen Vordruck per E-Mail oder an den Markt Hirschaid zurückgeben,Markt Hirschaid,Sabrina Lerch,sabrina.lerch@hirschaid.de,,https://www.hirschaid.de/eigene_dateien/aktuell/bewerbung_2027_fm.pdf,hirschaid.de,official,2026-08-03,research-2026-08-03-gap-maerkte,partial,Das amtliche Bewerbungsformular nennt Veranstaltungstag und Bewerbungsschluss ausdrücklich.
altstadtfest-kassel-2027-kassel,Altstadtfest Kassel 2027,Stadtfest,Kassel,Hessen,DE,Kasseler Altstadt,2026-12-31,"Bewerbungsschluss ist der 31.12. des Vorjahres, für das Altstadtfest 2027 also der 31.12.2026.",Die genauen Termine 2027 sind noch nicht veröffentlicht.,Bewerbung per Post oder eingescannt per E-Mail an events@kassel-marketing.de.,"Kassel Marketing GmbH, Kassel","Kassel Marketing GmbH, Bereich Events",events@kassel-marketing.de,+49 561 7077-123,https://veranstaltungen.kassel-marketing.de/de/bewerbung,veranstaltungen.kassel-marketing.de,official,2026-08-03,he-2027-deep-nord-sued,partial,Kassel Marketing nennt den Bewerbungsschluss als feste jährliche Regel. Derzeit sind auf der Website keine Bewerbungsformulare hinterlegt.
auer-dulten-2027-muenchen,"Auer Dulten 2027 (Maidult, Jakobidult, Kirchweihdult)",Dult / Traditionsmarkt,München,Bayern,DE,Mariahilfplatz München,2026-12-31,"Die Landeshauptstadt München setzt den Bewerbungsschluss jeweils auf den 31. Dezember des Vorjahres, fuer die Auer Dulten 2027 also auf den 31.12.2026.","Drei Dulten im Jahr 2027 (Fruehjahr, Sommer, Herbst); die genauen Termine sind noch nicht veroeffentlicht.",Bewerbung ueber die Formulare des Referats fuer Arbeit und Wirtschaft. Die Unterlagen fuer 2027 stehen ab November 2026 bereit.,"Landeshauptstadt München, Referat fuer Arbeit und Wirtschaft, München",Referat fuer Arbeit und Wirtschaft,veranstaltungen.raw@muenchen.de,,https://stadt.muenchen.de/infos/bewerbungmaerkteundfeste.html,stadt.muenchen.de,official,2026-08-04,de-2026-08-regelfristen-02,partial,Die drei Auer Dulten werden ueber ein gemeinsames Bewerbungsverfahren vergeben. Fristdatum aus der wiederkehrenden Regel abgeleitet.
casseler-fruehlings-freyheit-2027-kassel,Casseler Frühlings-Freyheit 2027,Frühjahrsvolksfest,Kassel,Hessen,DE,Kassel,2026-12-31,"Bewerbungsschluss ist der 31.12. des Vorjahres, für die Casseler Frühlings-Freyheit 2027 also der 31.12.2026.",Die genauen Termine 2027 sind noch nicht veröffentlicht.,Bewerbung per Post oder eingescannt per E-Mail an events@kassel-marketing.de.,"Kassel Marketing GmbH, Kassel","Kassel Marketing GmbH, Bereich Events",events@kassel-marketing.de,+49 561 7077-123,https://veranstaltungen.kassel-marketing.de/de/bewerbung,veranstaltungen.kassel-marketing.de,official,2026-08-03,he-2027-deep-nord-sued,partial,Kassel Marketing nennt den Bewerbungsschluss als feste jährliche Regel. Derzeit sind auf der Website keine Bewerbungsformulare hinterlegt.
donatus-mai-kirmes-2027-euskirchen,Donatus-Mai-Kirmes 2027,Kirmes,Euskirchen,Nordrhein-Westfalen,DE,Euskirchener Innenstadt,2026-12-31,31.12.2026 (jeweils 31. Dezember des Vorjahres),Mai 2027,Schriftliche Bewerbung,"Stadtverwaltung Euskirchen, Fachbereich 4, Marktverwaltung, Postfach 1169, 53861 Euskirchen",Marktverwaltung Stadt Euskirchen,,,https://www.euskirchen.de/leben-in-euskirchen/freizeit/kirmes-in-euskirchen/infos-fuer-beschicker,euskirchen.de,official,2026-08-03,research-2026-08-03-nrw,partial,Die offizielle Beschickerseite bestätigt die jährliche Frist für die Euskirchener Kirmessen; der genaue Veranstaltungstermin 2027 ist dort noch nicht veröffentlicht.
duelmener-kirmes-2027-duelmen,Dülmener Kirmes 2027 (Dreifaltigkeitskirmes und Viktorkirmes),Kirmes und Krammarkt,Dülmen,Nordrhein-Westfalen,DE,Marktplatz Dülmen,2026-12-31,"Einsendeschluss ist jeweils der 31.12. des Vorjahres, für 2027 also der 31.12.2026. Später eingehende Bewerbungen können nicht berücksichtigt werden.","Dreifaltigkeitskirmes am Wochenende nach Pfingsten (Freitag bis Montag), Viktorkirmes am zweiten Oktoberwochenende (Freitag bis Montag).",Schriftliche Bewerbung für Kirmes und Krammarkt. Eine Restplatzvergabe findet jeweils mittwochs um 14:00 Uhr vor der Veranstaltung auf dem Marktplatz statt.,"Stadt Dülmen, Zentrale Bussgeldstelle, Gewerbe und Markt, Markt 1, 48249 Dülmen","Gewerbe und Markt, Stadt Dülmen",gewerbe@duelmen.de,02594 12-358,https://serviceportal.duelmen.de/detail/-/vr-bis-detail/dienstleistung/288/show/,serviceportal.duelmen.de,official,2026-08-03,de-2026-08-breitensuche-04,partial,Eine gemeinsame Frist für beide Dülmener Kirmesveranstaltungen. Die Restplatzvergabe vor Ort ist eine zweite Chance für Kurzentschlossene.
eisleber-wiesenmarkt-2027-lutherstadt-eisleben,Eisleber Wiesenmarkt 2027,Volksfest / Jahrmarkt,Lutherstadt Eisleben,Sachsen-Anhalt,DE,Wiesengelände,2026-12-31,31.12.2026,17.09.-20.09.2027; Kleine Wiese optional 24.09.-26.09.2027,Online über das Bewerbungsportal oder postalisch,"Eigenbetrieb Märkte der Lutherstadt Eisleben, Wiesenweg 1, 06295 Lutherstadt Eisleben",Eigenbetrieb Märkte der Lutherstadt Eisleben,info@wiesenmarkt.de,03475 633970,https://www.wiesenmarkt.de/bewerbungsportal/,wiesenmarkt.de,official,2026-08-03,research-2026-08-03-sn-st-th,verified,Die Teilnahme an der Kleinen Wiese ist laut Portal nur zusammen mit dem Eisleber Wiesenmarkt möglich.
forchheimer-jahrmaerkte-2027-forchheim,Forchheimer Jahrmärkte 2027,Jahrmarkt / Warenmarkt,Forchheim,Bayern,DE,"Paradeplatz, südöstliches Straßenstück und Nürnberger Straße bis zur Kreuzung Luitpold-/Schönbornstraße",2026-12-31,Verbindlicher Bewerbungszeitraum für einen Jahresplatz: 01.11. bis spätestens 31.12.2026.,"07.03., 21.03., 09.05., 03.10., 07.11. und 28.11.2027",Schriftlich bei der Stadt Forchheim; grundsätzlich werden nur Jahresplätze für alle sechs Jahrmärkte vergeben,"Stadt Forchheim, Veranstaltungsamt, Hornschuchallee 7-9, 91301 Forchheim","Veranstaltungsamt, Herr Kraft / Frau Freund",veranstaltungsamt@forchheim.de,09191 714-403 oder 09191 714-132,https://www.forchheim.de/rathaus-service/service/service-a-z/bewerbungen-fuer-maerkte-messen-ausstellungen-und-volksfeste-1,forchheim.de,official,2026-08-03,by-2027-deep-rb-oberfranken,verified,Die aktuelle städtische Seite legt sechs jährlich wiederkehrende Termine und den Bewerbungszeitraum fest; die Daten 2027 folgen unmittelbar aus diesen Kalenderregeln. Eine Jahresplatzbewerbung umfasst alle sechs Märkte.
herbst-kramermarkt-2027-delmenhorst,Herbst-Kramermarkt Delmenhorst 2027,Kramermarkt / Volksfest,Delmenhorst,Niedersachsen,DE,Graftwiesen,2026-12-31,Antraege sind bis zum 31.12. des Vorjahres schriftlich zu stellen.,Herbst 2027; genauer Veranstaltungstermin noch nicht auf der offiziellen Quelle ausgewiesen,Schriftlicher Antrag auf Zulassung gemäß Marktordnung,"Stadt Delmenhorst, Gewerbeservice - Marktverwaltung, Rathausplatz 1, 27749 Delmenhorst",Gewerbeservice - Marktverwaltung der Stadt Delmenhorst,,,https://www.delmenhorst.de/medien/bindata/aktuelles/amtsblatt-2023/Amtsblatt_Stadt-Delmenhorst_2023-Ausgabe-Nr.27.pdf,delmenhorst.de,official,2026-08-03,research-2026-08-03-ni-hb-hh,partial,Die aktuell veröffentlichte Marktordnung bestätigt die jährliche Frist; der konkrete Markttermin 2027 fehlt auf der Quelle.
hohenloher-volksfest-gewerbemesse-2027-blaufelden,Hohenloher Volksfest Blaufelden 2027 - Gewerbemesse,Gewerbemesse,Blaufelden,Baden-Württemberg,DE,Markthalle und Freigelände in Blaufelden,2026-12-31,31.12.2026,16.05.-17.05.2027,Offizielles Anmeldeformular per E-Mail oder Fax,"Bürgermeisteramt Blaufelden, Hindenburgplatz 4, 74572 Blaufelden",Susanne Patz,susanne.patz@blaufelden.de,07953 884-26,https://www.blaufelden.de/fileadmin/Dateien/Bilder/Freizeit/Anmeldeformular_Aussteller2027.pdf,blaufelden.de,official,2026-08-03,bw-2027-deep-rb-stuttgart,verified,"Das offizielle Ausstellerformular der Gemeinde bestätigt Veranstaltungstage, Ausstellungsflächen, Einreichungsweg und Anmeldeschluss."
kaltenkirchener-jahrmarkt-2027-kaltenkirchen,Kaltenkirchener Jahrmarkt 2027,Jahrmarkt / Volksfest,Kaltenkirchen,Schleswig-Holstein,DE,Festplatz Norderstraße,2026-12-31,Bewerbungen für den Jahrmarkt sind bis zum 31.12. eines jeden Jahres einzureichen; für 2027 ist dies der 31.12.2026.,Erstes Wochenende im September 2027,Schriftliche Bewerbung mit offiziellem Bewerbungsformular,"Stadt Kaltenkirchen - Der Bürgermeister, Holstenstraße 14, 24568 Kaltenkirchen",Frau Wolff,l.wolff@kaltenkirchen.de,04191 939326,https://www.kaltenkirchen.de/de/wirtschaft-verkehr/jahrmarkt.php,kaltenkirchen.de,official,2026-08-03,research-2026-08-03-sh,partial,Die offizielle Stadtseite nennt die jährliche Frist und den regelmaessigen Zeitraum; konkrete Tagesdaten für 2027 sind noch nicht veröffentlicht.
leineweber-markt-2027-bielefeld,Leineweber-Markt Bielefeld 2027,Stadtfest / Volksfest,Bielefeld,Nordrhein-Westfalen,DE,Bielefelder Innenstadt,2026-12-31,Bewerbungen für den Leineweber-Markt 2027 sind vom 08.06. bis 31.12.2026 möglich.,26. bis 30.05.2027,Ausschließlich digital über das Online-Bewerbungsformular von Bielefeld Marketing; Bewerbungen per E-Mail oder Post werden nicht mehr angenommen.,"Bielefeld Marketing GmbH, Herforder Straße 4-6, 33602 Bielefeld","Bielefeld Marketing GmbH, Bewerbungsmanagement",bewerbung@bielefeld-marketing.de,0521 55774555,https://www.bielefeld.jetzt/bewerbung-leinewebermarkt,bielefeld.jetzt,official,2026-08-03,nrw-2027-deep-grossveranstaltungen,verified,"Eines der groessten Stadtfeste in Ostwestfalen-Lippe. Erreichbarkeit des Bewerbungsmanagements Mo-Do 9-15 Uhr, Fr 9-13 Uhr."
muenchner-christkindlmarkt-2027-muenchen,Münchner Christkindlmarkt am Marienplatz 2027,Weihnachtsmarkt,München,Bayern,DE,Marienplatz München,2026-12-31,"Die Landeshauptstadt München setzt den Bewerbungsschluss jeweils auf den 31. Dezember des Vorjahres, fuer den Christkindlmarkt 2027 also auf den 31.12.2026.",Advent 2027; der genaue Termin ist noch nicht veroeffentlicht.,Online-Formulare des Referats fuer Arbeit und Wirtschaft. Die Unterlagen fuer 2027 stehen ab November 2026 bereit.,"Landeshauptstadt München, Referat fuer Arbeit und Wirtschaft, München",Referat fuer Arbeit und Wirtschaft,veranstaltungen.raw@muenchen.de,,https://stadt.muenchen.de/infos/bewerbungmaerkteundfeste.html,stadt.muenchen.de,official,2026-08-04,de-2026-08-regelfristen-02,partial,Traditionsreichster Weihnachtsmarkt Münchens. Fristdatum aus der wiederkehrenden Regel abgeleitet.
muenchner-stadtgeburtstag-2027-muenchen,Münchner Stadtgeburtstag 2027,Stadtfest,München,Bayern,DE,Münchner Innenstadt,2026-12-31,"Die Landeshauptstadt München setzt den Bewerbungsschluss jeweils auf den 31. Dezember des Vorjahres, fuer den Stadtgeburtstag 2027 also auf den 31.12.2026.",Traditionell im Juni; 2026 am 13. und 14. Juni. Die Termine 2027 sind noch nicht veroeffentlicht.,Bewerbung ueber Leitfaden und Formulare des Referats fuer Arbeit und Wirtschaft.,"Landeshauptstadt München, Referat fuer Arbeit und Wirtschaft, München",Referat fuer Arbeit und Wirtschaft,veranstaltungen.raw@muenchen.de,,https://stadt.muenchen.de/infos/bewerbungmaerkteundfeste.html,stadt.muenchen.de,official,2026-08-04,de-2026-08-regelfristen-02,partial,Auch als Stadtgruendungsfest bekannt. Fristdatum aus der wiederkehrenden Regel abgeleitet.
naumburger-taubenmarkt-2027-taubenverkauf,Naumburger Taubenmarkt 2027 - Taubenverkauf,Spezialmarkt / Tiermarkt,Naumburg (Saale),Sachsen-Anhalt,DE,Naumburg (Saale),2026-12-31,31.12.2026,Je ein Samstag im Januar und Februar 2027; genaue Termine werden offiziell bis 31.08.2026 veröffentlicht,Schriftlich bei der Stadt Naumburg (Saale),,"Stadt Naumburg (Saale), Marktverwaltung",ordnungsamt@naumburg-stadt.de,+49 3445 273-340,https://www.naumburg.de/de/1597%2C1164/103945%2C1164%2Cde%2C1.html,naumburg.de,official,2026-08-03,research-2026-08-03-sn-st-th,partial,Amtliche Marktordnung § 11; getrennte Frist für den Verkauf von Tauben. Kontaktdaten im August 2026 aus der offiziellen Quelle ergaenzt.
noerdlinger-mess-2027-markthaendler-noerdlingen,Nördlinger Mess' 2027 - Markthändler,Jahrmarkt / Warenmarkt,Nördlingen,Bayern,DE,Kaiserwiese,2026-12-31,Bewerbungsschluss für Markthändler: 31.12.2026,29.05.-07.06.2027,Offizielles Bewerbungsformular der Stadt Nördlingen ausfüllen und bei der Tourist-Information einreichen,"Tourist-Information Nördlingen, Marktplatz 2, 86720 Nördlingen",Tourist-Information Nördlingen,tourist-information@noerdlingen.de,09081 84-116,https://www.noerdlingen.de/tourismus/veranstaltungen/noerdlinger-mess,noerdlingen.de,official,2026-08-03,by-2027-deep-rb-schwaben,verified,"Die offizielle Veranstaltungsseite nennt den Termin 2027, den Bewerbungsschluss für Markthändler und verlinkt das Bewerbungsformular 2027. | Separater Eintrag, da für Markthändler eine andere offizielle Bewerbungsfrist gilt als für Schausteller. | Frist für Markthändler; Schausteller haben eine separate Frist."
oktoberfest-2027-muenchen,Oktoberfest und Oide Wiesn 2027,Volksfest,München,Bayern,DE,Theresienwiese München,2026-12-31,"Die Landeshauptstadt München setzt den Bewerbungsschluss jeweils auf den 31. Dezember des Vorjahres, fuer das Oktoberfest 2027 also auf den 31.12.2026.",September/Oktober 2027; der genaue Termin ist noch nicht veroeffentlicht.,Bewerbung ueber die Formulare und Leitfaeden des Referats fuer Arbeit und Wirtschaft. Die Unterlagen fuer 2027 stehen ab November 2026 bereit.,"Landeshauptstadt München, Referat fuer Arbeit und Wirtschaft, München",Referat fuer Arbeit und Wirtschaft,veranstaltungen.raw@muenchen.de,,https://stadt.muenchen.de/infos/bewerbungmaerkteundfeste.html,stadt.muenchen.de,official,2026-08-04,de-2026-08-regelfristen-02,partial,Groesstes Volksfest der Welt. Die Stadt weist die Frist als wiederkehrenden 31. Dezember aus; das Datum fuer 2027 ist daraus abgeleitet. Bewerbungsunterlagen erscheinen erst im November 2026.
roonkarker-mart-2027-stadland,Roonkarker Mart 2027,Volksfest / Jahrmarkt,Stadland,Niedersachsen,DE,Rodenkirchen,2026-12-31,Bewerbungsschluss ist der 31. Dezember des Vorjahres.,2027; genauer Veranstaltungstermin noch nicht auf der offiziellen Quelle ausgewiesen,"Schriftliche Platzbewerbung mit Geschäftsbeschreibung, Abmessungen, Anschlusswerten und aktuellem Foto","Gemeinde Stadland, Marktverwaltung, Am Markt 1, 26935 Stadland",Marktverwaltung Gemeinde Stadland,,,https://www.stadland.de/tourismus-freizeit/roonkarker-mart/schausteller/,stadland.de,official,2026-08-03,research-2026-08-03-ni-hb-hh,partial,Die Gemeindeseite bestätigt die jährliche Frist. Sie ist noch mit 'Roonkarker Mart 2026' überschrieben und nennt den Veranstaltungstermin 2027 noch nicht.
sim-jue-kirmes-2027-werne,Sim-Jü-Kirmes 2027,Kirmes / Volksfest,Werne,Nordrhein-Westfalen,DE,Historische Innenstadt Werne,2026-12-31,31.12.2026 (Bewerbungsschluss für Schausteller im Vorjahr),vier Tage rund um den vierten Sonntag im Oktober 2027,Bewerbung bei der Stadt Werne; digitale Bewerbungsformulare stehen auf der städtischen Veranstaltungsseite bereit,"Stadt Werne, Konrad-Adenauer-Platz 1, 59368 Werne",Ordnungsamt / Marktmeister der Stadt Werne,,02389 71-1,https://www.werne.de/de/aktuelles/meldungen/2025-10-23-simjue-hinter-den-kulissen.php,werne.de,official,2026-08-03,research-2026-08-03-gap-volksfeste,partial,Die Stadt bestätigt den jährlichen Bewerbungsschluss 31. Dezember. Die Veranstaltungsseite beschreibt Sim-Jü als viertägige Kirmes rund um den vierten Oktobersonntag.
simon-juda-markt-2027-euskirchen,Simon-Juda-Markt 2027,Herbstkirmes / Jahrmarkt,Euskirchen,Nordrhein-Westfalen,DE,Euskirchener Innenstadt,2026-12-31,31.12.2026 (jeweils 31. Dezember des Vorjahres),Oktober 2027,Schriftliche Bewerbung,"Stadtverwaltung Euskirchen, Fachbereich 4, Marktverwaltung, Postfach 1169, 53861 Euskirchen",Marktverwaltung Stadt Euskirchen,,,https://www.euskirchen.de/leben-in-euskirchen/freizeit/kirmes-in-euskirchen/infos-fuer-beschicker,euskirchen.de,official,2026-08-03,research-2026-08-03-nrw,partial,Die offizielle Beschickerseite bestätigt die jährliche Frist für die Euskirchener Kirmessen; der genaue Veranstaltungstermin 2027 ist dort noch nicht veröffentlicht.
stadtfest-heidenau-2027-heidenau,Stadtfest Heidenau 2027,Stadtfest,Heidenau,Sachsen,DE,Stadtgebiet Heidenau,2026-12-31,31.12.2026 (1. Bewerbungsphase),28.05.-30.05.2027,Online über das offizielle Händlerportal,"EVENT-AGENTUR SCHRÖDER GMBH, Zur Messe 9a, 01067 Dresden",EVENT-AGENTUR SCHRÖDER GMBH,,0351 31 77 60-0,https://www.haendler-portal.com/portal/events/edit/,haendler-portal.com,official,2026-08-03,research-2026-08-03-sn-st-th,verified,Die Stadt Heidenau hat die Organisation des Stadtfestes 2027 ff. offiziell an die Event-Agentur Schröder vergeben; deren Händlerportal bestätigt Termin und Frist. | Das offizielle Bewerbungsportal bestätigt Veranstaltungstermin und Frist der ersten Bewerbungsphase. Kontakt- und Adressangaben sind ohne Anmeldung nicht öffentlich sichtbar.
tag-der-sachsen-2027-plauen,Tag der Sachsen 2027,Landesfest / Stadtfest,Plauen,Sachsen,DE,,2026-12-31,31.12.2026 (Frist der 1. Bewerbungsphase),18.06.-20.06.2027,Online über das offizielle Händlerportal,,,,,https://www.haendler-portal.com/portal/events/edit/,haendler-portal.com,official,2026-08-03,research-2026-08-03-sn-st-th,partial,Das offizielle Bewerbungsportal bestätigt Veranstaltungstermin und Frist der ersten Bewerbungsphase. Kontakt- und Adressangaben sind ohne Anmeldung nicht öffentlich sichtbar.
vorort-kirchweih-atzenhof-2027-fuerth,Vorort-Kirchweih Atzenhof 2027,Kirchweih / Volksfest,Fürth,Bayern,DE,Fürth-Atzenhof,2026-12-31,31.12.2026 (31. Dezember des Vorjahres für Vorortskirchweihen),2027; genauer Termin noch nicht veröffentlicht,Offizielles Formular ausfüllen und schriftlich beim Marktamt einreichen; E-Mail und Fax sind ausgeschlossen,"Stadt Fürth, Marktamt, Bahnhofplatz 9, 90762 Fürth",Marktamt der Stadt Fürth,,,https://service-on.fuerth.de/form/alias/fuerth/bewerbung-kirchweih-maerkte/,service-on.fuerth.de,official,2026-08-03,research-2026-08-03-gap-volksfeste,partial,Das aktive städtische Formular führt diese Vorortskirchweih einzeln auf und nennt den gemeinsamen jährlichen Bewerbungsschluss.
vorort-kirchweih-burgfarrnbach-2027-fuerth,Vorort-Kirchweih Burgfarrnbach 2027,Kirchweih / Volksfest,Fürth,Bayern,DE,Fürth-Burgfarrnbach,2026-12-31,31.12.2026 (31. Dezember des Vorjahres für Vorortskirchweihen),2027; genauer Termin noch nicht veröffentlicht,Offizielles Formular ausfüllen und schriftlich beim Marktamt einreichen; E-Mail und Fax sind ausgeschlossen,"Stadt Fürth, Marktamt, Bahnhofplatz 9, 90762 Fürth",Marktamt der Stadt Fürth,,,https://service-on.fuerth.de/form/alias/fuerth/bewerbung-kirchweih-maerkte/,service-on.fuerth.de,official,2026-08-03,research-2026-08-03-gap-volksfeste,partial,Das aktive städtische Formular führt diese Vorortskirchweih einzeln auf und nennt den gemeinsamen jährlichen Bewerbungsschluss.
vorort-kirchweih-eigenes-heim-2027-fuerth,Vorort-Kirchweih Eigenes Heim 2027,Kirchweih / Volksfest,Fürth,Bayern,DE,Fürth-Eigenes Heim,2026-12-31,31.12.2026 (31. Dezember des Vorjahres für Vorortskirchweihen),2027; genauer Termin noch nicht veröffentlicht,Offizielles Formular ausfüllen und schriftlich beim Marktamt einreichen; E-Mail und Fax sind ausgeschlossen,"Stadt Fürth, Marktamt, Bahnhofplatz 9, 90762 Fürth",Marktamt der Stadt Fürth,,,https://service-on.fuerth.de/form/alias/fuerth/bewerbung-kirchweih-maerkte/,service-on.fuerth.de,official,2026-08-03,research-2026-08-03-gap-volksfeste,partial,Das aktive städtische Formular führt diese Vorortskirchweih einzeln auf und nennt den gemeinsamen jährlichen Bewerbungsschluss.
vorort-kirchweih-fuerberg-2027-fuerth,Vorort-Kirchweih Fürberg 2027,Kirchweih / Volksfest,Fürth,Bayern,DE,Fürth-Fürberg,2026-12-31,31.12.2026 (31. Dezember des Vorjahres für Vorortskirchweihen),2027; genauer Termin noch nicht veröffentlicht,Offizielles Formular ausfüllen und schriftlich beim Marktamt einreichen; E-Mail und Fax sind ausgeschlossen,"Stadt Fürth, Marktamt, Bahnhofplatz 9, 90762 Fürth",Marktamt der Stadt Fürth,,,https://service-on.fuerth.de/form/alias/fuerth/bewerbung-kirchweih-maerkte/,service-on.fuerth.de,official,2026-08-03,research-2026-08-03-gap-volksfeste,partial,Das aktive städtische Formular führt diese Vorortskirchweih einzeln auf und nennt den gemeinsamen jährlichen Bewerbungsschluss.
vorort-kirchweih-hardhoehe-2027-fuerth,Vorort-Kirchweih Hardhöhe 2027,Kirchweih / Volksfest,Fürth,Bayern,DE,Fürth-Hardhöhe,2026-12-31,31.12.2026 (31. Dezember des Vorjahres für Vorortskirchweihen),2027; genauer Termin noch nicht veröffentlicht,Offizielles Formular ausfüllen und schriftlich beim Marktamt einreichen; E-Mail und Fax sind ausgeschlossen,"Stadt Fürth, Marktamt, Bahnhofplatz 9, 90762 Fürth",Marktamt der Stadt Fürth,,,https://service-on.fuerth.de/form/alias/fuerth/bewerbung-kirchweih-maerkte/,service-on.fuerth.de,official,2026-08-03,research-2026-08-03-gap-volksfeste,partial,Das aktive städtische Formular führt diese Vorortskirchweih einzeln auf und nennt den gemeinsamen jährlichen Bewerbungsschluss.
vorort-kirchweih-poppenreuth-2027-fuerth,Vorort-Kirchweih Poppenreuth 2027,Kirchweih / Volksfest,Fürth,Bayern,DE,Fürth-Poppenreuth,2026-12-31,31.12.2026 (31. Dezember des Vorjahres für Vorortskirchweihen),2027; genauer Termin noch nicht veröffentlicht,Offizielles Formular ausfüllen und schriftlich beim Marktamt einreichen; E-Mail und Fax sind ausgeschlossen,"Stadt Fürth, Marktamt, Bahnhofplatz 9, 90762 Fürth",Marktamt der Stadt Fürth,,,https://service-on.fuerth.de/form/alias/fuerth/bewerbung-kirchweih-maerkte/,service-on.fuerth.de,official,2026-08-03,research-2026-08-03-gap-volksfeste,partial,Das aktive städtische Formular führt diese Vorortskirchweih einzeln auf und nennt den gemeinsamen jährlichen Bewerbungsschluss.
vorort-kirchweih-stadeln-2027-fuerth,Vorort-Kirchweih Stadeln 2027,Kirchweih / Volksfest,Fürth,Bayern,DE,Fürth-Stadeln,2026-12-31,31.12.2026 (31. Dezember des Vorjahres für Vorortskirchweihen),2027; genauer Termin noch nicht veröffentlicht,Offizielles Formular ausfüllen und schriftlich beim Marktamt einreichen; E-Mail und Fax sind ausgeschlossen,"Stadt Fürth, Marktamt, Bahnhofplatz 9, 90762 Fürth",Marktamt der Stadt Fürth,,,https://service-on.fuerth.de/form/alias/fuerth/bewerbung-kirchweih-maerkte/,service-on.fuerth.de,official,2026-08-03,research-2026-08-03-gap-volksfeste,partial,Das aktive städtische Formular führt diese Vorortskirchweih einzeln auf und nennt den gemeinsamen jährlichen Bewerbungsschluss.
vorort-kirchweih-unterfarrnbach-2027-fuerth,Vorort-Kirchweih Unterfarrnbach 2027,Kirchweih / Volksfest,Fürth,Bayern,DE,Fürth-Unterfarrnbach,2026-12-31,31.12.2026 (31. Dezember des Vorjahres für Vorortskirchweihen),2027; genauer Termin noch nicht veröffentlicht,Offizielles Formular ausfüllen und schriftlich beim Marktamt einreichen; E-Mail und Fax sind ausgeschlossen,"Stadt Fürth, Marktamt, Bahnhofplatz 9, 90762 Fürth",Marktamt der Stadt Fürth,,,https://service-on.fuerth.de/form/alias/fuerth/bewerbung-kirchweih-maerkte/,service-on.fuerth.de,official,2026-08-03,research-2026-08-03-gap-volksfeste,partial,Das aktive städtische Formular führt diese Vorortskirchweih einzeln auf und nennt den gemeinsamen jährlichen Bewerbungsschluss.
vorort-kirchweih-vach-2027-fuerth,Vorort-Kirchweih Vach 2027,Kirchweih / Volksfest,Fürth,Bayern,DE,Fürth-Vach,2026-12-31,31.12.2026 (31. Dezember des Vorjahres für Vorortskirchweihen),2027; genauer Termin noch nicht veröffentlicht,Offizielles Formular ausfüllen und schriftlich beim Marktamt einreichen; E-Mail und Fax sind ausgeschlossen,"Stadt Fürth, Marktamt, Bahnhofplatz 9, 90762 Fürth",Marktamt der Stadt Fürth,,,https://service-on.fuerth.de/form/alias/fuerth/bewerbung-kirchweih-maerkte/,service-on.fuerth.de,official,2026-08-03,research-2026-08-03-gap-volksfeste,partial,Das aktive städtische Formular führt diese Vorortskirchweih einzeln auf und nennt den gemeinsamen jährlichen Bewerbungsschluss.
zissel-kassel-2027-kassel,Zissel Kassel 2027,Volksfest / Stadtfest,Kassel,Hessen,DE,Kasseler Innenstadt und Fuldaaue,2026-12-31,"Bewerbungsschluss ist der 31.12. des Vorjahres, für den Zissel 2027 also der 31.12.2026.",Traditionell im Sommer; die genauen Termine 2027 sind noch nicht veröffentlicht.,Bewerbung per Post oder eingescannt per E-Mail an events@kassel-marketing.de.,"Kassel Marketing GmbH, Kassel","Kassel Marketing GmbH, Bereich Events",events@kassel-marketing.de,+49 561 7077-123,https://veranstaltungen.kassel-marketing.de/de/bewerbung,veranstaltungen.kassel-marketing.de,official,2026-08-03,he-2027-deep-nord-sued,partial,"Kassel Marketing nennt den Bewerbungsschluss als feste jährliche Regel. Hinweis der Veranstalterin: derzeit sind auf der Website keine Bewerbungsformulare hinterlegt, daher vor Bewerbung Kontakt aufnehmen."
maimarkt-2027-quakenbrueck,Maimarkt Quakenbrück 2027,Jahrmarkt,Quakenbrück,Niedersachsen,DE,"Marktplatz, Theisstraße und Neuer Markt",2027-01-01,Antraege müssen spätestens bis zum 01.01. des jeweiligen Jahres eingegangen sein.,Grundsaetzlich Freitag vor dem dritten Sonntag im Mai bis zum folgenden Montag; 2027 kann wegen eines Feiertagswochenendes abgewichen werden,Antrag auf Zulassung bei der Stadt Quakenbrück mit Geschäftsdaten und Lichtbild,,Stadt Quakenbrück,,,https://www.landkreis-osnabrueck.de/system/files?file=2026-05%2Fnr-9.pdf,landkreis-osnabrueck.de,official,2026-08-03,research-2026-08-03-ni-hb-hh,partial,Die am 15.05.2026 veröffentlichte Marktverordnung bestätigt Frist und Terminregel. Wegen einer möglichen Feiertagsabweichung wurde kein exaktes Veranstaltungsdatum errechnet.
karlsruher-herbstjahrmarkt-2027,Karlsruher Herbstjahrmarkt (Herbstmess) 2027,Jahrmarkt,Karlsruhe,Baden-Württemberg,DE,Messplatz an der Durlacher Allee,2027-01-02,Bewerbungen sind bis spätestens 2. Januar 2027 beim Marktamt einzureichen (Eingangsdatum maßgeblich),29.10.-08.11.2027,"Schriftlich beim Marktamt (Fax zur Fristwahrung zulässig, E-Mail-Bewerbungen werden laut Ausschreibung nicht bearbeitet)","Stadt Karlsruhe, Marktamt, Am Großmarkt 10, 76137 Karlsruhe",Marktamt Karlsruhe,ma@karlsruhe.de,0721 133-7201,https://www.karlsruhe.de/kultur-freizeit/maerkte/bewerbungsverfahren,karlsruhe.de,official,2026-09-19,named-bwhe-2026-09,verified,"Frist aus dem Ausschreibungs-PDF ""Karlsruher Jahrmärkte 2027"" (verlinkt auf der Bewerbungsseite, per PDF-Textextraktion gelesen am 2026-09-19). Löst den bisherigen review_candidate ab. Datum 02.01.2027 ist ein Samstag; so im PDF angegeben."
augsburger-fruehjahrsdult-2027-augsburg,Augsburger Frühjahrsdult 2027,Dult / Traditionsmarkt,Augsburg,Bayern,DE,Augsburg,2027-01-05,Bewerbungsfrist für die Frühjahrsdult ist der 5. Januar.,Frühjahr 2027; die genauen Termine sind im Bewerbungsportal nicht ausgewiesen.,Online-Formular oder postalische Bewerbung beim Marktamt.,"Stadt Augsburg, Marktamt, Rathausplatz 1, 86150 Augsburg",Marktamt der Stadt Augsburg,augsburg@augsburg.de,0821 324-0,https://www.augsburg.de/buergerservice-rathaus/buergerservice/dienste-a-z/aemterweise/leistungen-marktamt/informationen-fuer-beschicker-und-schausteller,augsburg.de,official,2026-08-03,de-2026-08-breitensuche-01,partial,Das Augsburger Marktamt veröffentlicht für jede Veranstaltung eine eigene feste Jahresfrist. Genaue Veranstaltungstermine vor Bewerbung erfragen.
goegginger-fruehlingsfest-2027-augsburg,Gögginger Frühlingsfest 2027,Volksfest,Augsburg,Bayern,DE,Augsburg-Göggingen,2027-01-05,Bewerbungsfrist für das Gögginger Frühlingsfest ist der 5. Januar.,Frühjahr 2027; die genauen Termine sind im Bewerbungsportal nicht ausgewiesen.,Postalische Bewerbung beim Marktamt.,"Stadt Augsburg, Marktamt, Rathausplatz 1, 86150 Augsburg",Marktamt der Stadt Augsburg,augsburg@augsburg.de,0821 324-0,https://www.augsburg.de/buergerservice-rathaus/buergerservice/dienste-a-z/aemterweise/leistungen-marktamt/informationen-fuer-beschicker-und-schausteller,augsburg.de,official,2026-08-03,de-2026-08-breitensuche-01,partial,Feste Jahresfrist des Augsburger Marktamts.
markt-der-moeglichkeiten-2027-tuebingen,30. Markt der Möglichkeiten Tübingen 2027,Kunsthandwerkermarkt,Tübingen,Baden-Württemberg,DE,Tübinger Altstadt,2027-01-10,Bewerbung bis 10.01.2027,08.05.-09.05.2027,Digitale Bewerbung über das ab Oktober bereitgestellte Formular der Universitätsstadt Tübingen,"Universitätsstadt Tübingen, Fachbereich Kommunales, Am Markt 1, 72070 Tübingen",Fachbereich Kommunales der Universitätsstadt Tübingen,,,https://marktdermoeglichkeiten.de/info/,marktdermoeglichkeiten.de,official,2026-08-03,bw-2027-deep-rb-tuebingen,verified,Offizieller Internetauftritt des von der Universitätsstadt Tübingen veranstalteten Markts; zugelassen sind professionell arbeitende Kunsthandwerkerinnen und Kunsthandwerker.
bamberger-honigmarkt-2027-bamberg,Bamberger Honigmarkt 2027,Spezialmarkt,Bamberg,Bayern,DE,Maximiliansplatz,2027-01-12,"Vier Wochen vor Marktbeginn; für Faschingsdienstag, 09.02.2027, somit 12.01.2027.",09.02.2027,Schriftlicher Antrag auf Zulassung/Standzuweisung beim Ordnungsamt - Marktwesen,"Stadt Bamberg, Ordnungsamt - Marktwesen, Luitpoldstraße 51, 96052 Bamberg","Ordnungsamt - Marktwesen, Nico Arnold / Thomas Eck",,0951 87-1263 oder 0951 87-1293,https://www.stadt.bamberg.de/media/custom/329_63_1.PDF?1748342512=,stadt.bamberg.de,official,2026-08-03,by-2027-deep-rb-oberfranken,verified,Aktuelle Marktsatzung der Stadt Bamberg; Markt findet jährlich am Faschingsdienstag statt.
itzehoer-fruehjahrsmarkt-2027-itzehoe,Itzehoer Frühjahrsmarkt 2027,Jahrmarkt / Volksfest,Itzehoe,Schleswig-Holstein,DE,Malzmüllerwiesen,2027-01-15,Interesse an einem Standplatz für den Frühjahrsmarkt ist bis zum 15. Januar des Jahres zu bekunden,"Frühjahr 2027; Donnerstag bis Montag, genauer Termin noch nicht veröffentlicht",Schriftliche Interessenbekundung bei der Ordnungsabteilung oder einer einheitlichen Stelle,"Stadt Itzehoe, Reichenstraße 23, 25524 Itzehoe",Ordnungsabteilung der Stadt Itzehoe,,,https://www.itzehoe.de/fileadmin/Stadt_Itzehoe/Dateien/Amtliche_Bekanntmachungen/2022/Bekanntmachung_Nr._32_Satzung_fuer_Maerkte_der_Stadt_Itzehoe_2022.pdf,itzehoe.de,official,2026-08-03,research-2026-08-03-de-gap,partial,"Die städtische Satzung bestätigt Veranstaltungsform, Ort und Frist; der genaue Termin 2027 ist noch nicht veröffentlicht."
rheiner-kirmesveranstaltungen-2027-rheine,Rheiner Kirmesveranstaltungen 2027,Kirmes,Rheine,Nordrhein-Westfalen,DE,Rheine und Ortsteile,2027-01-15,15.01.2027 (jeweils 15. Januar für die folgenden Veranstaltungen),Kirmesveranstaltungen der Stadt Rheine 2027,Online-Antrag oder Bewerbung mit den geforderten Angaben,"Altes Rathaus Stadt Rheine, Klosterstraße 14, 48431 Rheine",Nicola Moz / Monika Hübschen,nicola.moz@rheine.de,05971 939-322 / 05971 939-349,https://www.rheine.de/rathaus-service/verwaltung/index.html?detID=2299,rheine.de,official,2026-08-03,research-2026-08-03-nrw,partial,Die offizielle Seite bestätigt die jährlich geltende Frist; die einzelnen Kirmestermine 2027 sind noch nicht veröffentlicht.
spiel-doch-dortmund-2027,SPIEL DOCH! Dortmund 2027,Spielemesse / Themenmarkt,Dortmund,Nordrhein-Westfalen,DE,"Messe Dortmund, Hallen 4 und 7",2027-01-15,"Anmeldeschluss für Aussteller 2027 ist der 15. Januar 2027, sofern noch Plätze vorhanden sind.",9. bis 11. April 2027,Ausstelleranfrage über das offizielle Formular,"Messe Dortmund, Rheinlanddamm 200, 44139 Dortmund",w. nostheide verlag gmbh,tim@nostheide.de,,https://spieldoch-messe.com/spiel-doch-in-dortmund/ausstellen/,spieldoch-messe.com,official,2026-08-03,research-2026-08-03-gap-maerkte,verified,"Neben regulären Ausstellern nennt die Veranstalterseite Künstlerstände, Autorenstände und einen Flohmarkt."
jenaer-fruehlingsmarkt-2027-jena,Jenaer Frühlingsmarkt 2027,Stadtfest / Frühlingsmarkt,Jena,Thüringen,DE,Innenstadt Jena,2027-01-21,21.01.2027 (vier Monate vor Veranstaltungsbeginn),21.05.-30.05.2027,"Schriftlich oder per E-Mail bei JenaKultur, Abteilung Märkte/Stadtfeste","JenaKultur, Marktmeister, Löbdergraben 14a, 07743 Jena","Oliver Klinke, Marktmeister JenaKultur",maerkte@jena.de,+49 3641 49-8144,https://rathaus.jena.de/system/files/2025-01/c01.pdf,rathaus.jena.de,official,2026-08-03,research-2026-08-03-sn-st-th,partial,Die amtliche Richtlinie setzt die Frist für Stadtfeste auf vier Monate vor Veranstaltungsbeginn. Der Termin ist zusätzlich auf https://www.jenakultur.de/de/maerkte_und_stadtfeste/fruehlingsmarkt/605600 veröffentlicht.
fruehlingsmarkt-tauberbischofsheim-2027,Frühlingsmarkt Tauberbischofsheim 2027,Krämermarkt / Frühlingsmarkt,Tauberbischofsheim,Baden-Württemberg,DE,Tauberbischofsheim,2027-01-24,Mindestens sechs Wochen vor Veranstaltungsbeginn; für den Termin 07.03.2027 spätestens 24.01.2027,07.03.2027,Offizielles Bewerbungsformular für einen Verkaufsstand per Post oder E-Mail,"Stadtverwaltung Tauberbischofsheim, Ordnungsamt, Marktplatz 8, 97941 Tauberbischofsheim",Ordnungsamt Stadt Tauberbischofsheim,Ordnungsamt@tauberbischofsheim.de,,https://www.tauberbischofsheim.de/start/wirtschaft%2B_%2Binfrastruktur/maerkte.html,tauberbischofsheim.de,official,2026-08-03,bw-2027-deep-rb-stuttgart,partial,Die Stadt bestätigt den Termin 2027 und verlinkt das offizielle Bewerbungsformular. Das Formular verlangt die Einreichung mindestens sechs Wochen vor Veranstaltungsbeginn; das ISO-Datum ist die daraus berechnete späteste Einreichung und keine Fortschreibung aus Vorjahresdaten.
bamberger-fruehjahrsmarkt-2027-bamberg,Bamberger Frühjahrsmarkt 2027,Jahrmarkt,Bamberg,Bayern,DE,Maximiliansplatz,2027-01-26,Bewerbungen frühestens fünf und spätestens drei Monate vor Marktbeginn; für 2027: 26.11.2026-26.01.2027.,26.04.-08.05.2027,Schriftlicher Antrag auf Zulassung/Standzuweisung beim Ordnungsamt - Marktwesen,"Stadt Bamberg, Ordnungsamt - Marktwesen, Luitpoldstraße 51, 96052 Bamberg","Ordnungsamt - Marktwesen, Nico Arnold / Thomas Eck",,0951 87-1263 oder 0951 87-1293,https://www.stadt.bamberg.de/media/custom/329_63_1.PDF?1748342512=,stadt.bamberg.de,official,2026-08-03,by-2027-deep-rb-oberfranken,verified,Aktuelle Marktsatzung der Stadt Bamberg; Termin und Bewerbungsfenster sind aus den dauerhaft festgelegten Kalenderregeln für 2027 berechnet.
gewerbeschau-reforma-2027-lutherstadt-eisleben,Gewerbeschau Reforma 2027,Gewerbeschau / Ausstellermarkt,Lutherstadt Eisleben,Sachsen-Anhalt,DE,Wiesengelände,2027-01-30,30.01.2027,29.04.-02.05.2027,Online über das Bewerbungsportal oder postalisch,"Eigenbetrieb Märkte der Lutherstadt Eisleben, Wiesenweg 1, 06295 Lutherstadt Eisleben",Eigenbetrieb Märkte der Lutherstadt Eisleben,info@wiesenmarkt.de,03475 633970,https://www.wiesenmarkt.de/bewerbungsportal/,wiesenmarkt.de,official,2026-08-03,research-2026-08-03-sn-st-th,verified,Das offizielle Portal führt die Gewerbeschau als eigene Bewerbungsoption mit konkreter Frist.
krammaerkte-bad-hersfeld-2027,"Krammärkte Bad Hersfeld 2027 (Ostermarkt, Pfingstmarkt, Lulluskrammarkt)",Krammarkt,Bad Hersfeld,Hessen,DE,Innenstadt Bad Hersfeld,2027-01-30,Zulassungsanträge von Händlern für die Krammärkte werden vom 01.11.2026 bis 30.01.2027 entgegengenommen,"Ostermarkt 24.03.2027, Pfingstmarkt 12.05.2027, Lulluskrammarkt 13.10.2027",Schriftlich oder per E-Mail an lullusfest@bad-hersfeld.de,"Magistrat der Kreisstadt Bad Hersfeld, Weinstraße 16, 36251 Bad Hersfeld",Projektbüro Lullusfest (Kreisstadt Bad Hersfeld),lullusfest@bad-hersfeld.de,,https://www.lullusfest.de/services,lullusfest.de,official,2026-09-19,named-bwhe-2026-09,verified,"Aus PDF-Ausschreibung (bad_hersfeld_lolls_ausschreibung2.pdf) auf lullusfest.de/services; Bewerbungsfenster 01.11.2026-30.01.2027, Frist = Fensterende. Weitere Infos: bad-hersfeld.de/maerkte/zulassungsantraege/krammaerkte.html. Fensterbeginn noch nicht erreicht, Bewerbung erst ab 01.11.2026 möglich."
saarlouiser-emmes-2027-saarlouis,Saarlouiser Emmes 2027,Stadtfest / Volksfest,Saarlouis,Saarland,DE,"Großer Markt und Kleiner Markt, Saarlouis",2027-01-30,"Die Kreisstadt Saarlouis schreibt die Standplätze jährlich mit Frist Ende Januar des Veranstaltungsjahres aus. Für die Emmes 2026 hieß es wörtlich „bis spätestens 30. Januar 2026""; für 2027 ist der 30.01.2027 zu erwarten. Verspätete Bewerbungen können nicht berücksichtigt werden.",Anfang Juni 2027; der genaue Termin ist noch nicht veröffentlicht. Zum Vergleich: 2026 vom 4. bis 6. Juni.,Standplatzbewerbung mit Formular beim Veranstaltungsmanagement des Haupt- und Personalamts.,"Kreisstadt Saarlouis, Haupt- und Personalamt, Veranstaltungsmanagement, Großer Markt 1, 66740 Saarlouis",Veranstaltungsmanagement der Kreisstadt Saarlouis,emmes@saarlouis.de,06831 443-442,https://www.saarlouis.de/rathaus/aktuelles/allgemein/standplatzbewerbung-emmes-2026/?lang=de,saarlouis.de,official,2026-08-04,de-2026-08-luecken-ost-sued-01,partial,"Größtes Stadtfest im Saarland. Die Stadt veröffentlicht die Standplatzbewerbung jedes Jahr unter gleichlautendem Titel; das Datum für 2027 ist aus den Jahrgängen 2023, 2025 und 2026 abgeleitet und noch nicht bestätigt. Ab Dezember 2026 auf saarlouis.de nachprüfen."
americana-2027-friedrichshafen,AMERICANA 2027,Fach- und Publikumsmesse,Friedrichshafen,Baden-Württemberg,DE,Messe Friedrichshafen,2027-01-31,Anmeldung erbeten bis 31.01.2027,01.09.-05.09.2027,Online-Anmeldung über den offiziellen Ausstellerbereich,"Messe Friedrichshafen GmbH, Neue Messe 1, 88046 Friedrichshafen",AMERICANA-Ausstellerteam,,,https://www.americana.de/ausstellen/ihr-messeauftritt/faq-fuer-ausstellende,americana.de,official,2026-08-03,bw-2027-deep-rb-tuebingen,partial,"Offizielle Veranstalterseite bestätigt Termin, Anmeldeweg und Anmeldetermin; individuelle Kontaktdaten waren in der geprüften Quelle nicht ausgewiesen."
bad-toelzer-christkindlmarkt-2027,Bad Tölzer Christkindlmarkt 2027,Weihnachtsmarkt,Bad Tölz,Bayern,DE,Marktstraße Bad Tölz,2027-01-31,Bewerbungsschluss: 31.01.2027,26.11.-24.12.2027,Offiziellen Bewerbungsbogen mit Stand- und Warenfotos per E-Mail einreichen,"Stadt Bad Tölz, Referat für Tourismus und Kultur, Max-Höfler-Platz 1, 83646 Bad Tölz",Nadine Stadler,christkindlmarkt@bad-toelz.de,08041 7867-14,https://www.bad-toelz.de/_Resources/Persistent/a/6/e/9/a6e99f2c420e40dc51bd77645132fdf7db32c64f/Bewerbungsbogen%20CKM%202027.pdf,bad-toelz.de,official,2026-08-03,by-2027-deep-rb-oberbayern,verified,"Das offizielle Bewerbungsformular 2027 nennt Veranstaltungszeitraum, Bewerbungsschluss und Ansprechpartnerin ausdrücklich."
bremer-weihnachtsmarkt-2027-bremen,Bremer Weihnachtsmarkt 2027,Weihnachtsmarkt,Bremen,Bremen,DE,Historischer Marktplatz und Innenstadt,2027-01-31,Frist endet am 31.01.2027.,22.11.-23.12.2027,Online über marktbewerbung:bremen oder mit dem offiziellen Bewerbungsformular,"Senatorin für Wirtschaft, Haefen und Transformation, Referat 13 Marktangelegenheiten, Katharinenklosterhof 3, 28195 Bremen","Joachim Ackermann, Referatsleitung Marktangelegenheiten",joachim.ackermann@wht.bremen.de,0421 361-2385,https://www.wirtschaft.bremen.de/wirtschaft/marktangelegenheiten-61879,wirtschaft.bremen.de,official,2026-08-03,research-2026-08-03-ni-hb-hh,verified,Veranstaltungszeitraum ist in der auf der Quellseite verlinkten offiziellen Markttermin-Übersicht bis 2031 ausgewiesen.
casseler-herbst-freyheit-2027-kassel,Casseler Herbst-Freyheit 2027,Herbstvolksfest,Kassel,Hessen,DE,Kassel,2027-01-31,"Bewerbungsschluss ist der 31.01. des aktuellen Jahres, für die Casseler Herbst-Freyheit 2027 also der 31.01.2027.",Die genauen Termine 2027 sind noch nicht veröffentlicht.,Bewerbung per Post oder eingescannt per E-Mail an events@kassel-marketing.de.,"Kassel Marketing GmbH, Kassel","Kassel Marketing GmbH, Bereich Events",events@kassel-marketing.de,+49 561 7077-123,https://veranstaltungen.kassel-marketing.de/de/bewerbung,veranstaltungen.kassel-marketing.de,official,2026-08-03,he-2027-deep-nord-sued,partial,"Abweichend von den uebrigen Kasseler Veranstaltungen liegt die Frist im Veranstaltungsjahr selbst, nicht im Vorjahr. Derzeit sind auf der Website keine Bewerbungsformulare hinterlegt."
dommarkt-2027-schleswig,Dommarkt Schleswig 2027,Jahrmarkt / Volksfest,Schleswig,Schleswig-Holstein,DE,Stadtfeld,2027-01-31,Für Standplätze ist bis zum 31. Januar jeden Jahres das Interesse zu bekunden; für 2027 ist dies der 31.01.2027.,Beginn nach Marktsatzung am Freitag vor dem 1. Mai 2027; Dauer vier Tage,Schriftliche Interessenbekundung beim Ordnungsamt - Marktwesen oder über eine einheitliche Stelle,"Stadt Schleswig, Ordnungsamt - Marktwesen, Rathausmarkt 1, 24837 Schleswig",Ordnungsamt - Marktwesen der Stadt Schleswig,,,https://www.schleswig.de/verwaltung-politik/satzungen-ortsrecht-ksh-recht/details/rechtsnorm/marktsatzung-der-stadt-schleswig-268952695,schleswig.de,official,2026-08-03,research-2026-08-03-sh,partial,"Die offizielle Marktsatzung bestätigt Markt, Ort, jährliche Bewerbungsfrist und Terminregel; ein separat festgesetzter Termin für 2027 ist noch nicht genannt."
fettmarktkirmes-2027-warendorf,Fettmarktkirmes Warendorf 2027,Kirmes / Volksfest,Warendorf,Nordrhein-Westfalen,DE,Warendorfer Innenstadt,2027-01-31,31.01.2027 (31. Januar des Veranstaltungsjahres),"im Oktober 2027 vor dem Fettmarkt, Samstag bis Mittwoch",Schriftliche Bewerbung bei der Stadt Warendorf,"Stadt Warendorf, Dezernat II, Lange Kesselstraße 4-6, 48231 Warendorf","Stadt Warendorf, Dezernat II",stadt@warendorf.de,02581 54-0,https://serviceportal.warendorf.de/detail/-/vr-bis-detail/dienstleistung/28735/show,serviceportal.warendorf.de,official,2026-08-03,research-2026-08-03-gap-volksfeste,partial,Das städtische Serviceportal bestätigt den wiederkehrenden Veranstaltungstermin und den gemeinsamen Bewerbungsschluss für die Kirmessen.
freckenhorster-herbst-kirmes-2027,Freckenhorster Herbst-Kirmes 2027,Kirmes / Volksfest,Warendorf-Freckenhorst,Nordrhein-Westfalen,DE,Stiftsmarkt Freckenhorst,2027-01-31,31.01.2027 (31. Januar des Veranstaltungsjahres),"zweites Wochenende im Oktober 2027, Samstag bis Montag",Schriftliche Bewerbung bei der Stadt Warendorf,"Stadt Warendorf, Dezernat II, Lange Kesselstraße 4-6, 48231 Warendorf","Stadt Warendorf, Dezernat II",stadt@warendorf.de,02581 54-0,https://serviceportal.warendorf.de/detail/-/vr-bis-detail/dienstleistung/28735/show,serviceportal.warendorf.de,official,2026-08-03,research-2026-08-03-gap-volksfeste,partial,"Das städtische Serviceportal bestätigt Ort, wiederkehrenden Zeitraum und den gemeinsamen Bewerbungsschluss."
freiberger-christmarkt-2027-freiberg,Freiberger Christmarkt 2027,Weihnachtsmarkt,Freiberg,Sachsen,DE,Historischer Obermarkt,2027-01-31,Die offizielle Quelle nennt als Frist Ende Januar 2027. Im Kalender ist der 31.01.2027 als spaetestmoeglicher Tag angesetzt; das genaue Datum vor Bewerbung erfragen.,23.11.-22.12.2027,Online über das Händlerportal der Stadt Freiberg,"Stadt Freiberg, Amt Kultur-Stadt-Marketing, Schloßplatz 6, 09599 Freiberg","Anne Radecker, Sachgebiet Events und Märkte",Anne_Radecker@freiberg.de,+49 3731 273653,https://www.freiberg.de/kultur-und-tourismus/veranstaltungen/freiberger-christmarkt,freiberg.de,official,2026-08-03,research-2026-08-03-sn-st-th,partial,Die offizielle Seite nennt die Frist als 'bis Ende Januar'; für die Sortierung wurde dies auf den letzten Kalendertag des Monats normalisiert.
hilpoltsteiner-ostermarkt-2027-hilpoltstein,Hilpoltsteiner Ostermarkt 2027,Ostermarkt / Traditionsmarkt,Hilpoltstein,Bayern,DE,Hilpoltstein,2027-01-31,Bewerbungsschluss ist der 31. Januar 2027.,"Sonntag, 7. März 2027",Online-Formular der Stadt Hilpoltstein.,"Stadt Hilpoltstein, Kultur und Tourismus, Kirchenstr. 19, 91161 Hilpoltstein","Kultur und Tourismus, Stadt Hilpoltstein",,09174 978-505,https://tourismus.hilpoltstein.de/veranstaltungen/hilpoltsteiner-maerkte/bewerbungen,tourismus.hilpoltstein.de,official,2026-08-03,de-2026-08-breitensuche-02,verified,Eintaegiger Markt. Die Stadt veröffentlicht die Fristen aller fuenf Hilpoltsteiner Märkte gebuendelt. | Die Stadt nimmt laut Seite auch nach dem Stichtag Bewerbungen für mögliche Wartelistenplätze entgegen. | Standbewerbungen werden laut Stadt auch fortlaufend für die Warteliste angenommen.
kruessing-kirmes-2027-freckenhorst,Krüßing-Kirmes Freckenhorst 2027,Heimatfest / Kirmes,Warendorf-Freckenhorst,Nordrhein-Westfalen,DE,Stiftsmarkt Freckenhorst,2027-01-31,31.01.2027 (31. Januar des Veranstaltungsjahres),"Wochenende nach dem 3. Mai 2027, Samstag bis Montag",Schriftliche Bewerbung bei der Stadt Warendorf,"Stadt Warendorf, Dezernat II, Lange Kesselstraße 4-6, 48231 Warendorf","Stadt Warendorf, Dezernat II",stadt@warendorf.de,02581 54-0,https://serviceportal.warendorf.de/detail/-/vr-bis-detail/dienstleistung/28735/show,serviceportal.warendorf.de,official,2026-08-03,research-2026-08-03-gap-volksfeste,partial,"Das städtische Serviceportal bestätigt Ort, wiederkehrenden Zeitraum und den gemeinsamen Bewerbungsschluss."
luebecker-fruehjahrsmarkt-2027,Lübecker Frühjahrsmarkt 2027,Jahrmarkt,Lübeck,Schleswig-Holstein,DE,,2027-01-31,Antrag bis 31. Januar des Veranstaltungsjahres (Satzung),,Schriftlicher Antrag an die Marktverwaltung der Hansestadt Lübeck,,,,,https://www.luebeck.de/file/7_3_volksfest-_und_jahrmarktsatzung_fuer_die_hansestadt_luebeck.pdf,luebeck.de,official,2026-09-19,named-nord-2026-09,partial,"Abgeleitet aus Dauerregel in § 4 Abs. 1 der Volksfest- und Jahrmarktsatzung Lübeck (Fassung vom 07.12.1998): Anträge müssen der Marktverwaltung bis zum 31. Januar des jeweiligen Veranstaltungsjahres zugehen. Datum für Jahrgang 2027 abgeleitet, nicht als aktuelle Ausschreibung bestätigt; Veranstaltungstermine und Kontakt nicht geprüft, Satzungsstand evtl. veraltet."
luebecker-sommermarkttage-2027,Lübecker Sommermarkttage 2027,Jahrmarkt,Lübeck,Schleswig-Holstein,DE,,2027-01-31,Antrag bis 31. Januar des Veranstaltungsjahres (Satzung),,Schriftlicher Antrag an die Marktverwaltung der Hansestadt Lübeck,,,,,https://www.luebeck.de/file/7_3_volksfest-_und_jahrmarktsatzung_fuer_die_hansestadt_luebeck.pdf,luebeck.de,official,2026-09-19,named-nord-2026-09,partial,"Abgeleitet aus Dauerregel in § 4 Abs. 1 der Volksfest- und Jahrmarktsatzung Lübeck (Fassung vom 07.12.1998): Anträge müssen der Marktverwaltung bis zum 31. Januar des jeweiligen Veranstaltungsjahres zugehen. Datum für Jahrgang 2027 abgeleitet, nicht als aktuelle Ausschreibung bestätigt; Veranstaltungstermine und Kontakt nicht geprüft, Satzungsstand evtl. veraltet."
mariae-himmelfahrtskirmes-2027-warendorf,Mariä-Himmelfahrtskirmes Warendorf 2027,Kirmes / Volksfest,Warendorf,Nordrhein-Westfalen,DE,Warendorfer Innenstadt,2027-01-31,31.01.2027 (31. Januar des Veranstaltungsjahres),"drittes Wochenende im August 2027, Samstag bis Dienstag",Schriftliche Bewerbung bei der Stadt Warendorf,"Stadt Warendorf, Dezernat II, Lange Kesselstraße 4-6, 48231 Warendorf","Stadt Warendorf, Dezernat II",stadt@warendorf.de,02581 54-0,https://serviceportal.warendorf.de/detail/-/vr-bis-detail/dienstleistung/28735/show,serviceportal.warendorf.de,official,2026-08-03,research-2026-08-03-gap-volksfeste,partial,Das städtische Serviceportal bestätigt den wiederkehrenden Veranstaltungstermin und den gemeinsamen Bewerbungsschluss für die Kirmessen.
michaelismesse-2027-miltenberg,Michaelismesse Miltenberg 2027,Volksfest,Miltenberg,Bayern,DE,"Festplatz Michaelismesse, Miltenberg",2027-01-31,"Vergnuegungspark: Bewerbung bis spaetestens 15.09.2026. Marktgelaende, Ausstellungshalle und Ausstellungsgelaende: Bewerbungszeitraum 15.09.2026 bis 31.01.2027, zu spaet eingereichte Unterlagen werden nicht mehr beruecksichtigt.",27.08.2027 bis 05.09.2027,PDF-Bewerbungsformular zum Download auf michaelismesse.de/bewerbung/ (Einreichungsweg auf der Seite nicht spezifiziert),"Stadt Miltenberg, Engelplatz 69, 63897 Miltenberg",,info@michaelismesse.de,+49 9371 4040,https://michaelismesse.de/bewerbung/,michaelismesse.de,official,2026-09-16,by-unterfranken-oberpfalz-2026-09,partial,"Zwei unterschiedliche Fristen je Kategorie: Vergnuegungspark bereits bis 15.09.2026 (zum Zeitpunkt der Recherche am 16.09.2026 knapp verstrichen), Marktgelaende/Ausstellungshalle/Ausstellungsgelaende bis 31.01.2027. Eintrag bildet die spaetere, noch offene Frist (Marktgelaende) ab. Einreichungsweg (Post/Online) auf der Seite nicht angegeben, Kontaktdaten stammen von der Startseite michaelismesse.de."
peermarkt-2027-schleswig,Peermarkt Schleswig 2027,Jahrmarkt / Volksfest,Schleswig,Schleswig-Holstein,DE,Stadtfeld,2027-01-31,Für Standplätze ist bis zum 31. Januar jeden Jahres das Interesse zu bekunden; für 2027 ist dies der 31.01.2027.,Beginn an einem Sonnabend Ende August/Anfang September 2027; Dauer bis zu neun Tage; genauer Termin wird festgesetzt,Schriftliche Interessenbekundung beim Ordnungsamt - Marktwesen oder über eine einheitliche Stelle,"Stadt Schleswig, Ordnungsamt - Marktwesen, Rathausmarkt 1, 24837 Schleswig",Ordnungsamt - Marktwesen der Stadt Schleswig,,,https://www.schleswig.de/verwaltung-politik/satzungen-ortsrecht-ksh-recht/details/rechtsnorm/marktsatzung-der-stadt-schleswig-268952695,schleswig.de,official,2026-08-03,research-2026-08-03-sh,partial,"Die offizielle Marktsatzung bestätigt Markt, Ort, jährliche Bewerbungsfrist und Terminregel; ein separat festgesetzter Termin für 2027 ist noch nicht genannt."
weihnachtsmarkt-2027-quedlinburg,Quedlinburger Weihnachtsmarkt 2027 (Adventsstadt Quedlinburg),Weihnachtsmarkt,Quedlinburg,Sachsen-Anhalt,DE,Altstadt Quedlinburg (Adventsstadt),2027-01-31,"Laut Teilnahmebedingungen jaehrlich wiederkehrender Bewerbungszeitraum 01.01. bis 31.01.; fuer den Weihnachtsmarkt 2027 daher voraussichtlich bis 31.01.2027 (aus Dauerregel abgeleitet, nicht explizit fuer 2027 veroeffentlicht).",Voraussichtlich Ende November bis 22. Dezember (2025: 26.11.-22.12.2025),"Online-Bewerbungsportal der Quedlinburg-Tourismus-Marketing GmbH (Adventsstadt-Bewerbungsportal), schriftliches Vertragsangebot bis 31.03. des jeweiligen Jahres","Markt 4, 06484 Quedlinburg",Quedlinburg-Tourismus-Marketing GmbH (QTM),qtm@quedlinburg.de,+49 3946 905620,https://adventsstadt.quedlinburg-info.de/de/informationen/bewerbungsportal/bewerbung-weihnachtsmarkt.html,adventsstadt.quedlinburg-info.de,official,2026-09-16,st-gesamt-2026-09,partial,"Dauerregel: Teilnahmebedingungen (zuletzt 2025 veroeffentlicht) nennen den Bewerbungszeitraum 01.01.-31.01. jaehrlich sowie Vertragsangebot bis 31.03. Termin und exakte Frist fuer den Markt 2027 wurden nicht als eigenstaendiges Dokument gefunden, daher konservativ als partial eingestuft."
transport-logistic-2027-mitaussteller-muenchen,transport logistic 2027 - Mitaussteller,Fachmesse,München,Bayern,DE,"Trade Fair Center Messe München, Am Messesee 2, 81829 München",2027-01-31,31.01.2027: Deadline Mitaussteller-Anmeldung; später eingegangene Mitaussteller werden nur noch in Online-Verzeichnissen veröffentlicht,26.04.-29.04.2027,Online-Anmeldung durch den Hauptaussteller,"Messe München GmbH, Messegelände, 81823 München",Projektteam transport logistic,exhibitor@transportlogistic.de,+49 89 949-20271,https://transportlogistic.de/de/messe/aussteller/tipps-termine-fristen/,transportlogistic.de,official,2026-08-03,by-2027-deep-rb-oberbayern,partial,Die offizielle Frist gilt für die vollständige Veröffentlichung; spätere Mitaussteller-Anmeldungen bleiben mit eingeschränkter Online-Veröffentlichung möglich.
learntec-2027-rheinstetten,LEARNTEC 2027,Fachmesse / Digitale Bildung,Rheinstetten,Baden-Württemberg,DE,"Messe Karlsruhe, Halle 3 und dm-arena",2027-02-01,Anmeldeschluss: 1. Februar 2027,2. bis 4. Februar 2027,Online-Ausstelleranmeldung,"Karlsruher Messe- und Kongress GmbH, Postfach 1208, 76002 Karlsruhe",LEARNTEC-Projektteam,info@messe-karlsruhe.de,+49 721 3720 0,https://www.learntec.de/messe-files/downloads/dokumente-2026/legal-documents/lt_27_tnb_idfa_ho_de_final_neu.pdf,learntec.de,official,2026-08-03,bw-2027-deep-rb-karlsruhe,verified,"Die offiziellen Teilnahmebedingungen bestätigen Termin, Veranstaltungsort und Anmeldeschluss."
bayreuther-pfingstmarkt-2027-bayreuth,Bayreuther Pfingstmarkt 2027,Jahrmarkt,Bayreuth,Bayern,DE,Fußgängerzone/Stadtparkett und untere Maximilianstraße,2027-02-08,Jahrmärkte: drei Monate vor Marktbeginn; für den Beginn am 08.05.2027 somit 08.02.2027.,08.05.-11.05.2027,"Persönlich, per Post, Fax oder E-Mail mit unterschriebenem Scan","Stadt Bayreuth, Amt für öffentliche Ordnung, Brand- und Katastrophenschutz, Luitpoldplatz 13, 95444 Bayreuth","Amt für öffentliche Ordnung, Brand- und Katastrophenschutz",ordnungsamt@stadt.bayreuth.de,,https://formular-server.de/BT_FS/findform?areashortname=bayreuth&formtecid=2&shortname=Maerkte_Orte-Termine,formular-server.de,official,2026-08-03,by-2027-deep-rb-oberfranken,verified,"Amtliches, von der Stadt Bayreuth verlinktes Merkblatt; 2027-Daten aus der verbindlichen Regel Samstag nach Christi Himmelfahrt bis Dienstag."
koenigshoefer-messe-2027-markt,Königshöfer Messe 2027 - Marktbereich (Warenhandel),Volksfest,Lauda-Königshofen,Baden-Württemberg,DE,Königshofen,2027-02-10,Bewerbung für einen Platz im Marktbereich bis spätestens 10.02.2027,2027 (Termine 2027 auf der Bewerbungsseite nicht genannt),Bewerbungsformular und aktuelle Fotos direkt beim Marktmeister,"Stadt Lauda-Königshofen, Marktplatz 1, 97922 Lauda-Königshofen",Jan Raddatz (Marktmeister),messe@lauda-koenigshofen.de,+49 9343 501-5330,https://www.koenigshoefer-messe.com/infos/bewerbungen,koenigshoefer-messe.com,official,2026-09-19,named-bwhe-2026-09,partial,"Ausstellungsfreigelände ebenfalls bis 10.02.2027; Ausstellungshalle (AGIMA) bis 31.05.2027 über wif-gmbh.de, nicht als eigener Eintrag aufgenommen."
radebeul-jobbt-2027-aussteller,Arbeits- und Ausbildungsmesse Radebeul Jobbt 2027,Messe / Ausstellung,Radebeul,Sachsen,DE,"Veranstaltungsort noch offen, Pestalozzistraße 6, 01445 Radebeul",2027-02-14,14.02.2027,"13.03.2027, 10:00-13:00 Uhr",Online über das Beteiligungsportal Sachsen,"Stadt Radebeul, Pestalozzistraße 6, 01445 Radebeul","Oskar Starick, Stadtentwicklungsamt / Wirtschaftsförderung",,0351 8311 910,https://buergerbeteiligung.sachsen.de/portal/radebeul/beteiligung/themen/1064774,buergerbeteiligung.sachsen.de,official,2026-08-03,research-2026-08-03-sn-st-th,verified,"Ausstellerbewerbung für Unternehmen, Institutionen und Organisationen; die Standzuteilung erfolgt durch den Veranstalter."
ostermarkt-langewiesen-2027-ilmenau,Ostermarkt Langewiesen 2027,Ostermarkt / Spezialmarkt,Ilmenau,Thüringen,DE,Langewiesen,2027-02-14,14.02.2027,20.03.-21.03.2027,Bewerbung per E-Mail,,Heinse-Haus Langewiesen,heinse-haus-langewiesen@ilmenau.de,03677 600-813,https://www.ilmenau.de/de/freizeit/feste-und-maerkte/ostermarkt-langewiesen/,ilmenau.de,official,2026-08-03,research-2026-08-03-sn-st-th,partial,"Die offizielle Seite bestätigt Frist, Termin und Kontakt; eine Postanschrift ist auf der geprüften Veranstaltungsseite nicht angegeben."
herforder-weihnachtsmarkt-2027-herford,Herforder Weihnachtsmarkt 2027,Weihnachtsmarkt,Herford,Nordrhein-Westfalen,DE,Innenstadt Herford,2027-02-15,"Pro Herford öffnet das Bewerbungsfenster jeweils vom 1. Dezember bis zum 15. Februar. Für den Weihnachtsmarkt 2026 lief es vom „1. Dezember 2025 bis 15. Februar 2026""; für 2027 ergibt sich daraus der 15.02.2027.",November bis Dezember 2027; der genaue Termin ist noch nicht veröffentlicht. Zum Vergleich: 2026 vom 23. November bis 30. Dezember.,Ausschließlich über das Online-Formular von Pro Herford. Vorher die Vergabe- und Tarifordnung prüfen.,"Pro Herford GmbH Stadtmarketing, Goebenstraße 3-7, 32052 Herford","Justus Kleineberg, Veranstaltungsmanagement",justus.kleineberg@pro-herford.de,05221 189-1543,https://herford-erleben.herford.de/Weihnachtsmarkt/Bewerbung-Beschicker-f%C3%BCr-2026/,herford-erleben.herford.de,official,2026-08-04,de-2026-08-mittelstaedte-02,partial,"Aussteller, Schausteller und Beschicker sind gleichermaßen angesprochen. Das Bewerbungsfenster öffnet erst am 1. Dezember 2026 - vorher ist keine Bewerbung möglich. Das Fristdatum für 2027 ist aus dem wiederkehrenden Fenster abgeleitet."
martinikirmes-2027-dinslaken,Martinikirmes Dinslaken 2027,Volksfest / Kirmes,Dinslaken,Nordrhein-Westfalen,DE,Dinslaken,2027-02-15,"Die Stadt Dinslaken setzt den Bewerbungsschluss jeweils auf den 15.02. des Veranstaltungsjahres, fuer die Martinikirmes 2027 also auf den 15.02.2027.",November 2027; der genaue Termin ist noch nicht veroeffentlicht.,"Schriftliche Bewerbung ausschliesslich mit dem offiziellen Bewerbungsformular, per Post oder E-Mail. Unvollstaendige oder nicht unterschriebene Bewerbungen werden nicht berücksichtigt.","Stadt Dinslaken, FD 3.1, Platz d'Agen 1, 46535 Dinslaken","Stadt Dinslaken, Fachdienst 3.1",,,https://www.dinslaken.de/wirtschaft-freizeit/veranstaltungen/martinikirmes,dinslaken.de,official,2026-08-04,de-2026-08-regelfristen-01,partial,"Formalisiertes Zulassungsverfahren mit eigenen Zulassungsgrundsaetzen. Fristdatum aus zwei Jahrgaengen abgeleitet (Formulare 2025 und 2026 nennen jeweils den 15.02.). dinslaken.de blockiert automatisierte Abrufe, daher nicht direkt gesichtet."
oettinger-fruehjahrsmarkt-2027-oettingen,Oettinger Frühjahrsmarkt 2027,Frühjahrsmarkt / Jahrmarkt,Oettingen i.Bay.,Bayern,DE,Oettingen i.Bay.,2027-02-18,Anmeldeschluss: 18.02.2027,14.03.2027,Offiziellen Anmeldebogen per E-Mail oder Post bei der Stadt Oettingen i.Bay. einreichen,"Stadt Oettingen i.Bay., Schloßstraße 36, 86732 Oettingen i.Bay.","Hauptamt, Frau Schramm / Marktmeisterin",vorzimmer@oettingen.de,09082 709-19,https://www.oettingen.de/fileadmin/stadt_oettingen/Dateien/Veranstaltungen/Maerkte/Anmeldebogen_Marktfieranten_2027.pdf,oettingen.de,official,2026-08-03,by-2027-deep-rb-schwaben,verified,"Der offizielle, veranstaltungsspezifische Anmeldebogen 2027 nennt Markttermin und Anmeldeschluss für Fieranten."
bad-windsheimer-kirchweih-2027-bad-windsheim,Bad Windsheimer Kirchweih 2027,Kirchweih / Stadtfest,Bad Windsheim,Bayern,DE,Bad Windsheim,2027-02-26,26.02.2027,Kirchweih 2027,Über das Anfrageformular der Stadt,"Tourist-Information, Marktplatz 1, 91438 Bad Windsheim",Tourist-Information Bad Windsheim,tourismus@bad-windsheim.de,09841 40270,https://www.bad-windsheim.de/kirchweih,bad-windsheim.de,official,2026-08-03,research-2026-08-03-main-web,partial,"Offen für Aussteller, Partner und Mitwirkende."
soester-weihnachtsmarkt-2027,Soester Weihnachtsmarkt 2027,Weihnachtsmarkt,Soest,Nordrhein-Westfalen,DE,Historische Altstadt Soest,2027-02-26,Bewerbungsschluss ist der 26. Februar 2027 um 12:00 Uhr.,,"Offizielle Bewerbungsbögen für Weihnachtsmarkt, Advents-Atelier oder Aktionshaus","Wirtschaft und Marketing Soest GmbH, Teichsmühlengasse 3, 59494 Soest",Michael Schiewe / Sören Poelmann,,02921 103-6201 / 02921 103-6203,https://www.so-ist-soest.de/de/veranstaltungen/winter/weihnachtsmarkt/sonderinfos.php,so-ist-soest.de,official,2026-08-03,research-2026-08-03-gap-maerkte,partial,"Die offizielle Ausschreibungsseite nennt die Frist, aber noch keinen Veranstaltungszeitraum für 2027."
heimatfest-laupheim-2027-standbewerbung,Heimatfest Laupheim 2027,Heimat- und Volksfest,Laupheim,Baden-Württemberg,DE,Festgelände Laupheim,2027-02-28,Gewerbetreibende können sich bis 28.02.2027 für das Fest 2027 bewerben,Heimatfest Laupheim 2027; konkreter Veranstaltungstag auf der geprüften Bewerbungsseite nicht ausgewiesen,Ausschließlich über das offizielle Online-Bewerbungsformular,,Verein Heimatfest Laupheim e.V.,,,https://heimatfest-laupheim.de/informationen/,heimatfest-laupheim.de,official,2026-08-03,bw-2027-deep-rb-tuebingen,partial,"Die offizielle Veranstalterseite bestätigt Festjahr, Zielgruppe, Frist und Online-Bewerbung; der konkrete Festzeitraum und persönliche Kontaktdaten fehlen dort."
lounges-2027-rheinstetten,LOUNGES 2027 - Cleanroom and Processes,Fachmesse / Reinraum- und Pharmaprozesse,Rheinstetten,Baden-Württemberg,DE,Messe Karlsruhe,2027-02-28,Anmeldeschluss für Aussteller: 28. Februar 2027,16. bis 18. März 2027,Ausstelleranmeldung beim offiziellen Veranstalter,"Messeallee 1, 76287 Rheinstetten",,,,https://cleanroom-processes.de/en/lounges-karlsruhe-2027/,cleanroom-processes.de,official,2026-08-03,bw-2027-deep-rb-karlsruhe,partial,"Termin, Ort und Anmeldeschluss sind in den offiziellen Veranstaltungsbedingungen genannt. Quelllink im August 2026 aktualisiert, die zuvor hinterlegte Seite war nicht mehr erreichbar."
telgte-maria-geburts-markt-krammarkt-2027-telgte,Mariä-Geburts-Markt Telgte 2027 - Krammarkt,Krammarkt,Telgte,Nordrhein-Westfalen,DE,Telgter Innenstadt,2027-02-28,"Bewerbungsschluss für den Krammarkt ist der 28.02. des Veranstaltungsjahres, für 2027 also der 28.02.2027.","Jeweils am zweiten Septemberwochenende, Freitag bis Dienstag; die genauen Termine 2027 sind noch nicht veröffentlicht.",Bewerbungsformular mit Geschäftsskizze und Produktfotos per Post oder E-Mail an bewerbung-mgm@telgte.de.,"Staedtische Wirtschaftsbetriebe Telgte GmbH, Baßfeld 4-6, 48291 Telgte",Regina Bussmann (02504 13-215) und Stefan Reiser (02504 13-280),bewerbung-mgm@telgte.de,02504 13-215,https://serviceportal.telgte.de/detail/-/vr-bis-detail/dienstleistung/1104/show,serviceportal.telgte.de,official,2026-08-03,nrw-2027-deep-mittelstaedte,partial,Der Krammarkt hat eine spätere Frist als die Kirmes desselben Marktes. Die Stadt nennt den Bewerbungsschluss als feste jährliche Regel.
naumburger-fruehlingsmarkt-2027-naumburg,Naumburger Frühlingsmarkt 2027,Spezialmarkt / Frühlingsmarkt,Naumburg (Saale),Sachsen-Anhalt,DE,Naumburg (Saale),2027-02-28,Die offizielle Quelle nennt als Frist Ende Februar 2027. Im Kalender ist der 28.02.2027 als spaetestmoeglicher Tag angesetzt; das genaue Datum vor Bewerbung erfragen.,01.05.2027,Schriftlich bei der Stadt Naumburg (Saale),,"Stadt Naumburg (Saale), Marktverwaltung",ordnungsamt@naumburg-stadt.de,+49 3445 273-340,https://www.naumburg.de/de/1597%2C1164/103945%2C1164%2Cde%2C1.html,naumburg.de,official,2026-08-03,research-2026-08-03-sn-st-th,partial,"Amtliche Marktordnung § 12; Blumen, Pflanzen und Kleingartenbedarf werden bei der Platzvergabe bevorzugt. Kontaktdaten im August 2026 aus der offiziellen Quelle ergaenzt."
oldenburger-lamberti-markt-2027,Oldenburger Lamberti-Markt 2027,Weihnachtsmarkt,Oldenburg,Niedersachsen,DE,Oldenburger Innenstadt,2027-02-28,Bewerbungsschluss: 28. Februar 2027,23. November bis 22. Dezember 2027,"Online, per E-Mail oder auf dem Postweg","Stadt Oldenburg, Marktverwaltung, Pferdemarkt 14, 26121 Oldenburg",Marktverwaltung Stadt Oldenburg,Marktverwaltung@stadt-oldenburg.de,0441 235-4444,https://www.oldenburg.de/startseite/kultur/veranstaltungen/veranstaltungshoehepunkte/lamberti-markt/informationen-zur-bewerbung.html,oldenburg.de,official,2026-08-03,research-2026-08-03-gap-maerkte,verified,Die Stadt veröffentlicht Termin und Bewerbungsschluss ausdrücklich mehrere Jahre im Voraus.
allerheiligenkirmes-2027-soest,Soester Allerheiligenkirmes 2027,Kirmes / Volksfest,Soest,Nordrhein-Westfalen,DE,Soester Altstadt,2027-02-28,28.02.2027 (jeweils 28. Februar für die Veranstaltung im selben Jahr),Anfang November 2027,Online-Bewerbungsformular,"Stabsstelle Kirmesbüro Allerheiligenkirmes, Domplatz 1, 59494 Soest",Jan Padberg,kirmesbuero@soest.de,02921 103-2115,https://www.soest.de/politik-verwaltung/dienstleistungen-a-z/allerheiligenkirmes-und-pferdemarkt-bewerbung,soest.de,official,2026-08-03,research-2026-08-03-nrw,partial,Die jährliche Frist und das angekündigte Bewerbungsverfahren 2027 sind offiziell bestätigt; der genaue Veranstaltungstermin 2027 ist noch nicht genannt.
pferdemarkt-2027-soest,Soester Pferdemarkt 2027,Pferdemarkt / Markt,Soest,Nordrhein-Westfalen,DE,Soest,2027-02-28,28.02.2027 (jeweils 28. Februar für die Veranstaltung im selben Jahr),2027,Online-Bewerbungsformular,"Stadt Soest, AG Ordnungsangelegenheiten, Domplatz 1, 59494 Soest",Christin Berghoff,c.berghoff@soest.de,02921 103-2113,https://www.soest.de/politik-verwaltung/dienstleistungen-a-z/allerheiligenkirmes-und-pferdemarkt-bewerbung,soest.de,official,2026-08-03,research-2026-08-03-nrw,partial,Die jährliche Frist und das angekündigte Bewerbungsverfahren 2027 sind offiziell bestätigt; der genaue Veranstaltungstermin 2027 ist noch nicht genannt.
weihnachtliches-barendorf-iserlohn-2027,Weihnachtliches Barendorf Iserlohn 2027,Weihnachtsmarkt / Kunsthandwerkermarkt,Iserlohn,Nordrhein-Westfalen,DE,Barendorf (Museen Iserlohn),2027-02-28,Bewerbung bis Ende Februar eines Jahres (Dauerregel),2026: 5.-6. und 12.-13. Dezember (jeweils 12-19 Uhr); 2027 nicht genannt,Bewerbung per E-Mail oder Post mit aussagekräftigen Fotos der Produkte bzw. bisheriger Stände,"Stadtmuseum Iserlohn, Fritz-Kühn-Platz 1, 58636 Iserlohn",Stadtmuseum Iserlohn,museum@iserlohn.de,,https://museen-iserlohn.de/weihnachtliches-barendorf/,museen-iserlohn.de,official,2026-09-19,named-nrw-2026-09,partial,"Dauerregel ""bis Ende Februar eines Jahres""; Datum 2027-02-28 abgeleitet (letzter Februartag 2027), nicht ausdrücklich bestätigt. Nur Kunsthandwerk/Einzelstücke, reine Händlerware unerwünscht; keine Schausteller-Fahrgeschäfte."
berufsinfomesse-2027-offenburg,Berufsinfomesse Offenburg 2027,Messe,Offenburg,Baden-Württemberg,DE,Messe Offenburg-Ortenau,2027-03-01,Anmeldeschluss 01.03.2027; Frühbucherrabatt bis 31.10.2026,09.04.-10.04.2027,Offizielles Anmeldeformular BIM 2027,"Messe Offenburg-Ortenau GmbH, Schutterwälder Straße 3, 77656 Offenburg",Berufsinfomesse / Messe Offenburg-Ortenau GmbH,berufsinfomesse@messe-offenburg.de,,https://www.berufsinfomesse.de/de/ausstellerunterlagen-wissenswertes,berufsinfomesse.de,official,2026-08-03,bw-2027-deep-rb-freiburg,verified,Die offizielle Ausstellerseite verlinkt den Anmeldesatz BIM 2027; der bereits gesichtete PDF-Inhalt nennt Frühbucherfrist bis 31.10.2026 und Anmeldeschluss 01.03.2027.
coburger-weihnachtsmarkt-2027-coburg,Coburger Weihnachtsmarkt 2027,Weihnachtsmarkt,Coburg,Bayern,DE,Marktplatz Coburg,2027-03-01,Bewerbungsschluss ist jährlich der 1. März (Ausschlussfrist); für 2027: 01.03.2027.,26.11.-23.12.2027,Schriftlich mit offiziellem Bewerbungsbogen an Coburg Marketing,"Coburg Marketing, Herrngasse 4, 96450 Coburg",Frank Briesemeister,frank.briesemeister@coburg.de,09561 898034,https://www.coburger-weihnachtsland.de/weihnachtsmarkt-coburg,coburger-weihnachtsland.de,official,2026-08-03,by-2027-deep-rb-oberfranken,verified,Offizielle Veranstalterseite und Bewerbungsbogen nennen die jährlich geltende Ausschlussfrist; Terminregel Freitag vor dem ersten Advent bis 23. Dezember.
holstenkoeste-2027-neumuenster,Holstenköste Neumünster 2027,Stadtfest / Volksfest,Neumünster,Schleswig-Holstein,DE,Neumünsteraner Innenstadt,2027-03-01,Standplätze für die Holstenköste sind bis zum 01.03. des Veranstaltungsjahres zu beantragen; für 2027 ist dies der 01.03.2027.,Zweites Juni-Wochenende 2027; konkrete Tagesdaten noch nicht veröffentlicht,Schriftlicher Antrag bei der Stadt Neumünster oder beim Einheitlichen Ansprechpartner Schleswig-Holstein,"Stadt Neumünster, Großflecken 59, 24534 Neumünster",Stadt Neumünster,stadt@neumuenster.de,+49 4321 942-0,https://www.neumuenster.de/fileadmin/neumuenster.de/media/verwaltung_und_politik/Bekanntmachungen/Ortsrecht/2_sicherheit_und_ordnung/2.3.1_marktsatzung.pdf,neumuenster.de,official,2026-08-03,research-2026-08-03-sh,partial,Die offizielle Marktsatzung nennt die besondere Frist für die Holstenköste; die Stadtseite bestätigt den jährlichen Rhythmus. Der konkrete Termin 2027 ist noch nicht veröffentlicht. | Die geltende städtische Marktsatzung bestätigt die veranstaltungsjahresbezogene Frist; der genaue Termin 2027 ist noch nicht veröffentlicht.
nordhaeuser-rolandsfest-2027-nordhausen,Nordhäuser Rolandsfest 2027,Jahrmarkt / Stadtfest,Nordhausen,Thüringen,DE,Innenstadt Nordhausen,2027-03-01,01.03.2027,Vom zweiten Freitag im Juni 2027 bis zum darauffolgenden Sonntag,Schriftlich oder elektronisch über die Einheitliche Stelle beziehungsweise bei der Stadtverwaltung Nordhausen,"Stadt Nordhausen, Amt für Bildung und Kultur, Markt 15, 99734 Nordhausen",Amt für Bildung und Kultur,kulturplanung@nordhausen.de,03631 6969 158,https://www.nordhausen.de/_daten/mm_objekte/2019/04/16219_0423_23759950.pdf,nordhausen.de,official,2026-08-03,research-2026-08-03-sn-st-th,partial,Die amtliche Nordhäuser Marktsatzung nennt die jährlich geltende Frist 1. März. Eine veranstaltungsbezogene Ausschreibung wird regelmäßig vor dem Markt veröffentlicht.
stader-altstadtfest-2027-stade,Stader Altstadtfest 2027,Stadtfest,Stade,Niedersachsen,DE,Stader Altstadt,2027-03-01,Bewerbungsfrist ist der 1. März,18.06.-20.06.2027,Offizielle Bewerbungsformulare für reguläre Stände und Hobby-Kunsthandwerkermarkt,"STADE Marketing und Tourismus GmbH, Stade","Sonja Möllers, Veranstaltungen",moellers@stade-marketing.de,04141 77698-67,https://stade-tourismus.de/de/veranstaltungen-stade/informationen-fuer-standbetreiber/,stade-tourismus.de,official,2026-08-03,research-2026-08-03-de-gap,partial,Offizielle Seite der Veranstalterin nennt den 2027-Termin und die Frist; eine vollständige Postanschrift ist dort im geprüften Abschnitt nicht angegeben.
e-bike-days-2027-aussteller-muenchen,E BIKE DAYS München 2027 - Aussteller,Publikumsmesse / Outdoor-Event,München,Bayern,DE,"Olympiapark München, Hans-Jochen-Vogel-Platz",2027-03-05,Anmeldeschluss: 05.03.2027 oder sobald alle Standplätze vergeben sind; spätere Buchungen nur in Einzelfällen,23.04.-25.04.2027,Ausstelleranmeldung beim offiziellen Veranstalter; Standplätze nach Verfügbarkeit,"COMMUNICO GmbH, Prof.-Max-Lange-Platz 15, 83646 Bad Tölz",Jan Bruns,email@ebikedays.de,+49 8041 799 75 16,https://ebikedays.de/ausstellerinfos/,ebikedays.de,official,2026-08-03,by-2027-deep-rb-oberbayern,verified,"Die offizielle Veranstalterseite nennt Termin, Tarifphasen, endgültigen Anmeldeschluss und den Vorbehalt einer früheren Schließung bei Vollbelegung."
transport-logistic-2027-standpaket-easy-muenchen,transport logistic 2027 - Standpaket Easy,Fachmesse / Gemeinschaftsstand,München,Bayern,DE,"Trade Fair Center Messe München, Am Messesee 2, 81829 München",2027-03-05,"Anmeldeschluss: Freitag, 05.03.2027; Vergabe nach dem Prinzip first come, first serve",26.04.-29.04.2027,Online-Anmeldung für das Standpaket Easy,"Messe München GmbH, Messegelände, 81823 München","Birgit Mittelmeier, Deputy Exhibition Director",,+49 89 949-20276,https://transportlogistic.de/de/messe/aussteller/anmeldung-preise/standpaket-easy/,transportlogistic.de,official,2026-08-03,by-2027-deep-rb-oberbayern,verified,"Die offizielle Angebotsseite nennt Anmeldeschluss, Kapazitätsgrenze von 14 Unternehmen und Vergabereihenfolge."
stadtfest-riesa-2027-riesa,34. Stadtfest Riesa 2027,Stadtfest,Riesa,Sachsen,DE,"Zwischen Rathausplatz, Mannheimer Platz, Elbufer und Stadtpark",2027-03-06,Einsendeschluss der Bewerbung: 06.03.2027,02.-04.07.2027,Bewerbungsformular (Download) per Post oder E-Mail an die FVG Riesa mbH,"FVG Riesa mbH, Am Sportzentrum 5, 01587 Riesa","Nico Hülsmann, FVG Riesa mbH",nico.huelsmann@fvg-riesa.de,03525 601100,https://stadtfest-riesa.de/bewerbung/,stadtfest-riesa.de,official,2026-09-12,sn-gesamt-2026-09,verified,"Ausschreibung fuer das Folgejahr bereits online, Programm laut Veranstalter noch nicht final ('Programm folgt demnaechst')."
bonner-weihnachtsmarkt-2027-bonn,Bonner Weihnachtsmarkt 2027,Weihnachtsmarkt,Bonn,Nordrhein-Westfalen,DE,Bonner Innenstadt,2027-03-10,"Für den Bonner Weihnachtsmarkt endet die Bewerbungsfrist am 10. März des laufenden Jahres, für 2027 also am 10.03.2027. Bewerbungen und Anfragen nach diesem Termin können nicht mehr berücksichtigt werden.",Advent 2027; der genaue Termin ist auf der Bewerbungsseite nicht ausgewiesen.,Bewerbung über das Leistungszentrum Märkte der Stadt Bonn.,"Stadt Bonn, Marktamt, Stadthaus, Berliner Platz 2, 53111 Bonn","Leistungszentrum Märkte, Planung und Durchfuehrung staedtischer Marktveranstaltungen",markt@bonn.de,+49 228 772547,https://www.bonn.de/vv/produkte/Weihnachtsmarkt-Bewerbung.php,bonn.de,official,2026-08-03,de-2026-08-breitensuche-04,partial,"Die Stadt nennt die Frist als feste jährliche Regel. Erreichbarkeit des Marktamts: Mo-Do 8-16 Uhr, Fr 8-13 Uhr."
caggtus-leipzig-2027,CAGGTUS Leipzig 2027,Gaming-Festival / Themenmesse,Leipzig,Sachsen,DE,"Leipziger Messe, Halle 3",2027-03-14,Anmeldeschluss für Aussteller und Mitaussteller: 14. März 2027,9. bis 11. April 2027,Online-Standanmeldung ab 7. September 2026,"Leipziger Messe GmbH, Messe-Allee 1, 04356 Leipzig",Projektteam CAGGTUS,m.hammer@leipziger-messe.de,,https://www.caggtus.de/de/ausstellen/stand-planen/termine-und-preise/,caggtus.de,official,2026-08-03,research-2026-08-03-gap-maerkte,verified,Die Veranstalterseite führt eigene Konditionen für Händler sowie Creative Spaces und eine Card Show auf.
hannover-weihnachtsmarkt-2027,Hannoverscher Weihnachtsmarkt 2027,Weihnachtsmarkt,Hannover,Niedersachsen,DE,,2027-03-15,Bewerbungsschluss für die Weihnachtsmärkte ist jeweils zum 15.03. des Jahres,2026: 23.11. bis 22.12.2026; 2027 nicht geprüft,Bewerbung beim Marktwesen der Landeshauptstadt Hannover,"Marktwesen, Vahrenwalder Straße 7, 30165 Hannover",Marktwesen der Landeshauptstadt Hannover,23.4@hannover-stadt.de,0511 168-42887,https://www.hannover.de/Leben-in-der-Region-Hannover/Verwaltungen-Kommunen/Die-Verwaltung-der-Landeshauptstadt-Hannover/Dezernate-und-Fachbereiche-der-LHH/Wirtschaft-und-Umwelt/Fachbereich-Wirtschaft/Marktwesen,hannover.de,official,2026-09-19,named-nord-2026-09,partial,"Dauerregel (jeweils zum 15.03.); Datum 2027-03-15 für den Weihnachtsmarkt 2027 abgeleitet, da die Frist für 2026 (15.03.2026) abgelaufen ist."
arte-kunstmesse-stuttgart-2027-stuttgart,ARTe Kunstmesse Stuttgart 2027,Kunstmesse,Stuttgart,Baden-Württemberg,DE,"Phoenixhalle im Römerkastell, Naststraße 43-45, 70376 Stuttgart",2027-03-24,24.03.2027,30.04.-02.05.2027,Online über das offizielle Bewerbungsformular für einen Messestand,"ARTe Kunstmessen GmbH, Ahornstraße 25, 71566 Althütte",ARTe Kunstmessen GmbH,office@arte-kunstmessen.de,0152 547 69 849,https://arte-kunstmessen.de/ausstellen/,arte-kunstmessen.de,official,2026-08-03,bw-2027-deep-rb-stuttgart,verified,"Die offizielle Veranstalterseite bestätigt den Messetermin, den Bewerbungsstart am 01.05.2026, den Bewerbungsschluss und die verbindliche Online-Bewerbung für Ausstellerstände."
bad-salzufler-weihnachtstraum-2027-gastronomie-bad-salzuflen,Bad Salzufler Weihnachtstraum 2027 - Gastronomie und Süßwaren,Weihnachtsmarkt / Gastronomie,Bad Salzuflen,Nordrhein-Westfalen,DE,Historische Altstadt Bad Salzuflen,2027-03-30,"Der Veranstalter setzt den Bewerbungsschluss fuer Gastronomie und Süßwaren jeweils auf den 30.03. des Veranstaltungsjahres, fuer 2027 also auf den 30.03.2027.",Advent 2027; die Ausgabe 2026 laeuft vom 23. November bis 30. Dezember.,Bewerbung per E-Mail oder telefonisch bei der Werbegemeinschaft. Mietbuden werden drei Tage vor Veranstaltungsbeginn bereitgestellt.,"Werbegemeinschaft Bad Salzuflen e.V., Postfach 1729, 32069 Bad Salzuflen; Citybüro: Dammstr. 16, 32105 Bad Salzuflen","Michael Welslau, 1. Vorsitzender und Cheforganisator",info@werbegemeinschaft-bad-salzuflen.de,05222 4376,https://www.werbegemeinschaft-bad-salzuflen.de/aussteller-werden,werbegemeinschaft-bad-salzuflen.de,official,2026-08-04,de-2026-08-kleinstaedte-01,partial,Der Veranstalter staffelt die Fristen nach Branche: Gastronomie und Süßwaren deutlich frueher als Kunsthandwerk und Verkauf. Zweite Rufnummer 0172 5222456. Fristdatum aus dem Jahrgang 2026 abgeleitet.
freiberger-bergstadtfest-2027,Freiberger Bergstadtfest 2027,Stadtfest,Freiberg,Sachsen,DE,Innenstadt Freiberg,2027-03-30,Bewerbung als Händler bzw. Schausteller/Rummelplatzstandbetreiber jeweils bis 30. März (Jahresangabe fehlt; hier für 2027 abgeleitet),24.-27.06.2027,Händler: Händlerportal Freiberg online; Schausteller: Händlerportal oder Formular per Post/E-Mail,"Stadt Freiberg, Sachgebiet Events und Märkte, Schloßplatz 6, 09599 Freiberg",Anne Radecker,Anne_Radecker@freiberg.de,03731 273653,https://www.freiberg.de/kultur-und-tourismus/veranstaltungen/bergstadtfest-freiberg,freiberg.de,official,2026-09-19,named-ost-2026-09,partial,"Abgeleitet (Dauerregel): Seite nennt 'bis 30. März' ohne Jahr; für 2027 als 30.03.2027 angesetzt. Termin 24.-27.06.2027 laut Veranstaltungsseite (per Seitenabruf, nicht separat gegengeprüft). Künstler-Bewerbungen laufen separat bis Februar."
wuerzburger-weihnachtsmarkt-2027-wuerzburg,Würzburger Weihnachtsmarkt 2027,Weihnachtsmarkt,Würzburg,Bayern,DE,"Oberer und Unterer Marktplatz, Eichhornstraße und Grafeneckart",2027-03-30,Aussagekräftige Bewerbungsunterlagen für einen Standplatz 2027 sind bis zum 30.03.2027 einzureichen.,26.11.-23.12.2027,Per E-Mail an die Marktmeisterin,"Stadt Würzburg, Rückermainstraße 2, 97070 Würzburg","Hannah Becker, Marktmeisterin",hannah.becker@stadt.wuerzburg.de,0931 37-2693,https://www.wuerzburg.de/events-termine/wuerzburger-weihnacht,wuerzburg.de,official,2026-08-03,by-2027-deep-rb-unterfranken,verified,"Die aktuelle offizielle Veranstaltungsseite nennt Veranstaltung 2027, Zeitraum, Bewerbungsfrist, Bewerbungsweg und Kontakt ausdrücklich."
inklusive-jobmesse-2027-aussteller-muenchen,2. Inklusive Jobmesse 2027 - Ausstelleranmeldung,Jobmesse,München,Bayern,DE,"Berufsinformationszentrum, Kapuzinerstraße 30, 80337 München",2027-03-31,Anmeldezeitraum vom 15.07.2026 bis 31.03.2027,"07.07.2027, 07:00-16:00 Uhr",Online-Ausstelleranmeldung über das offizielle Veranstaltungsformular,"Landeshauptstadt München, Referat für Arbeit und Wirtschaft, Herzog-Wilhelm-Straße 15, 80331 München",Aussteller-Beratung EAA Bayern,events-muc@eaa-bayern.de,,https://veranstaltungen.muenchen.de/raw/veranstaltungen/inklusive-jobmesse-2027-ausstelleranmeldung/,veranstaltungen.muenchen.de,official,2026-08-03,by-2027-deep-rb-oberbayern,verified,"Die offizielle Veranstaltungsseite der Landeshauptstadt nennt den vollständigen Anmeldezeitraum, Veranstaltungstermin und die begrenzte Ausstellerzahl."
augsburger-herbstdult-2027-augsburg,Augsburger Herbstdult 2027,Dult / Traditionsmarkt,Augsburg,Bayern,DE,Augsburg,2027-03-31,Bewerbungsfrist für die Herbstdult ist der 31. März.,Herbst 2027; die genauen Termine sind im Bewerbungsportal nicht ausgewiesen.,Online-Formular oder postalische Bewerbung beim Marktamt.,"Stadt Augsburg, Marktamt, Rathausplatz 1, 86150 Augsburg",Marktamt der Stadt Augsburg,augsburg@augsburg.de,0821 324-0,https://www.augsburg.de/buergerservice-rathaus/buergerservice/dienste-a-z/aemterweise/leistungen-marktamt/informationen-fuer-beschicker-und-schausteller,augsburg.de,official,2026-08-03,de-2026-08-breitensuche-01,partial,Feste Jahresfrist des Augsburger Marktamts.
blasheimer-markt-gewerbezelt-2027-luebbecke,Blasheimer Markt 2027 - Gewerbezelt,Gewerbeausstellung / Markt,Lübbecke,Nordrhein-Westfalen,DE,"Blasheim, Gewerbezelt",2027-03-31,31.03.2027,02.09.-05.09.2027,Schriftlich mit offiziellem Bewerbungsformular für das Gewerbezelt,"Stadt Lübbecke, Dezernat 1 - Ordnung, Postfach 1453, 32294 Lübbecke",Di Meo & Hansen GbR,,05742 1211,https://blasheimermarkt.de/fuer-schausteller/,blasheimermarkt.de,official,2026-08-03,research-2026-08-03-nrw,verified,Separate Bewerbungsfrist ausschließlich für Aussteller im Gewerbezelt.
braunschweiger-weihnachtsmarkt-2027-braunschweig,Braunschweiger Weihnachtsmarkt 2027,Weihnachtsmarkt,Braunschweig,Niedersachsen,DE,Burgplatz und Dom,2027-03-31,"Bewerbungen sind jeweils bis zum 31. März des Veranstaltungsjahres einzureichen, fuer den Weihnachtsmarkt 2027 also bis zum 31.03.2027.",Advent 2027; der genaue Termin ist noch nicht veroeffentlicht.,Bewerbung bei der Braunschweig Stadtmarketing GmbH ueber www.braunschweig.de/wm-bewerben.,"Braunschweig Stadtmarketing GmbH, Sack 17, 38100 Braunschweig",Kim Zimpel (0531 470-3242) und Angela Schüler (0531 470-2057),bewerbung.weihnachtsmarkt@braunschweig.de,0531 470-3242,https://www.braunschweig.de/weihnachtsmarkt/ausstellerinfo.php,braunschweig.de,official,2026-08-04,de-2026-08-regelfristen-01,partial,"Rund 900.000 Besucher. Die separate Wechselhütte fuer Kunsthandwerk hat eine eigene, spaetere Frist (31.08.) und ist als eigener Eintrag erfasst."
dessauer-stadtfest-2027-dessau-rosslau,Dessauer Stadtfest 2027,Stadtfest,Dessau-Rosslau,Sachsen-Anhalt,DE,Innenstadt Dessau-Rosslau,2027-03-31,Die Bewerbungsfrist endet am 31.03.2027.,2027; der genaue Termin ist noch nicht veröffentlicht.,Online-Formular auf stadtfestdessau.de oder schriftliche Einreichung per E-Mail bzw. Post.,"Stadtmarketinggesellschaft Dessau-Rosslau mbH, Kavalierstr. 37-39, 06844 Dessau-Rosslau",Stadtmarketinggesellschaft Dessau-Rosslau mbH,bewerbung@stadtfestdessau.de,+49 340 882920-11,https://www.dessfest.de/bewerbung/,dessfest.de,official,2026-08-03,de-2026-08-breitensuche-01,verified,"Allgemeine Anschrift der Gesellschaft: post@smg-dessau-rosslau.de. | Gesucht werden Händler, Gastronomen und Unternehmen; das offizielle Bewerbungsformular nennt die Frist."
forchheimer-weihnachtsmarkt-2027-forchheim,Forchheimer Weihnachtsmarkt 2027,Weihnachtsmarkt,Forchheim,Bayern,DE,Forchheimer Innenstadt,2027-03-31,31.03.2027,26.11.-24.12.2027,Online über das offizielle Bewerbungsformular,"Stadt Forchheim, Veranstaltungsamt, Hornschuchallee 7-9, 91301 Forchheim",Veranstaltungsamt,veranstaltungsamt@forchheim.de,09191 714-290,https://www.forchheim.de/bewerbung-fuer-schausteller-und-beschicker-nicht-genehmigungspflichtige-fliegende-bauten,forchheim.de,official,2026-08-03,research-2026-08-03-bayern,verified,Das offizielle Formular nennt den Weihnachtsmarkt 2027 und die Frist ausdrücklich. | Bewerbungszeitraum beginnt am 01.02.2027.
freiburger-weihnachtsmarkt-2027-freiburg,Freiburger Weihnachtsmarkt 2027,Weihnachtsmarkt,Freiburg im Breisgau,Baden-Württemberg,DE,Freiburger Innenstadt,2027-03-31,"31.03.2027, 23:59 Uhr",18.11.-23.12.2027,Online-Bewerbungsformular,,Freiburg Wirtschaft Touristik und Messe GmbH & Co. KG,,,https://weihnachtsmarkt.freiburg.de/beschicker,weihnachtsmarkt.freiburg.de,official,2026-08-03,research-2026-08-03-main-web,partial,Papierbewerbungen werden laut Veranstalter nicht angenommen.
fuldaer-weihnachtsmarkt-2027-fulda,Fuldaer Weihnachtsmarkt 2027,Weihnachtsmarkt,Fulda,Hessen,DE,Universitätsplatz (Traditioneller Weihnachtsmarkt) und Buttermarkt (regio'markt),2027-03-31,"Eine Bewerbung ist immer nur zwischen dem 01.01. und 31.03. für den kommenden Weihnachtsmarkt möglich, für 2027 also bis zum 31.03.2027.",Advent 2027; die genauen Termine sind noch nicht veröffentlicht.,"Bewerbungsformular von der Website herunterladen und einreichen, zusammen mit der Satzung (traditioneller Markt) bzw. den Teilnahmebedingungen (regio'markt).","Magistrat der Stadt Fulda, Fulda",Stadt Fulda,,,https://www.weihnachten-fulda.de/informieren/fuer-ausstellende,weihnachten-fulda.de,official,2026-08-03,de-2026-08-breitensuche-01,partial,"Zwei getrennte Marktbereiche mit eigenen Formularen. Das Bewerbungsfenster oeffnet erst am 01.01.2027, vorher sind keine Bewerbungen möglich."
maerchenweihnachtsmarkt-2027-kassel,Kasseler Märchenweihnachtsmarkt 2027,Weihnachtsmarkt,Kassel,Hessen,DE,Kasseler Innenstadt,2027-03-31,"Bewerbungsschluss ist der 31.03. des aktuellen Jahres, für den Märchenweihnachtsmarkt 2027 also der 31.03.2027.",Advent 2027; die genauen Termine sind noch nicht veröffentlicht.,Bewerbung per Post oder eingescannt per E-Mail an events@kassel-marketing.de.,"Kassel Marketing GmbH, Kassel","Kassel Marketing GmbH, Bereich Events",events@kassel-marketing.de,+49 561 7077-123,https://veranstaltungen.kassel-marketing.de/de/bewerbung,veranstaltungen.kassel-marketing.de,official,2026-08-03,he-2027-deep-nord-sued,partial,Kassel Marketing nennt den Bewerbungsschluss als feste jährliche Regel. Derzeit sind auf der Website keine Bewerbungsformulare hinterlegt.
kieler-weihnachtsmarkt-2027-kiel,Kieler Weihnachtsmarkt 2027,Weihnachtsmarkt,Kiel,Schleswig-Holstein,DE,Holstenplatz und Asmus-Bremer-Platz,2027-03-31,Im ersten Auswahlverfahren werden alle bis zum 31. März eines jeden Jahres eingegangenen Bewerbungen berücksichtigt; für 2027 ist dies der 31.03.2027.,Kieler Weihnachtsmarkt 2027; konkrete Veranstaltungstage noch nicht auf der offiziellen Seite veröffentlicht,Online-Bewerbung oder offizielles Bewerbungsformular,"Landeshauptstadt Kiel, Ordnungsamt - Märkte, Sondernutzungen, Fabrikstraße 8-10, 24103 Kiel",Simone Sievers; Sandra Bergandy,weihnachtsmarkt@kiel.de,0431 901-2587; 0431 901-4297,https://www.kiel.de/de/wirtschaft_arbeit/maerkte/_informationen_fuer_ausstellerinnen.php,kiel.de,official,2026-08-03,research-2026-08-03-sh,partial,Die offizielle Stadtseite nennt die jährliche Auswahlfrist und fordert aktuell zur Bewerbung auf; konkrete Markttermine sind dort bislang nur für 2026 ausgewiesen.
naumburger-herbstfest-2027-schausteller,Naumburger Herbstfest 2027,Volksfest / Schaustellerfest,Naumburg (Saale),Sachsen-Anhalt,DE,Naumburg (Saale),2027-03-31,31.03.2027,Festzeitraum um den 03.10.2027 gemäß § 18 der Marktordnung,Schriftlicher Antrag auf Zuweisung eines Standplatzes,,"Stadt Naumburg (Saale), Marktverwaltung",ordnungsamt@naumburg-stadt.de,+49 3445 273-340,https://www.naumburg.de/de/1597%2C1164/103945%2C1164%2Cde%2C1.html,naumburg.de,official,2026-08-03,research-2026-08-03-sn-st-th,partial,Amtliche Marktordnung § 18; Teilnahme ist auf Schausteller mit gültigem Reisegewerbe beschränkt. Kontaktdaten im August 2026 aus der offiziellen Quelle ergaenzt.
naumburger-peter-pauls-messe-2027-naumburg,Naumburger Peter-Pauls-Messe 2027,Historische Handwerkermesse,Naumburg (Saale),Sachsen-Anhalt,DE,Innenstadt Naumburg (Saale),2027-03-31,31.03.2027,Letzter Sonntag im Juni 2027 im Rahmen des Hussiten-Kirschfestes,Schriftlich bei der Stadt Naumburg (Saale),,"Stadt Naumburg (Saale), Marktverwaltung",ordnungsamt@naumburg-stadt.de,+49 3445 273-340,https://www.naumburg.de/de/1597%2C1164/103945%2C1164%2Cde%2C1.html,naumburg.de,official,2026-08-03,research-2026-08-03-sn-st-th,partial,"Amtliche Marktordnung § 15; zugelassen sind historisches Handwerk, Gastronomie, Winzer, Vereine und nachrangig weitere passende Verkaufsstände. Kontaktdaten im August 2026 aus der offiziellen Quelle ergaenzt."
naumburger-weihnachtsmarkt-2027-naumburg,Naumburger Weihnachtsmarkt 2027,Weihnachtsmarkt,Naumburg (Saale),Sachsen-Anhalt,DE,Marktplatz,2027-03-31,31.03.2027 (laut Marktordnung bis 31. März des laufenden Jahres),Freitag vor dem 1. Advent bis zum 4. Advent 2027,Schriftliche Bewerbung bei der Stadt Naumburg (Saale),,Marktverwaltung der Stadt Naumburg (Saale),ordnungsamt@naumburg-stadt.de,+49 3445 273-340,https://www.naumburg.de/de/1597%2C1164/103945%2C1164%2Cde%2C1.html,naumburg.de,official,2026-08-03,research-2026-08-03-sn-st-th,partial,Die städtische Marktordnung bestätigt die jährlich geltende Frist und den wiederkehrenden Veranstaltungszeitraum. Direkte Kontaktdaten stehen auf der geprüften Regelungsseite nicht bei der Frist. Kontaktdaten im August 2026 aus der offiziellen Quelle ergaenzt.
weimarer-zwiebelmarkt-2027-weimar,Weimarer Zwiebelmarkt 2027,Volksfest / Spezialmarkt,Weimar,Thüringen,DE,Weimarer Innenstadt und Rollplatz,2027-03-31,31.03.2027 (31. März des jeweiligen Jahres),zweites Oktober-Wochenende 2027,Bewerbung mit relevanten Angaben und Bewerbungsfoto,"Stadtverwaltung Weimar, Postfach 2014, 99401 Weimar","A. Heßler, Marktmeisterin",maerkte@stadtweimar.de,03643 762-482,https://stadt.weimar.de/de/haendlerinformationen-zwiebelmarkt.html,stadt.weimar.de,official,2026-08-03,research-2026-08-03-sn-st-th,partial,"Die offizielle Händlerseite definiert die Frist dauerhaft als 31. März des jeweiligen Jahres; ein kalendarisch genauer Veranstaltungstermin für 2027 ist dort noch nicht genannt. | Aeltestes und groesstes Volksfest Thueringens. Die Entscheidung über die Zulassung faellt in der Regel zur Jahresmitte nach den Kriterien der Zwiebelmarktsatzung. Kontakt nur über das Kontaktformular der Stadt, weitere Rufnummern -485 und -483."
alt-rothenburger-reiterlesmarkt-2027-rothenburg-ob-der-tauber,Alt-Rothenburger Reiterlesmarkt 2027,Weihnachtsmarkt,Rothenburg ob der Tauber,Bayern,DE,"Marktplatz, Grüner Markt, Kirchplatz und Lichthof am Rathaus",2027-04-01,Bewerbungsstichtag für den Reiterlesmarkt 2027 ist der 01.04.2027.,Traditionell ab Freitag vor dem 1. Advent bis 23. Dezember; Termin 2027 nicht ausdrücklich veröffentlicht (2026: 20.11.-23.12.).,Bewerbung beim Amt für Messen und Märkte; Gestaltungs- und Vergaberichtlinien der Stadt beachten.,"Amt für Messen und Märkte, Grüner Markt 1, 91541 Rothenburg ob der Tauber",Amt für Messen und Märkte,messen-maerkte@rothenburg.de,09861 404-230,https://stadt.rothenburg.de/wohnort/sport-und-freizeit/messen-und-maerkte,stadt.rothenburg.de,official,2026-09-19,named-by-2026-09,partial,Frist wörtlich von der Stadtseite (Abruf 2026-09-19). Vergabe- und Gestaltungsrichtlinien nicht geöffnet; Zusatzdaten fehlen.
paderborner-weihnachtsmarkt-2027,Paderborner Weihnachtsmarkt 2027,Weihnachtsmarkt,Paderborn,Nordrhein-Westfalen,DE,Innenstadt Paderborn,2027-04-01,"Bewerbungen voraussichtlich ab Anfang Januar 2027 möglich, Fristende am 1. April 2027 (voraussichtlich)",Weihnachtsmarkt 2027 (Termin nicht auf der Seite genannt),Online-Bewerbungsformular der Stadt; maßgeblich ist der Eingang der Bewerbung in der Verwaltung,"Stadt Paderborn, Am Abdinghof 11, 33098 Paderborn",Sandra Hinz / Matthias Amediek,s.hinz@paderborn.de,05251 8811387,https://www.paderborn.de/microsite/maerkte/weihnachtsmarkt/index_163771_194493_206269_241841_277346_297707_316536.php,paderborn.de,official,2026-09-19,named-nrw-2026-09,partial,"Städtische Seite nennt für 2027 voraussichtlich Bewerbungsstart Anfang Januar 2027 und Fristende 01.04.2027; als voraussichtlich gekennzeichnet, nicht bestätigt. Verfahren 2026 abgeschlossen. Veranstaltungstermin 2027 nicht genannt. Zweiter Ansprechpartner: m.amediek@paderborn.de, 05251 8812090."
rothenburger-reiterlesmarkt-2027-rothenburg-ob-der-tauber,Rothenburger Reiterlesmarkt 2027,Weihnachtsmarkt,Rothenburg ob der Tauber,Bayern,DE,"Marktplatz, Grüner Markt, Kirchplatz und Lichthof am Rathaus",2027-04-01,Bewerbungsstichtag für den Reiterlesmarkt 2027 ist der 01.04.2027.,Reiterlesmarkt 2027; genauer Veranstaltungszeitraum noch nicht eindeutig veröffentlicht,Bewerbung beim Amt für Messen und Märkte unter Beachtung der veröffentlichten Gestaltungs- und Vergaberichtlinien.,"Amt für Messen und Märkte, Grüner Markt 1, 91541 Rothenburg ob der Tauber",Amt für Messen und Märkte,messen-maerkte@rothenburg.de,+49 9861 404-230,https://stadt.rothenburg.de/wohnort/sport-und-freizeit/messen-und-maerkte,stadt.rothenburg.de,official,2026-08-03,by-2027-deep-rb-mittelfranken,partial,"Die Stadtseite fordert ausdrücklich zur Bewerbung für 2027 auf und nennt den Stichtag. Die auf derselben Seite angezeigten Marktdaten wurden nicht als 2027-Zeitraum übernommen, weil die Jahreszuordnung nicht eindeutig ist."
oettinger-maimarkt-2027-oettingen,Oettinger Maimarkt 2027,Maimarkt / Jahrmarkt,Oettingen i.Bay.,Bayern,DE,Oettingen i.Bay.,2027-04-08,Anmeldeschluss: 08.04.2027,02.05.2027,Offiziellen Anmeldebogen per E-Mail oder Post bei der Stadt Oettingen i.Bay. einreichen,"Stadt Oettingen i.Bay., Schloßstraße 36, 86732 Oettingen i.Bay.","Hauptamt, Frau Schramm / Marktmeisterin",vorzimmer@oettingen.de,09082 709-19,https://www.oettingen.de/fileadmin/stadt_oettingen/Dateien/Veranstaltungen/Maerkte/Anmeldebogen_Marktfieranten_2027.pdf,oettingen.de,official,2026-08-03,by-2027-deep-rb-schwaben,verified,"Der offizielle, veranstaltungsspezifische Anmeldebogen 2027 nennt Markttermin und Anmeldeschluss für Fieranten."
ilmenauer-altstadtfest-2027-ilmenau,Ilmenauer Altstadtfest 2027,Altstadtfest / Stadtfest,Ilmenau,Thüringen,DE,Ilmenauer Altstadt,2027-04-18,Bewerbungsfrist ist der 18. April 2027; eine endgueltige Zu- oder Absage erfolgt bis zum 9. Mai 2027.,4. bis 6. Juni 2027,Schriftliche Bewerbung per E-Mail an kultur@ilmenau.de mit Angaben zum Angebot und Bildern.,"Stadtverwaltung Ilmenau, Amt für Stadtmarketing, Kultur und Freizeit, Ilmenau","Amt für Stadtmarketing, Kultur und Freizeit",kultur@ilmenau.de,03677 600-307,https://www.ilmenau.de/de/freizeit/feste-und-maerkte/altstadtfest/,ilmenau.de,official,2026-08-03,de-2026-08-breitensuche-03,verified,"Gesucht werden Händler, Versorger und Kunsthandwerker mit attraktiven Produkten. Die Stadt nennt zusaetzlich zur Bewerbungsfrist ein verbindliches Datum für die Rueckmeldung. | Die Stadt sucht Händler, Versorger und Kunsthandwerker für die Stellflächen des Altstadtfestes."
augsburger-christkindlesmarkt-2027-augsburg,Augsburger Christkindlesmarkt 2027,Weihnachtsmarkt,Augsburg,Bayern,DE,Rathausplatz Augsburg,2027-04-30,"Bewerbungsfrist ist der 30. April des laufenden Jahres, für den Christkindlesmarkt 2027 also der 30.04.2027.",Advent 2027; die genauen Termine sind im Bewerbungsportal nicht ausgewiesen.,"Online-Formular, persoenlich oder postalisch beim Marktamt.","Stadt Augsburg, Marktamt, Rathausplatz 1, 86150 Augsburg",Marktamt der Stadt Augsburg,augsburg@augsburg.de,0821 324-0,https://www.augsburg.de/buergerservice-rathaus/buergerservice/dienste-a-z/aemterweise/leistungen-marktamt/informationen-fuer-beschicker-und-schausteller,augsburg.de,official,2026-08-03,de-2026-08-breitensuche-01,partial,Einer der bekanntesten Weihnachtsmärkte Deutschlands. Feste Jahresfrist des Augsburger Marktamts.
eurocheval-2027-offenburg,eurocheval 2027,Messe,Offenburg,Baden-Württemberg,DE,Messe Offenburg-Ortenau,2027-04-30,"Anmeldeschluss 30.04.2027; Frühbucherrabatt bis 01.09.2026, zusätzlicher Rabatt bis 31.12.2026",22.07.-25.07.2027,Offizielles Anmeldeformular / Registration PDF 2027,"Messe Offenburg-Ortenau GmbH, Schutterwälder Straße 3, 77656 Offenburg",Lisa Stoll,lstoll@messe-offenburg.de,+49 781 9226-246,https://www.eurocheval.de/sites/eurocheval.de/files/media_document/2026-05/eurocheval27_anmeldung_registration_0.pdf,eurocheval.de,official,2026-08-03,bw-2027-deep-rb-freiburg,verified,Die offizielle PDF-Anmeldung 2027 nennt den regulären Anmeldeschluss 30.04.2027 sowie offene Frühbucher-/Rabattzeiträume ab dem Recherchestand.
fuerther-weihnachtsmarkt-2027-fuerth,Fürther Weihnachtsmarkt 2027,Weihnachtsmarkt,Fürth,Bayern,DE,Fürther Freiheit,2027-04-30,Bewerbungsschluss Weihnachtsmarkt: 30.4.,Weihnachtsmarkt 2027; genauer Veranstaltungszeitraum noch nicht veröffentlicht,"Ausschließlich mit dem offiziellen Bewerbungsformular schriftlich beim Marktamt; für jedes Geschäft gesondert, E-Mail und Fax sind ausgeschlossen.","Stadt Fürth, Marktamt, Bahnhofplatz 9, 90762 Fürth",Marktamt der Stadt Fürth,,+49 911 974-1277,https://service-on.fuerth.de/form/alias/fuerth/bewerbung-kirchweih-maerkte/,service-on.fuerth.de,official,2026-08-03,by-2027-deep-rb-mittelfranken,partial,Das offizielle Formular verlangt das Bewerbungsjahr und nennt den festen Bewerbungsschluss für den Weihnachtsmarkt. Der konkrete Veranstaltungstermin 2027 war noch nicht veröffentlicht; Daten des Weihnachtsmarkts 2026 wurden nicht übertragen.
langener-weihnachtsmarkt-2027-langen,Langener Weihnachtsmarkt 2027,Weihnachtsmarkt,Langen,Hessen,DE,Innenstadt Langen (Hessen),2027-04-30,Dauerregel laut Veranstalterseite: 'Bewerbungen werden bis zum 30. April des entsprechenden Jahres entgegen genommen.',,Bewerbung per E-Mail an den Verkehrs- und Verschoenerungsverein,,Verkehrs- und Verschoenerungsverein 1877 Langen e.V.,weihnachtsmarkt@vvv-langen.de,,https://vvv-langen.de/feste/langener-weihnachtsmarkt/,vvv-langen.de,official,2026-09-12,he-rheinmain-2026-09,partial,"Nicht-staedtischer Veranstalter (VVV Langen e.V.) nennt eine woertliche Dauerregel. Frist fuer 2026 (30.04.2026, Markt 27.-29.11. und 04.-06.12.2026) bereits verstrichen; Datum fuer 2027 abgeleitet. Postanschrift des Vereins nicht auffindbar, daher leer gelassen."
leipziger-markttage-2027-leipzig,Leipziger Markttage und Weinfest 2027,Spezialmarkt / Weinfest,Leipzig,Sachsen,DE,Leipziger Innenstadt,2027-04-30,"Die Stadt Leipzig nennt fuer Weihnachtsmarkt, Weinfest und Markttage einheitlich den 30. April des Veranstaltungsjahres, fuer 2027 also den 30.04.2027.",2027; die genauen Termine sind noch nicht veroeffentlicht.,Bewerbungsformular des Marktamts ueber das Serviceportal der Stadt Leipzig; Ausschreibung jeweils zu Jahresbeginn im Amtsblatt.,"Stadt Leipzig, Marktamt OE 72, Leipzig",Marktamt der Stadt Leipzig,,,https://www.leipzig.de/kultur-und-freizeit/einkaufen-und-ausgehen/maerkte,leipzig.de,official,2026-08-04,de-2026-08-regelfristen-01,partial,Die Einzelausschreibungen je Spezialmarkt erscheinen zu Jahresbeginn im Leipziger Amtsblatt.
leipziger-weihnachtsmarkt-2027-leipzig,Leipziger Weihnachtsmarkt 2027,Weihnachtsmarkt,Leipzig,Sachsen,DE,Marktplatz und Leipziger Innenstadt,2027-04-30,"Die Stadt Leipzig setzt den Bewerbungsschluss jeweils auf den 30. April des Veranstaltungsjahres, fuer 2027 also auf den 30.04.2027.",Advent 2027; der genaue Termin ist noch nicht veroeffentlicht.,Bewerbungsformular des Marktamts ueber das Serviceportal der Stadt Leipzig. Die Ausschreibung wird jeweils zu Jahresbeginn im Leipziger Amtsblatt bekannt gemacht.,"Stadt Leipzig, Marktamt OE 72, Leipzig",Marktamt der Stadt Leipzig,,,https://www.leipzig.de/kultur-und-freizeit/einkaufen-und-ausgehen/maerkte,leipzig.de,official,2026-08-04,de-2026-08-regelfristen-01,partial,Einer der groessten Weihnachtsmaerkte Deutschlands mit rund 300 Haendlern. Dieselbe Frist gilt laut Stadt auch fuer Weinfest und Markttage.
naumburger-weindoerfchen-2027-naumburg,Naumburger Weindörfchen zum Kirschfest 2027,Weinfest / Stadtfest,Naumburg (Saale),Sachsen-Anhalt,DE,Holzmarkt,2027-04-30,30.04.2027,Freitag bis Sonntag des Hussiten-Kirschfestes 2027,Schriftlich bei der Stadt Naumburg (Saale),,"Stadt Naumburg (Saale), Marktverwaltung",ordnungsamt@naumburg-stadt.de,+49 3445 273-340,https://www.naumburg.de/de/1597%2C1164/103945%2C1164%2Cde%2C1.html,naumburg.de,official,2026-08-03,research-2026-08-03-sn-st-th,partial,Amtliche Marktordnung § 17 verweist für das Weindörfchen auf die Bewerbungsregeln des Weinfestes in § 16. Kontaktdaten im August 2026 aus der offiziellen Quelle ergaenzt.
naumburger-weinfest-2027-naumburg,Naumburger Weinfest 2027,Weinfest,Naumburg (Saale),Sachsen-Anhalt,DE,Holzmarkt,2027-04-30,30.04.2027,"Letztes Wochenende im August 2027, Freitag bis Sonntag",Schriftlich bei der Stadt Naumburg (Saale),,"Stadt Naumburg (Saale), Marktverwaltung",ordnungsamt@naumburg-stadt.de,+49 3445 273-340,https://www.naumburg.de/de/1597%2C1164/103945%2C1164%2Cde%2C1.html,naumburg.de,official,2026-08-03,research-2026-08-03-sn-st-th,partial,"Amtliche Marktordnung § 16; zugelassen sind Winzer, Weinhändler und Imbissanbieter. Kontaktdaten im August 2026 aus der offiziellen Quelle ergaenzt."
showtech-2027-aussteller-berlin,SHOWTECH 2027 - Ausstellende,Internationale Fachmesse und Kongress für Theater- und Veranstaltungstechnik,Berlin,Berlin,DE,Arena Berlin,2027-04-30,Anmeldeschluss: 30. April 2027,01.06.-03.06.2027,Standbuchung über den offiziellen Ausstellerbereich beziehungsweise den Veranstalter,"Arena Berlin, Eichenstraße 4, 12435 Berlin",DTHG Service GmbH / SHOWTECH,info@showtech.dthg.de,+49 221 67058 464,https://showtech.berlin/wp-content/uploads/exhibit_downloads/DTHG_SHOWTECH2027_DE_Teilnahmebedingungen.pdf,showtech.berlin,official,2026-08-03,berlin-2027-deep-messen,verified,"Die offiziellen Teilnahmebedingungen 2027 nennen Veranstaltungszeitraum, Veranstaltungsort und Anmeldeschluss."
weimarer-weihnacht-2027,Weimarer Weihnacht 2027,Weihnachtsmarkt,Weimar,Thüringen,DE,"Theaterplatz, Marktplatz, Frauenplan, Schillerstraße, Herderplatz",2027-04-30,"Bewerbungen frühestmöglich, spätestens bis zum 30. April (Jahresangabe fehlt; hier für 2027 abgeleitet)",Ende November 2027 bis Anfang Januar 2028 (Termin 2027 noch nicht veröffentlicht),Online über Standplatzgenehmigung (Thavel) bzw. E-Mail an den Bereich Märkte mit Bewerbungsfoto,"Stadtverwaltung Weimar, Bereich Märkte, Markt 1, 99423 Weimar",Marktmeisterin A. Heßler / Sachbearbeiterinnen Märkte,maerkte@stadtweimar.de,03643 762-482 / -483 / -485,https://stadt.weimar.de/de/haendlerinformationen-weihnachtsmarkt.html,stadt.weimar.de,official,2026-09-19,named-ost-2026-09,partial,"Abgeleitet (Dauerregel): Die Seite nennt 'spätestens bis zum 30. April' ohne Jahr; für den Jahrgang 2027 als 30.04.2027 angesetzt. Ausschreibung 2027 noch nicht veröffentlicht, Termine 2027 unbekannt."
magdeburger-weihnachtsmarkt-2027-magdeburg,Magdeburger Weihnachtsmarkt 2027,Weihnachtsmarkt,Magdeburg,Sachsen-Anhalt,DE,Alter Markt Magdeburg,2027-05-08,"Die Ausschreibung setzt den Bewerbungsschluss jeweils auf den 8. Mai, 12 Uhr, fuer 2027 also auf den 08.05.2027. Verspaetete Einreichungen werden nicht berücksichtigt.",Advent 2027; der genaue Termin ist noch nicht veroeffentlicht.,Schriftliche Bewerbung an die Gesellschaft zur Durchfuehrung der Magdeburger Weihnachtsmaerkte mbH.,"Gesellschaft zur Durchfuehrung der Magdeburger Weihnachtsmaerkte mbH, Breiter Weg 22, 39104 Magdeburg",Gesellschaft zur Durchfuehrung der Magdeburger Weihnachtsmaerkte mbH,,,https://www.weihnachtsmarkt-magdeburg.de/ausschreibung,weihnachtsmarkt-magdeburg.de,official,2026-08-04,de-2026-08-regelfristen-01,partial,Gesucht wird ein ausgewogener Branchenmix mit Schwerpunkt Kunsthandwerk und Einzelhandel. Fristdatum aus dem Jahrgang 2026 abgeleitet.
itzehoer-herbstmarkt-2027-itzehoe,Itzehoer Herbstmarkt 2027,Jahrmarkt / Volksfest,Itzehoe,Schleswig-Holstein,DE,Malzmüllerwiesen,2027-05-15,Interesse an einem Standplatz für den Herbstmarkt ist bis zum 15. Mai des Jahres zu bekunden,"Herbst 2027; Donnerstag bis Montag, genauer Termin noch nicht veröffentlicht",Schriftliche Interessenbekundung bei der Ordnungsabteilung oder einer einheitlichen Stelle,"Stadt Itzehoe, Reichenstraße 23, 25524 Itzehoe",Ordnungsabteilung der Stadt Itzehoe,,,https://www.itzehoe.de/fileadmin/Stadt_Itzehoe/Dateien/Amtliche_Bekanntmachungen/2022/Bekanntmachung_Nr._32_Satzung_fuer_Maerkte_der_Stadt_Itzehoe_2022.pdf,itzehoe.de,official,2026-08-03,research-2026-08-03-de-gap,partial,"Die städtische Satzung bestätigt Veranstaltungsform, Ort und Frist; der genaue Termin 2027 ist noch nicht veröffentlicht."
nufam-2027-rheinstetten,NUFAM 2027,Nutzfahrzeug-Fachmesse,Rheinstetten,Baden-Württemberg,DE,Messe Karlsruhe,2027-05-21,Anmeldeschluss: 21. Mai 2027,22. bis 25. September 2027,Aussteller- beziehungsweise Standanmeldung beim Veranstalter,"Karlsruher Messe- und Kongress GmbH, Postfach 1208, 76002 Karlsruhe",NUFAM-Projektteam,info@messe-karlsruhe.de,+49 721 3720 0,https://www.nufam.de/messe-files/downloads/nufam_2027_besondereteilnahmebedingungen.pdf,nufam.de,official,2026-08-03,bw-2027-deep-rb-karlsruhe,verified,Die offiziellen besonderen Teilnahmebedingungen bestätigen Termin und Anmeldeschluss.
bamberger-weihnachtsmarkt-2027-bamberg,Bamberger Weihnachtsmarkt 2027,Weihnachtsmarkt,Bamberg,Bayern,DE,Maximiliansplatz und Grüner Markt,2027-05-31,Verbindlicher Bewerbungszeitraum: 01.03. bis 31.05. des Veranstaltungsjahres; für 2027: 01.03.-31.05.2027.,23.11.-23.12.2027,Schriftlicher Antrag auf Zulassung/Standzuweisung beim Ordnungsamt - Marktwesen,"Stadt Bamberg, Ordnungsamt - Marktwesen, Luitpoldstraße 51, 96052 Bamberg","Ordnungsamt - Marktwesen, Nico Arnold / Thomas Eck",,0951 87-1263 oder 0951 87-1293,https://www.stadt.bamberg.de/media/custom/329_63_1.PDF?1748342512=,stadt.bamberg.de,official,2026-08-03,by-2027-deep-rb-oberfranken,verified,Aktuelle Marktsatzung; Terminregel Dienstag vor dem ersten Advent bis 23. Dezember ergibt den Zeitraum 2027.
bayreuther-christkindlesmarkt-2027-bayreuth,Bayreuther Christkindlesmarkt 2027,Weihnachtsmarkt,Bayreuth,Bayern,DE,Innenstadt Bayreuth,2027-05-31,Bewerbungsschluss ist der 31. Mai des jeweiligen Jahres; für 2027 der 31.05.2027.,22.11.-23.12.2027,"Persönlich, per Post, Fax oder E-Mail mit unterschriebenem Scan","Stadt Bayreuth, Amt für öffentliche Ordnung, Brand- und Katastrophenschutz, Luitpoldplatz 13, 95444 Bayreuth","Amt für öffentliche Ordnung, Brand- und Katastrophenschutz",ordnungsamt@stadt.bayreuth.de,,https://formular-server.de/BT_FS/findform?areashortname=bayreuth&formtecid=2&shortname=Maerkte_Orte-Termine,formular-server.de,official,2026-08-03,by-2027-deep-rb-oberfranken,verified,"Amtliches, von der Stadt Bayreuth verlinktes Merkblatt; Veranstaltungsdatum folgt aus Montag vor dem ersten Advent bis 23. Dezember."
osnabruecker-historischer-weihnachtsmarkt-2027,Historischer Weihnachtsmarkt Osnabrück 2027,Weihnachtsmarkt,Osnabrück,Niedersachsen,DE,,2027-05-31,Bewerbungsfrist jeweils 31. Mai des Veranstaltungsjahres,2026: 23.11. bis 22.12.2026; 2027 nicht geprüft,Online-Bewerbung über das Portal city-events.marketingosnabrueck.de,"Marketing Osnabrück, Schlosswall 1-9, 49074 Osnabrück","Katharina Brüger, Projektleitung City Events, Marketing Osnabrück",,0541 323-3585,https://www.marketingosnabrueck.de/events/historischer-weihnachtsmarkt/,marketingosnabrueck.de,official,2026-09-19,named-nord-2026-09,partial,"Dauerregel (31. Mai des Veranstaltungsjahres); Datum 2027-05-31 für Weihnachtsmarkt 2027 abgeleitet, da die Frist 2026 abgelaufen ist. Veranstalter Marketing Osnabrück GmbH (städtisch)."
nordhaeuser-weihnachtsmarkt-2027-nordhausen,Nordhäuser Weihnachtsmarkt 2027,Weihnachtsmarkt,Nordhausen,Thüringen,DE,Rathausplatz und Innenstadt Nordhausen,2027-05-31,31.05.2027,"Ab Freitag vor dem 1. Advent 2027, längstens bis 31.12.2027",Schriftlich oder elektronisch über die Einheitliche Stelle beziehungsweise bei der Stadtverwaltung Nordhausen,"Stadt Nordhausen, Amt für Bildung und Kultur, Markt 15, 99734 Nordhausen",Amt für Bildung und Kultur,kulturplanung@nordhausen.de,03631 6969 158,https://www.nordhausen.de/_daten/mm_objekte/2019/04/16219_0423_23759950.pdf,nordhausen.de,official,2026-08-03,research-2026-08-03-sn-st-th,partial,Die amtliche Nordhäuser Marktsatzung nennt die jährlich geltende Frist 31. Mai. Eine veranstaltungsbezogene Ausschreibung wird regelmäßig vor dem Markt veröffentlicht.
rastatter-weihnachtsmarkt-2027-rastatt,Rastatter Weihnachtsmarkt 2027,Weihnachtsmarkt,Rastatt,Baden-Württemberg,DE,Rastatter Innenstadt,2027-05-31,"Die Marktsatzung nennt als allgemeine Frist den 31. Mai des Veranstaltungsjahres, fuer 2027 also den 31.05.2027.",Advent 2027; der genaue Termin ist noch nicht veroeffentlicht.,Bewerbung ueber die Stadt Rastatt nach den Vorgaben der Marktsatzung.,"Stadt Rastatt, Rastatt",Stadt Rastatt,,,https://www.rastatt.de/kultur-und-freizeit/freizeit-und-einkaufen/maerkte-und-events/weihnachtsmarkt-2026,rastatt.de,official,2026-08-04,de-2026-08-regelfristen-01,partial,"Frist stammt aus der staedtischen Satzung, nicht aus einer Einzelausschreibung fuer 2027. Der Markt 2026 lief vom 19.11. bis 23.12."
lautrer-weihnachtsmarkt-2027-kaiserslautern,Lautrer Weihnachtsmarkt 2027,Weihnachtsmarkt,Kaiserslautern,Rheinland-Pfalz,DE,Kaiserslautern,2027-06-01,01.06.2027 (offizielle Bewerbungsfrist für den Weihnachtsmarkt),2027; genauer Termin noch nicht veröffentlicht,Bewerbung bei der Marktverwaltung mit Bewerbungsunterlagen,"Marktverwaltung, Benzinoring 1, 67657 Kaiserslautern",Marktverwaltung Stadt Kaiserslautern,marktverwaltung@kaiserslautern.de,0631 365-2787 / 0631 365-4378,https://www.kaiserslautern.de/serviceportal/dl/032384/index.html.de,kaiserslautern.de,official,2026-08-03,research-2026-08-03-rp-sl,partial,Die offizielle Marktwesen-Seite nennt den 1. Juni als Bewerbungsfrist für den Weihnachtsmarkt; Termin und Ausschreibung 2027 sind dort noch nicht veröffentlicht.
bad-salzufler-weihnachtstraum-2027-kunsthandwerk-bad-salzuflen,Bad Salzufler Weihnachtstraum 2027 - Kunsthandwerk und Verkauf,Weihnachtsmarkt / Kunsthandwerk,Bad Salzuflen,Nordrhein-Westfalen,DE,Historische Altstadt Bad Salzuflen,2027-06-30,"Der Veranstalter setzt den Bewerbungsschluss fuer Kunsthandwerk und Verkauf jeweils auf den 30.06. des Veranstaltungsjahres, fuer 2027 also auf den 30.06.2027.",Advent 2027; die Ausgabe 2026 laeuft vom 23. November bis 30. Dezember.,Bewerbung per E-Mail oder telefonisch bei der Werbegemeinschaft. Mietbuden werden drei Tage vor Veranstaltungsbeginn bereitgestellt.,"Werbegemeinschaft Bad Salzuflen e.V., Postfach 1729, 32069 Bad Salzuflen; Citybüro: Dammstr. 16, 32105 Bad Salzuflen","Michael Welslau, 1. Vorsitzender und Cheforganisator",info@werbegemeinschaft-bad-salzuflen.de,05222 4376,https://www.werbegemeinschaft-bad-salzuflen.de/aussteller-werden,werbegemeinschaft-bad-salzuflen.de,official,2026-08-04,de-2026-08-kleinstaedte-01,partial,Gesucht werden hochwertiges Kunsthandwerk und weihnachtliche Geschenkideen. Spaetere Frist als fuer Gastronomie. Fristdatum aus dem Jahrgang 2026 abgeleitet.
bremer-osterwiese-2028-bremen,Bremer Osterwiese 2028,Volksfest,Bremen,Bremen,DE,Bürgerweide Bremen,2027-06-30,"Die Bewerbungsfrist endet jeweils am 30. Juni des Vorjahres, fuer die Osterwiese 2028 also am 30.06.2027.",Fruehjahr 2028; der genaue Termin ist noch nicht veroeffentlicht.,Online ueber marktbewerbung-bremen.de oder per Post. Bewerbungen per E-Mail werden ausdruecklich nicht berücksichtigt; verspaetete Bewerbungen nehmen auch nicht an der Restplatzvergabe teil.,"Die Senatorin fuer Wirtschaft, Haefen und Transformation, Referat 5.04 Marktangelegenheiten, Katharinenklosterhof 3, 28195 Bremen",Referat 5.04 Marktangelegenheiten,marktangelegenheiten@wht.bremen.de,0421 361-2385,https://www.service.bremen.de/dienstleistungen/osterwiese-standplatz-beantragen-11205,service.bremen.de,official,2026-08-04,de-2026-08-regelfristen-01,partial,"Die Frist ist als Dauerregel im Serviceportal ausgewiesen. Die Osterwiese 2027 ist bereits vergeben, die Frist dafuer endete am 30.06.2026."
cms-berlin-2027,CMS Berlin 2027,Fachmesse / Großveranstaltung,Berlin,Berlin,DE,"Berlin ExpoCenter City, Messedamm 22",2027-06-30,Registration deadline: 30 June 2027.,21.09.-24.09.2027,Online-Standanmeldung über das offizielle Ausstellerportal der CMS Berlin.,"Messe Berlin GmbH, Messedamm 22, 14055 Berlin",CMS Berlin Team,cms@messe-berlin.de,+49 30 3038 2035,https://www.cms-berlin.de/de/f%C3%BCr-aussteller/standanmeldung,cms-berlin.de,official,2026-08-03,berlin-2027-deep-feste,verified,Die offiziellen besonderen Teilnahmebedingungen der Messe Berlin nennen Veranstaltungstermin und finalen Anmeldeschluss; die Fruehbucherfrist ist davon getrennt.
weihnachtsmarkt-2027-delmenhorst,Delmenhorster Weihnachtsmarkt 2027,Weihnachtsmarkt,Delmenhorst,Niedersachsen,DE,Delmenhorster Innenstadt,2027-06-30,Antraege sind bis zum 30.06. desselben Jahres schriftlich zu stellen.,Adventszeit 2027; genauer Veranstaltungstermin noch nicht auf der offiziellen Quelle ausgewiesen,Schriftlicher Antrag auf Zulassung gemäß Marktordnung,"Stadt Delmenhorst, Gewerbeservice - Marktverwaltung, Rathausplatz 1, 27749 Delmenhorst",Gewerbeservice - Marktverwaltung der Stadt Delmenhorst,,,https://www.delmenhorst.de/medien/bindata/aktuelles/amtsblatt-2023/Amtsblatt_Stadt-Delmenhorst_2023-Ausgabe-Nr.27.pdf,delmenhorst.de,official,2026-08-03,research-2026-08-03-ni-hb-hh,partial,Die aktuell veröffentlichte Marktordnung bestätigt die jährliche Frist; der konkrete Markttermin 2027 fehlt auf der Quelle.
hildesheimer-weihnachtsmarkt-2027-hildesheim,Hildesheimer Weihnachtsmarkt 2027,Weihnachtsmarkt,Hildesheim,Niedersachsen,DE,Historischer Marktplatz und Platz An der Lilie,2027-06-30,"Die Bewerbungsfrist endet jeweils am 30. Juni des Veranstaltungsjahres, fuer 2027 also am 30.06.2027.",Advent 2027; der genaue Termin ist noch nicht veroeffentlicht.,Online-Bewerbungsformular der Hildesheim Marketing GmbH.,"Hildesheim Marketing GmbH, Hildesheim",Tourist-Information Hildesheim,,05121 1798-0,https://www.hildesheim-tourismus.de/bewerbung-weihnachtsmarkt,hildesheim-tourismus.de,official,2026-08-04,de-2026-08-regelfristen-01,partial,Rund 60 Staende. Gesondert ausgeschrieben werden gemeinnuetzige Projekte und kreatives Kunsthandwerk. Fristdatum aus den Jahrgaengen 2025 und 2026 abgeleitet.
karlsruher-kunsthandwerkerhuette-2027-karlsruhe,Karlsruher Christkindlesmarkt 2027 - Kunsthandwerkerhütte,Weihnachtsmarkt / Kunsthandwerk,Karlsruhe,Baden-Württemberg,DE,Stephanplatz und Marktplatz Karlsruhe,2027-06-30,"Das Marktamt setzt den Bewerbungsschluss fuer die Kunsthandwerkerhütte jeweils auf den 30. Juni des Veranstaltungsjahres, fuer 2027 also auf den 30.06.2027.",Advent 2027; der genaue Termin ist noch nicht veroeffentlicht.,Formulargestützte Bewerbung beim Marktamt der Stadt Karlsruhe.,"Stadt Karlsruhe, Marktamt, Am Grossmarkt 10, 76137 Karlsruhe","Esther Hauska, Sekretariat Marktamt",,0721 133-7201,https://www.karlsruhe.de/kultur-freizeit/maerkte/bewerbungsverfahren,karlsruhe.de,official,2026-08-04,de-2026-08-regelfristen-01,partial,"Das Marktamt betreut daneben Wochenmaerkte, zwei Volksfeste auf dem Messplatz, Kerwe Hagsfeld und Muehlburg sowie das Weinfest am Saumarkt Durlach. Fristdatum aus dem Jahrgang 2026 abgeleitet."
strassenmusik-kraemermarkt-tauberbischofsheim-2027,Straßenmusik live & Krämermarkt Tauberbischofsheim 2027,Krämermarkt / Stadtveranstaltung,Tauberbischofsheim,Baden-Württemberg,DE,Tauberbischofsheim,2027-07-05,Mindestens sechs Wochen vor Veranstaltungsbeginn; für den Termin 16.08.2027 spätestens 05.07.2027,16.08.2027,Offizielles Bewerbungsformular für einen Verkaufsstand per Post oder E-Mail,"Stadtverwaltung Tauberbischofsheim, Ordnungsamt, Marktplatz 8, 97941 Tauberbischofsheim",Ordnungsamt Stadt Tauberbischofsheim,Ordnungsamt@tauberbischofsheim.de,,https://www.tauberbischofsheim.de/start/wirtschaft%2B_%2Binfrastruktur/maerkte.html,tauberbischofsheim.de,official,2026-08-03,bw-2027-deep-rb-stuttgart,partial,Die Stadt bestätigt den Termin 2027 und verlinkt das offizielle Bewerbungsformular. Das Formular verlangt die Einreichung mindestens sechs Wochen vor Veranstaltungsbeginn; das ISO-Datum ist die daraus berechnete späteste Einreichung und keine Fortschreibung aus Vorjahresdaten.
bamberger-herbstmarkt-2027-bamberg,Bamberger Herbstmarkt 2027,Jahrmarkt,Bamberg,Bayern,DE,Maximiliansplatz,2027-07-14,Verbindlicher Bewerbungszeitraum: 15.05. bis 14.07. des Veranstaltungsjahres; für 2027: 15.05.-14.07.2027.,16.10.-30.10.2027,Schriftlicher Antrag auf Zulassung/Standzuweisung beim Ordnungsamt - Marktwesen,"Stadt Bamberg, Ordnungsamt - Marktwesen, Luitpoldstraße 51, 96052 Bamberg","Ordnungsamt - Marktwesen, Nico Arnold / Thomas Eck",,0951 87-1263 oder 0951 87-1293,https://www.stadt.bamberg.de/media/custom/329_63_1.PDF?1748342512=,stadt.bamberg.de,official,2026-08-03,by-2027-deep-rb-oberfranken,verified,Aktuelle Marktsatzung; der Markt beginnt am Samstag zwischen 10. und 16. Oktober und dauert 15 Tage.
augsburger-fruehjahrsplaerrer-2028-augsburg,Augsburger Frühjahrsplärrer 2028,Volksfest,Augsburg,Bayern,DE,Plärrergelände Augsburg,2027-07-15,"Das Marktamt setzt den Bewerbungsschluss jeweils auf den 15. Juli des Vorjahres, fuer den Frühjahrsplärrer 2028 also auf den 15.07.2027.",Fruehjahr 2028; der genaue Termin ist noch nicht veroeffentlicht.,Online-Formular oder postalische Bewerbung beim Marktamt. Zugelassen sind ausschliesslich Schaustellergeschäfte.,"Stadt Augsburg, Marktamt, Rathausplatz 1, 86150 Augsburg",Marktamt der Stadt Augsburg,marktamt.stadt@augsburg.de,0821 324-3905,https://www.augsburg.de/buergerservice-rathaus/buergerservice/dienste-a-z/aemterweise/leistungen-marktamt/informationen-fuer-beschicker-und-schausteller,augsburg.de,official,2026-08-04,de-2026-08-regelfristen-01,partial,"Schwabens groesstes Volksfest. Die Frist fuer 2027 (15.07.2026) ist bereits verstrichen, daher ist der Jahrgang 2028 der naechste offene. Eine zweite staedtische Seite deutet fuer den Herbstplärrer eine abweichende Frist an; im Zweifel beim Marktamt klaeren."
augsburger-herbstplaerrer-2028-augsburg,Augsburger Herbstplärrer 2028,Volksfest,Augsburg,Bayern,DE,Plärrergelände Augsburg,2027-07-15,"Das Marktamt setzt den Bewerbungsschluss jeweils auf den 15. Juli des Vorjahres, fuer den Herbstplärrer 2028 also auf den 15.07.2027.",Spaetsommer 2028; der genaue Termin ist noch nicht veroeffentlicht.,Online-Formular oder postalische Bewerbung beim Marktamt. Zugelassen sind ausschliesslich Schaustellergeschäfte.,"Stadt Augsburg, Marktamt, Rathausplatz 1, 86150 Augsburg",Marktamt der Stadt Augsburg,marktamt.stadt@augsburg.de,0821 324-3905,https://www.augsburg.de/buergerservice-rathaus/buergerservice/dienste-a-z/aemterweise/leistungen-marktamt/informationen-fuer-beschicker-und-schausteller,augsburg.de,official,2026-08-04,de-2026-08-regelfristen-01,partial,Zweiter Plärrer-Termin im Jahr. Datenkonflikt beachten: eine zweite staedtische Seite deutet fuer den Herbstplärrer eine Frist im November an.
wuerzburger-rochusfest-2027-wuerzburg,Würzburger Rochusfest 2027,Kirchweih / Stadtteilfest mit möglichem Jahrmarkt,Würzburg,Bayern,DE,Pleichachtalhalle im Stadtbezirk Versbach,2027-07-23,Die Marktsatzung bestimmt vier Wochen vor Veranstaltungsbeginn als Bewerbungsfrist; für den Beginn am 20.08.2027 somit der 23.07.2027.,20.08.-23.08.2027,Schriftlicher Antrag auf Zulassung bei der Stadt Würzburg,"Stadt Würzburg, Rückermainstraße 2, 97070 Würzburg",Fachabteilung Ordnungsaufgaben - Marktwesen,info@stadt.wuerzburg.de,0931 37-2695 oder 0931 37-2692,https://www.wuerzburg.de/events-termine/volksfeste/gruenermarkt-spezialitaetenmarkt/maerkte,wuerzburg.de,official,2026-08-03,by-2027-deep-rb-unterfranken,verified,"Die Satzung legt den Beginn abhängig vom Rochustag, vier Tage Dauer und die Vier-Wochen-Frist fest; dem Fest kann ein Jahrmarkt angegliedert werden. Quelllink im August 2026 aktualisiert, die zuvor hinterlegte Seite war nicht mehr erreichbar."
wuerzburger-zwiebelkirchweih-2027-wuerzburg,Würzburger Zwiebelkirchweih 2027,Kirchweih / Spezialmarkt,Würzburg,Bayern,DE,Semmelstraße,2027-07-27,Die Marktsatzung bestimmt vier Wochen vor der Veranstaltung als Bewerbungsfrist; für den 24.08.2027 somit der 27.07.2027.,24.08.2027,Schriftlicher Antrag auf Zulassung bei der Stadt Würzburg,"Stadt Würzburg, Rückermainstraße 2, 97070 Würzburg",Fachabteilung Ordnungsaufgaben - Marktwesen,info@stadt.wuerzburg.de,0931 37-2695 oder 0931 37-2692,https://www.wuerzburg.de/events-termine/volksfeste/gruenermarkt-spezialitaetenmarkt/maerkte,wuerzburg.de,official,2026-08-03,by-2027-deep-rb-unterfranken,verified,"Die Satzung legt den 24. August, das Angebot von Speisen und Getränken, schriftliche Bewerbung und die Vier-Wochen-Frist verbindlich fest. Quelllink im August 2026 aktualisiert, die zuvor hinterlegte Seite war nicht mehr erreichbar."
delitzscher-adventsmarkt-2027-delitzsch,Delitzscher Adventsmarkt 2027,Weihnachtsmarkt / Adventsmarkt,Delitzsch,Sachsen,DE,,2027-07-31,Dauerregel laut Stadtseite: 'bis zum 31. Juli des jeweiligen Jahres',,Schriftliche Bewerbung,"Stadtverwaltung Delitzsch, Wirtschaftsfoerderung, Markt 3, 04509 Delitzsch","Christian Maurer, Wirtschaftsfoerderung Delitzsch",wirtschaftsfoerderung@delitzsch.de,034202 67-108,https://www.delitzsch.de/portal/seiten/delitzscher-adventsmarkt-900000095-27640.html,delitzsch.de,official,2026-09-12,sn-gesamt-2026-09,partial,"Stadtseite nennt eine Dauerregel ('bis zum 31. Juli des jeweiligen Jahres') statt eines Einzeldatums. Frist fuer 2026 (31.07.2026, Markt fand 04.-06.12.2026 statt) ist bereits verstrichen; Datum fuer den naechsten offenen Jahrgang 2027 abgeleitet. Veranstaltungstermin 2027 auf der Stadtseite noch nicht veroeffentlicht."
luebecker-herbstmarkt-2027,Lübecker Herbstmarkt 2027,Jahrmarkt,Lübeck,Schleswig-Holstein,DE,,2027-07-31,Antrag bis 31. Juli des Veranstaltungsjahres (Satzung),,Schriftlicher Antrag an die Marktverwaltung der Hansestadt Lübeck,,,,,https://www.luebeck.de/file/7_3_volksfest-_und_jahrmarktsatzung_fuer_die_hansestadt_luebeck.pdf,luebeck.de,official,2026-09-19,named-nord-2026-09,partial,"Abgeleitet aus Dauerregel in § 4 Abs. 1 der Volksfest- und Jahrmarktsatzung Lübeck (Fassung vom 07.12.1998): Anträge müssen der Marktverwaltung bis zum 31. Juli des jeweiligen Veranstaltungsjahres zugehen. Datum für Jahrgang 2027 abgeleitet, nicht als aktuelle Ausschreibung bestätigt; Veranstaltungstermine und Kontakt nicht geprüft, Satzungsstand evtl. veraltet."
luebecker-weihnachtsmarkt-2027-satzung,Lübecker Weihnachtsmarkt 2027 (Standplatzanträge nach Satzung),Weihnachtsmarkt,Lübeck,Schleswig-Holstein,DE,,2027-07-31,Antrag bis 31. Juli des Veranstaltungsjahres (Satzung),,Schriftlicher Antrag an die Marktverwaltung der Hansestadt Lübeck,,,,,https://www.luebeck.de/file/7_3_volksfest-_und_jahrmarktsatzung_fuer_die_hansestadt_luebeck.pdf,luebeck.de,official,2026-09-19,named-nord-2026-09,partial,"Abgeleitet aus Dauerregel in § 4 Abs. 1 der Volksfest- und Jahrmarktsatzung Lübeck (Fassung vom 07.12.1998): Anträge müssen der Marktverwaltung bis zum 31. Juli des jeweiligen Veranstaltungsjahres zugehen. Datum für Jahrgang 2027 abgeleitet, nicht als aktuelle Ausschreibung bestätigt; Veranstaltungstermine und Kontakt nicht geprüft, Satzungsstand evtl. veraltet."
oberurseler-weihnachtsmarkt-2027-oberursel,Oberurseler Weihnachtsmarkt 2027,Weihnachtsmarkt,Oberursel,Hessen,DE,"Marktplatz, Strackgasse, Vorstadt, Rathausplatz, Kumeliusstraße, Epinayplatz (Innenstadt)",2027-07-31,Dauerregel laut Stadtseite: Bewerbungsfrist jeweils zum 31. Juli des Jahres,,Schriftliche Bewerbung mit Formular an die Wirtschaftsfoerderung,"Stadt Oberursel (Taunus), Wirtschaftsfoerderung, Rathausplatz 1, 61440 Oberursel (Taunus)",Wirtschaftsfoerderung Stadt Oberursel,wirtschaftsfoerderung@oberursel.de,06171 502-250,https://www.oberursel.de/de/erleben-entdecken/veranstaltungen/weihnachtsmarkt/,oberursel.de,official,2026-09-12,he-rheinmain-2026-09,partial,"Dauerregel laut Suchmaschinen-Snippet der Stadtseite ('Bewerbungsfrist ... 31. Juli eines jeden Jahres'). Frist fuer 2026 (31.07.2026, Markt 26.-29.11.2026) bereits verstrichen; Datum fuer den naechsten offenen Jahrgang 2027 abgeleitet. Direkter Seitenabruf schlug wegen TLS-Zertifikatsfehler fehl (oberursel.de), Angabe stammt aus Suchmaschinen-Snippet derselben offiziellen Seite. Veranstaltungstermin 2027 noch nicht veroeffentlicht."
neumuenster-weihnachtsmarkt-2027-neumuenster,Neumünsteraner Weihnachtsmarkt 2027,Weihnachtsmarkt,Neumünster,Schleswig-Holstein,DE,Neumünster,2027-08-01,Standplätze für den Weihnachtsmarkt sind bis zum 1. August des Veranstaltungsjahres zu beantragen,Veranstaltungsjahr 2027; genauer Termin noch nicht veröffentlicht,Schriftlicher Antrag bei der Stadt Neumünster,"Stadt Neumünster, Großflecken 59, 24534 Neumünster",Marktmeister der Stadt Neumünster,,04321 942-2490,https://www.neumuenster.de/fileadmin/neumuenster.de/media/verwaltung_und_politik/Bekanntmachungen/Ortsrecht/2_sicherheit_und_ordnung/2.3.1_marktsatzung.pdf,neumuenster.de,official,2026-08-03,research-2026-08-03-de-gap,partial,Die geltende städtische Marktsatzung bestätigt die veranstaltungsjahresbezogene Frist; der genaue Termin 2027 ist noch nicht veröffentlicht.
bayreuther-martinimarkt-2027-bayreuth,Bayreuther Martinimarkt 2027,Jahrmarkt,Bayreuth,Bayern,DE,Fußgängerzone/Stadtparkett und untere Maximilianstraße,2027-08-04,Jahrmärkte: drei Monate vor Marktbeginn; für den Beginn am 04.11.2027 somit 04.08.2027.,04.11.-07.11.2027,"Persönlich, per Post, Fax oder E-Mail mit unterschriebenem Scan","Stadt Bayreuth, Amt für öffentliche Ordnung, Brand- und Katastrophenschutz, Luitpoldplatz 13, 95444 Bayreuth","Amt für öffentliche Ordnung, Brand- und Katastrophenschutz",ordnungsamt@stadt.bayreuth.de,,https://formular-server.de/BT_FS/findform?areashortname=bayreuth&formtecid=2&shortname=Maerkte_Orte-Termine,formular-server.de,official,2026-08-03,by-2027-deep-rb-oberfranken,verified,"Amtliches, von der Stadt Bayreuth verlinktes Merkblatt; 2027-Daten aus der verbindlichen Regel Donnerstag vor dem ersten Novembersamstag bis Sonntag."
wuerzburger-kuenstlerweihnachtsmarkt-2027-wuerzburg,Würzburger Künstlerweihnachtsmarkt 2027,Kunsthandwerkermarkt / Weihnachtsmarkt,Würzburg,Bayern,DE,Rathausinnenhof mit Efeuhof,2027-08-30,Bewerbungsschluss ist nach der städtischen Marktsatzung der 30. August des Veranstaltungsjahres; für 2027 somit der 30.08.2027.,"27.11.-28.11., 04.12.-05.12., 11.12.-12.12. und 18.12.-19.12.2027",Schriftlicher Antrag auf Zulassung bei der Stadt Würzburg,"Stadt Würzburg, Rückermainstraße 2, 97070 Würzburg",Fachabteilung Ordnungsaufgaben - Marktwesen,info@stadt.wuerzburg.de,0931 37-2695 oder 0931 37-2692,https://www.wuerzburg.de/events-termine/volksfeste/gruenermarkt-spezialitaetenmarkt/maerkte,wuerzburg.de,official,2026-08-03,by-2027-deep-rb-unterfranken,verified,"Die Satzung bestimmt die vier Adventswochenenden, kunsthandwerkliche Geschenkartikel, schriftliche Bewerbung und den jährlichen Stichtag verbindlich. Quelllink im August 2026 aktualisiert, die zuvor hinterlegte Seite war nicht mehr erreichbar."
bad-nauheimer-christkindlmarkt-2027,Bad Nauheimer Christkindlmarkt 2027,Weihnachtsmarkt,Bad Nauheim,Hessen,DE,Gelände im Stadtgebiet Bad Nauheim,2027-08-31,Dauerregel: Bewerbungen sind jeweils vom 1. Januar bis zum 31. August des Veranstaltungsjahres einzureichen,Freitag bis Sonntag am 3. Adventswochenende 2027,Schriftlich bei der Stadt Bad Nauheim,,,,,https://www.bad-nauheim.de/frontend/0_dokumente/4_buergernah/politik/stadtrecht/kultur/5-70%20Christkindlmarkt%20-%20Teilnahmebedingungen.pdf,bad-nauheim.de,official,2026-09-19,named-bwhe-2026-09,partial,"ABGELEITET: Nr. 6 der städtischen Teilnahmebedingungen (PDF, per Textextraktion gelesen) nennt das Fenster 1.1.-31.8. des jeweiligen Veranstaltungsjahres; Datum 31.08.2027 ist die Anwendung der Dauerregel auf 2027, nicht als konkrete Ausschreibung 2027 bestätigt. Die Frist für 2026 (31.08.2026) ist abgelaufen. Ansprechpartner nicht genannt; Stadt Bad Nauheim."
weihnachtsmarkt-2027-muelheim-an-der-ruhr,Weihnachtsmarkt Mülheim an der Ruhr 2027,Weihnachtsmarkt,Mülheim an der Ruhr,Nordrhein-Westfalen,DE,,2027-08-31,Dauerregel laut Stadtseite: 'Eine Bewerbung ist möglich ab dem Oster-Kreativ-Markt bis zum 31. August.',,Schriftliche Bewerbung an den Kulturbetrieb,"Kulturbetrieb Mülheim an der Ruhr, Viktoriastr. 20-22, 45468 Mülheim an der Ruhr","Silke Steinen, Kulturbetrieb Mülheim an der Ruhr",Silke.Steinen@muelheim-ruhr.de,0208 4554121,https://kultur.muelheim-ruhr.de/bewerbung/399,kultur.muelheim-ruhr.de,official,2026-09-12,nrw-ruhr-west-2026-09,partial,Dauerregel woertlich auf der Stadtseite zitiert (Bewerbungsfenster jaehrlich vom Oster-Kreativ-Markt bis 31. August). Frist fuer 2026 (31.08.2026) bereits verstrichen; Datum fuer 2027 abgeleitet. Veranstaltungstermin und genauer Veranstaltungsort 2027 auf der Seite nicht genannt.
martini-messe-tauberbischofsheim-2027,Martini-Messe Tauberbischofsheim 2027,Messe / Krämermarkt,Tauberbischofsheim,Baden-Württemberg,DE,Tauberbischofsheim,2027-09-03,Mindestens sechs Wochen vor Veranstaltungsbeginn; für den Beginn am 15.10.2027 spätestens 03.09.2027,15.10.-18.10.2027,Offizielles Bewerbungsformular für einen Verkaufsstand per Post oder E-Mail,"Stadtverwaltung Tauberbischofsheim, Ordnungsamt, Marktplatz 8, 97941 Tauberbischofsheim",Ordnungsamt Stadt Tauberbischofsheim,Ordnungsamt@tauberbischofsheim.de,,https://www.tauberbischofsheim.de/start/wirtschaft%2B_%2Binfrastruktur/maerkte.html,tauberbischofsheim.de,official,2026-08-03,bw-2027-deep-rb-stuttgart,partial,Die Stadt bestätigt den Termin 2027 und verlinkt das offizielle Bewerbungsformular. Das Formular verlangt die Einreichung mindestens sechs Wochen vor Veranstaltungsbeginn; das ISO-Datum ist die daraus berechnete späteste Einreichung und keine Fortschreibung aus Vorjahresdaten.
bayreuther-weihnachtsbaummarkt-2027-bayreuth,Bayreuther Weihnachtsbaummarkt 2027,Weihnachtsbaummarkt,Bayreuth,Bayern,DE,Städtische Weihnachtsbaummarktflächen in Bayreuth,2027-09-11,Weihnachtsbaummarkt: drei Monate vor Marktbeginn; für den Beginn am 11.12.2027 somit 11.09.2027.,11.12.-24.12.2027,"Persönlich, per Post, Fax oder E-Mail mit unterschriebenem Scan","Stadt Bayreuth, Amt für öffentliche Ordnung, Brand- und Katastrophenschutz, Luitpoldplatz 13, 95444 Bayreuth","Amt für öffentliche Ordnung, Brand- und Katastrophenschutz",ordnungsamt@stadt.bayreuth.de,,https://formular-server.de/BT_FS/findform?areashortname=bayreuth&formtecid=2&shortname=Maerkte_Orte-Termine,formular-server.de,official,2026-08-03,by-2027-deep-rb-oberfranken,verified,"Amtliches, von der Stadt Bayreuth verlinktes Merkblatt; Termin folgt aus zweitem Samstag vor Heiligabend bis 24. Dezember."
bamberger-christbaummarkt-2027-bamberg,Bamberger Christbaummarkt 2027,Weihnachtsbaummarkt,Bamberg,Bayern,DE,"Maximiliansplatz oder Heumarkt sowie Heinrich-Weber-Platz, Laurenziplatz und Seehofstraße vor der Kunigundenschule",2027-09-14,Verbindlicher Bewerbungszeitraum: 15.07. bis 14.09. des Veranstaltungsjahres; für 2027: 15.07.-14.09.2027.,15.12.-24.12.2027,Schriftlicher Antrag auf Zulassung/Standzuweisung beim Ordnungsamt - Marktwesen,"Stadt Bamberg, Ordnungsamt - Marktwesen, Luitpoldstraße 51, 96052 Bamberg","Ordnungsamt - Marktwesen, Nico Arnold / Thomas Eck",,0951 87-1263 oder 0951 87-1293,https://www.stadt.bamberg.de/media/custom/329_63_1.PDF?1748342512=,stadt.bamberg.de,official,2026-08-03,by-2027-deep-rb-oberfranken,verified,"Termin, Flächen und Bewerbungsfenster sind in der aktuellen Marktsatzung festgelegt."
bamberger-allerheiligen-blumenmarkt-2027-bamberg,Bamberger Allerheiligen-Blumenmarkt 2027,Spezialmarkt,Bamberg,Bayern,DE,Vor dem Friedhof an Siechenstraße/Gundelsheimer Straße,2027-09-30,Bewerbungsschluss ist der 30.09. des Veranstaltungsjahres; für 2027: 30.09.2027.,30.10.-01.11.2027,Schriftlicher Antrag auf Zulassung/Standzuweisung beim Ordnungsamt - Marktwesen,"Stadt Bamberg, Ordnungsamt - Marktwesen, Luitpoldstraße 51, 96052 Bamberg","Ordnungsamt - Marktwesen, Nico Arnold / Thomas Eck",,0951 87-1263 oder 0951 87-1293,https://www.stadt.bamberg.de/media/custom/329_63_1.PDF?1748342512=,stadt.bamberg.de,official,2026-08-03,by-2027-deep-rb-oberfranken,verified,Termin und Frist sind in der aktuellen Marktsatzung der Stadt Bamberg kalendertäglich festgelegt.
wuerzburger-allerheiligenmarkt-2027-wuerzburg,Würzburger Allerheiligenmarkt 2027,Spezialmarkt,Würzburg,Bayern,DE,Vor den Friedhöfen im Stadtgebiet,2027-10-02,Die Marktsatzung bestimmt vier Wochen vor Veranstaltungsbeginn als Bewerbungsfrist; für den Beginn am 30.10.2027 somit der 02.10.2027.,30.10.-02.11.2027,Schriftlicher Antrag auf Zulassung bei der Stadt Würzburg,"Stadt Würzburg, Rückermainstraße 2, 97070 Würzburg",Fachabteilung Ordnungsaufgaben - Marktwesen,info@stadt.wuerzburg.de,0931 37-2695 oder 0931 37-2692,https://www.wuerzburg.de/events-termine/volksfeste/gruenermarkt-spezialitaetenmarkt/maerkte,wuerzburg.de,official,2026-08-03,by-2027-deep-rb-unterfranken,verified,"Die Satzung legt Zeitraum, Sortiment aus Blumen, Gebinden, Tannenreisig und Wachswaren sowie die Vier-Wochen-Frist verbindlich fest. Quelllink im August 2026 aktualisiert, die zuvor hinterlegte Seite war nicht mehr erreichbar."
oettinger-herbstmarkt-2027-oettingen,Oettinger Herbstmarkt 2027,Herbstmarkt / Jahrmarkt,Oettingen i.Bay.,Bayern,DE,Oettingen i.Bay.,2027-10-07,Anmeldeschluss: 07.10.2027,31.10.2027,Offiziellen Anmeldebogen per E-Mail oder Post bei der Stadt Oettingen i.Bay. einreichen,"Stadt Oettingen i.Bay., Schloßstraße 36, 86732 Oettingen i.Bay.","Hauptamt, Frau Schramm / Marktmeisterin",vorzimmer@oettingen.de,09082 709-19,https://www.oettingen.de/fileadmin/stadt_oettingen/Dateien/Veranstaltungen/Maerkte/Anmeldebogen_Marktfieranten_2027.pdf,oettingen.de,official,2026-08-03,by-2027-deep-rb-schwaben,verified,"Der offizielle, veranstaltungsspezifische Anmeldebogen 2027 nennt Markttermin und Anmeldeschluss für Fieranten."
weihnachtsmarkt-2027-quakenbrueck,Weihnachtsmarkt Quakenbrück 2027,Weihnachtsmarkt,Quakenbrück,Niedersachsen,DE,Marktplatz und teilweise Theisstraße,2027-10-31,Antraege müssen bis spätestens 31.10. des jeweiligen Jahres eingegangen sein.,Samstag vor dem zweiten Advent bis zum darauffolgenden Sonntag 2027,Antrag auf Zulassung bei der Stadt Quakenbrück; eigener Stand oder Buchung einer staedtischen Weihnachtsmarkthuette,,Stadt Quakenbrück,,,https://www.landkreis-osnabrueck.de/system/files?file=2026-05%2Fnr-9.pdf,landkreis-osnabrueck.de,official,2026-08-03,research-2026-08-03-ni-hb-hh,partial,"Die am 15.05.2026 veröffentlichte Marktverordnung bestätigt Frist, Ort und jährliche Terminregel."
wuerzburger-christbaummarkt-2027-wuerzburg,Würzburger Christbaummarkt 2027,Weihnachtsbaummarkt,Würzburg,Bayern,DE,Balthasar-Neumann-Promenade,2027-11-13,"Die Marktsatzung bestimmt vier Wochen vor Veranstaltungsbeginn als Bewerbungsfrist; wegen des Sonntagsbeginns am 12.12. startet der Markt 2027 am 11.12., somit endet die Frist am 13.11.2027.",11.12.-24.12.2027,Schriftlicher Antrag auf Zulassung bei der Stadt Würzburg,"Stadt Würzburg, Rückermainstraße 2, 97070 Würzburg",Fachabteilung Ordnungsaufgaben - Marktwesen,info@stadt.wuerzburg.de,0931 37-2695 oder 0931 37-2692,https://www.wuerzburg.de/events-termine/volksfeste/gruenermarkt-spezialitaetenmarkt/maerkte,wuerzburg.de,official,2026-08-03,by-2027-deep-rb-unterfranken,verified,"Die Satzung legt Zeitraum, Sortiment aus natürlichen Weihnachtsbäumen, Zweigen und Tannenzapfen sowie die Vier-Wochen-Frist verbindlich fest. Quelllink im August 2026 aktualisiert, die zuvor hinterlegte Seite war nicht mehr erreichbar."
oldenburg-kramermarkt-2028-oldenburg,421. Oldenburger Kramermarkt 2028,Kramermarkt / Volksfest,Oldenburg,Niedersachsen,DE,Kramermarktsgelände an den Weser-Ems-Hallen,2027-11-30,Bewerbungsschluss: 30. November 2027.,29.09.-08.10.2028,"Online, per E-Mail oder auf dem Postweg","Stadt Oldenburg, Marktverwaltung, Pferdemarkt 14, 26121 Oldenburg",Marktverwaltung Stadt Oldenburg,Marktverwaltung@stadt-oldenburg.de,0441 235-4444,https://www.oldenburg.de/startseite/kultur/veranstaltungen/veranstaltungshoehepunkte/kramermarkt/informationen-zur-bewerbung.html,oldenburg.de,official,2026-08-03,research-2026-08-03-ni-hb-hh,verified,Die offizielle Seite nennt Termin und Bewerbungsschluss ausdruecklich.
kaltenkirchener-jahrmarkt-2028-kaltenkirchen,Kaltenkirchener Jahrmarkt 2028,Jahrmarkt / Volksfest,Kaltenkirchen,Schleswig-Holstein,DE,Festplatz Norderstraße,2027-12-31,Bewerbungen für den Jahrmarkt sind bis zum 31.12. eines jeden Jahres einzureichen; für 2028 ist dies der 31.12.2027.,Erstes Wochenende im September 2028,Schriftliche Bewerbung mit offiziellem Bewerbungsformular,"Stadt Kaltenkirchen - Der Bürgermeister, Holstenstraße 14, 24568 Kaltenkirchen",Frau Wolff,l.wolff@kaltenkirchen.de,04191 939326,https://www.kaltenkirchen.de/de/wirtschaft-verkehr/jahrmarkt.php,kaltenkirchen.de,official,2026-08-03,research-2026-08-03-sh,partial,Die offizielle Stadtseite nennt die jährliche Frist und den regelmaessigen Zeitraum; konkrete Tagesdaten für 2028 sind noch nicht veröffentlicht.
dommarkt-2028-schleswig,Dommarkt Schleswig 2028,Jahrmarkt / Volksfest,Schleswig,Schleswig-Holstein,DE,Stadtfeld,2028-01-31,Für Standplätze ist bis zum 31. Januar jeden Jahres das Interesse zu bekunden; für 2028 ist dies der 31.01.2028.,Beginn nach Marktsatzung am Freitag vor dem 1. Mai 2028; Dauer vier Tage,Schriftliche Interessenbekundung beim Ordnungsamt - Marktwesen oder über eine einheitliche Stelle,"Stadt Schleswig, Ordnungsamt - Marktwesen, Rathausmarkt 1, 24837 Schleswig",Ordnungsamt - Marktwesen der Stadt Schleswig,,,https://www.schleswig.de/verwaltung-politik/satzungen-ortsrecht-ksh-recht/details/rechtsnorm/marktsatzung-der-stadt-schleswig-268952695,schleswig.de,official,2026-08-03,research-2026-08-03-sh,partial,"Die offizielle Marktsatzung bestätigt Markt, Ort, jährliche Bewerbungsfrist und Terminregel; ein separat festgesetzter Termin für 2028 ist noch nicht genannt."
peermarkt-2028-schleswig,Peermarkt Schleswig 2028,Jahrmarkt / Volksfest,Schleswig,Schleswig-Holstein,DE,Stadtfeld,2028-01-31,Für Standplätze ist bis zum 31. Januar jeden Jahres das Interesse zu bekunden; für 2028 ist dies der 31.01.2028.,Beginn an einem Sonnabend Ende August/Anfang September 2028; Dauer bis zu neun Tage; genauer Termin wird festgesetzt,Schriftliche Interessenbekundung beim Ordnungsamt - Marktwesen oder über eine einheitliche Stelle,"Stadt Schleswig, Ordnungsamt - Marktwesen, Rathausmarkt 1, 24837 Schleswig",Ordnungsamt - Marktwesen der Stadt Schleswig,,,https://www.schleswig.de/verwaltung-politik/satzungen-ortsrecht-ksh-recht/details/rechtsnorm/marktsatzung-der-stadt-schleswig-268952695,schleswig.de,official,2026-08-03,research-2026-08-03-sh,partial,"Die offizielle Marktsatzung bestätigt Markt, Ort, jährliche Bewerbungsfrist und Terminregel; ein separat festgesetzter Termin für 2028 ist noch nicht genannt."
oldenburger-lamberti-markt-2028,Oldenburger Lamberti-Markt 2028,Weihnachtsmarkt,Oldenburg,Niedersachsen,DE,Oldenburger Innenstadt,2028-02-28,Bewerbungsschluss: 28. Februar 2028,28. November bis 22. Dezember 2028,"Online, per E-Mail oder auf dem Postweg","Stadt Oldenburg, Marktverwaltung, Pferdemarkt 14, 26121 Oldenburg",Marktverwaltung Stadt Oldenburg,Marktverwaltung@stadt-oldenburg.de,0441 235-4444,https://www.oldenburg.de/startseite/kultur/veranstaltungen/veranstaltungshoehepunkte/lamberti-markt/informationen-zur-bewerbung.html,oldenburg.de,official,2026-08-03,research-2026-08-03-gap-maerkte,verified,Die Stadt veröffentlicht Termin und Bewerbungsschluss ausdrücklich mehrere Jahre im Voraus.
oldenburg-kramermarkt-2029-oldenburg,422. Oldenburger Kramermarkt 2029,Kramermarkt / Volksfest,Oldenburg,Niedersachsen,DE,Kramermarktsgelände an den Weser-Ems-Hallen,2028-11-30,Bewerbungsschluss: 30. November 2028.,28.09.-07.10.2029,"Online, per E-Mail oder auf dem Postweg","Stadt Oldenburg, Marktverwaltung, Pferdemarkt 14, 26121 Oldenburg",Marktverwaltung Stadt Oldenburg,Marktverwaltung@stadt-oldenburg.de,0441 235-4444,https://www.oldenburg.de/startseite/kultur/veranstaltungen/veranstaltungshoehepunkte/kramermarkt/informationen-zur-bewerbung.html,oldenburg.de,official,2026-08-03,research-2026-08-03-ni-hb-hh,verified,Die offizielle Seite nennt Termin und Bewerbungsschluss ausdruecklich.
oldenburger-lamberti-markt-2029,Oldenburger Lamberti-Markt 2029,Weihnachtsmarkt,Oldenburg,Niedersachsen,DE,Oldenburger Innenstadt,2029-02-28,Bewerbungsschluss: 28. Februar 2029,27. November bis 22. Dezember 2029,"Online, per E-Mail oder auf dem Postweg","Stadt Oldenburg, Marktverwaltung, Pferdemarkt 14, 26121 Oldenburg",Marktverwaltung Stadt Oldenburg,Marktverwaltung@stadt-oldenburg.de,0441 235-4444,https://www.oldenburg.de/startseite/kultur/veranstaltungen/veranstaltungshoehepunkte/lamberti-markt/informationen-zur-bewerbung.html,oldenburg.de,official,2026-08-03,research-2026-08-03-gap-maerkte,verified,Die Stadt veröffentlicht Termin und Bewerbungsschluss ausdrücklich mehrere Jahre im Voraus.
148-baumbluetenfest-werder-havel-2027-werder-havel,148. Baumblütenfest Werder (Havel) 2027,Volksfest,Werder (Havel),Brandenburg,DE,,,"Frist noch nicht veröffentlicht (Ausschreibung 2027 voraussichtlich im Spätherbst 2026, über MS Events)",2027,,,,,,https://www.baumbluetenfest.de/bewerbungsstart-fuer-rummel-und-volksfest/,baumbluetenfest.de,official,2026-08-03,conv-review-01-2026-09,frist_offen,"Groesstes Volksfest Brandenburgs mit jaehrlich festem Bewerbungsverfahren ueber MS Events als Partner der Events Company Werder (Havel) mbH. Die Ausschreibung fuer 2027 wird erfahrungsgemaess erst im Spaetherbst 2026 veroeffentlicht; zum Pruefzeitpunkt liegt keine offizielle 2027-Frist vor. Vorjahresfristen wurden bewusst nicht uebertragen. Umwandlung aus review_candidate, Stand Zieldatum 2026-09-19."
27-apoldaer-lichterfest-2026-apolda,27. Apoldaer Lichterfest 2026,Fest,Apolda,Thüringen,DE,,,Frist noch nicht veröffentlicht,,,,,,,https://www.apolda.de/tourismus-kultur/veranstaltungen-kultur/maerkte-stadtfeste/lichterfest/antrag-zum-lichterfest-in-apolda,apolda.de,official,2026-09-16,conv-review-08-2026-09,frist_offen,"Termin 2026 bekannt (27.-29.11.2026), Online-Antragsformular mit Standgebührenstaffel (2,50-15,00 EUR je laufender Meter) vorhanden, aber keine Bewerbungsfrist genannt. Kontakt: Stadtverwaltung Apolda, Markt 1, 99510 Apolda, 03644 6500 / Tourist-Information 03644 650100. Umwandlung aus review_candidate, Stand Zieldatum 2026-09-19."
29-bothfelder-herbstmarkt-hannover-2026-hannover,"29. Bothfelder Herbstmarkt, Hannover 2026",Markt,Hannover,Niedersachsen,DE,,,Frist noch nicht veröffentlicht,,,,,,,https://bothfeld-und-mehr.de/events/bothfelder-herbstmarkt-2026/,bothfeld-und-mehr.de,official,2026-09-18,conv-review-07-2026-09,frist_offen,"Veranstaltung bestaetigt (19.-20.09.2026, Kurze-Kamp-Straße). Anmeldung über Gemeinschaft Bothfelder Kaufleute (GBK), Sutelstr. 53, 30659 Hannover, Tel. 0511/6477748, alternativ Eggers Eventservice GmbH (Bjoern Eggers), b.eggers@eggers-eventservice.de. Keine feste Bewerbungsfrist genannt, Anmeldung laufend moeglich; Veranstaltungsbeginn faellt mit dem Recherchedatum zusammen. Umwandlung aus review_candidate, Stand Zieldatum 2026-09-19."
3-berliner-wintertraum-2026-berlin,3. Berliner Wintertraum 2026,Fest,Berlin,Berlin,DE,,,Frist noch nicht veröffentlicht,,,,,,,https://www.berliner-wintertraum.de/kontakt,berliner-wintertraum.de,official,2026-09-18,conv-review-07-2026-09,frist_offen,"Gleicher Veranstalter wie Spandauer Winterland (Schaffeld & Spindler GbR), Kontakt anfragen@berliner-wintertraum.de. Kein Bewerbungsformular/Frist gefunden. Schaustellerverband Berlin e.V. (volksfest-berlin.de/bewerbungsportal, info@svbev.de) deckt dieses Event laut eigener Liste nicht ab. Umwandlung aus review_candidate, Stand Zieldatum 2026-09-19."
30-lausitzer-herbstmarkt-cottbus-2027-cottbus,30. Lausitzer Herbstmarkt Cottbus 2027,Herbstmarkt,Cottbus,Brandenburg,DE,Altmarkt und Oberkirchplatz,,Frist noch nicht veröffentlicht (Anmeldeformular für Händler beim Veranstalter COEX),2027,,"COEX Veranstaltungs GmbH & Co. KG, Madlower Hauptstr. 10, 03050 Cottbus",,coex-gmbh@t-online.de,0171 3762430,https://coex-gmbh.de/index.php/stadtfeste-und-maerkte-2026/,coex-gmbh.de,official,2026-08-03,conv-review-01-2026-09,frist_offen,"Offizielle Veranstalterseite listet den Lausitzer Herbstmarkt am Altmarkt und Oberkirchplatz mit Anmeldeformular fuer Haendler, nennt jedoch keine Bewerbungsfrist. Fuer 2027 ist noch keine Ausschreibung veroeffentlicht. Umwandlung aus review_candidate, Stand Zieldatum 2026-09-19."
33-stadt-und-hafenfest-wittenberge-2027-wittenberge,33. Stadt- und Hafenfest Wittenberge 2027,Stadtfest,Wittenberge,Brandenburg,DE,,,"Frist noch nicht veröffentlicht (feste jährliche Anmeldefrist (2026: 30.06., 2025: 14.06.))",2027,,,,,,https://www.stadt-hafenfest-wittenberge.de/aussteller/,stadt-hafenfest-wittenberge.de,official,2026-08-03,conv-review-01-2026-09,frist_offen,"Der Veranstalter arbeitet mit einer festen jaehrlichen Anmeldefrist (2026: 30. Juni; 2025: 14. Juni). Fuer die Ausgabe 2027, die mit der Landesgartenschau zusammenfaellt, ist zum Pruefzeitpunkt noch keine Frist veroeffentlicht. Umwandlung aus review_candidate, Stand Zieldatum 2026-09-19."
34-luckenwalder-turmfest-luckenwalde,34. Luckenwalder Turmfest,Stadtfest,Luckenwalde,Brandenburg,DE,,,"Frist noch nicht veröffentlicht (Anmeldeformular für Händler als PDF, ohne Anmeldeschluss)",,,"Trebbiner Straße 15, 14943 Luckenwalde",Valeria Pense,kultur@luckenwalde.de,03371 672-216,https://www.luckenwalde.de/Stadt/Entdecken-und-er-leben/Kultur/Turmfest/,luckenwalde.de,official,2026-08-03,conv-review-01-2026-09,frist_offen,"Offizielle Stadtseite stellt ein Anmeldeformular fuer Haendler als PDF bereit und nennt Kontakt (Valeria Pense, 03371 672-216, kultur@luckenwalde.de, Trebbiner Strasse 15, 14943 Luckenwalde). Weder Seite noch Formular enthalten einen Anmeldeschluss. Umwandlung aus review_candidate, Stand Zieldatum 2026-09-19."
34-stadtfest-cottbus-2027-cottbus,34. Stadtfest Cottbus 2027,Stadtfest,Cottbus,Brandenburg,DE,,,Frist noch nicht veröffentlicht (Anmeldeformular als PDF beim Veranstalter COEX),2027,,"COEX Veranstaltungs GmbH & Co. KG, Madlower Hauptstr. 10, 03050 Cottbus",,coex-gmbh@t-online.de,0171 3762430,https://coex-gmbh.de/index.php/stadtfeste-und-maerkte-2026/,coex-gmbh.de,official,2026-08-03,conv-review-01-2026-09,frist_offen,"Veranstalter COEX Veranstaltungs GmbH & Co. KG stellt fuer jede Veranstaltung Anmeldeformulare als PDF bereit und ist ueber Madlower Hauptstr. 10, 03050 Cottbus, 0171 3762430, coex-gmbh@t-online.de erreichbar. Weder Uebersichts- noch Kontaktseite nennen eine Anmeldefrist; fuer 2027 liegt noch keine Ausschreibung vor. Umwandlung aus review_candidate, Stand Zieldatum 2026-09-19."
34-35-stadtfest-grimma-grimma,34./35. Stadtfest Grimma,Stadtfest,Grimma,Sachsen,DE,,,Frist noch nicht veröffentlicht,,,,,,,https://www.grimma.de/portal/meldungen/35-stadtfest-grimma-jetzt-anmelden-fuer-vereinsmeile-und-buehnenprogramm-900000608-27290.html,grimma.de,official,2026-09-12,conv-review-08-2026-09,frist_offen,"Suchtreffer widersprechen sich bei Ausgabe/Jahr (34. vs. 35. Stadtfest, Frist 30.05.2026 einmal genannt); Anmeldung laeuft laut Stadtseite/Gewerbeverein Grimma, muss vor Ort geklaert werden. Umwandlung aus review_candidate, Stand Zieldatum 2026-09-19."
35-geraer-hohlerfest-2026-gera,35. Geraer Höhlerfest 2026,Fest,Gera,Thüringen,DE,,,Frist noch nicht veröffentlicht,,,,,,,https://www.gera.de/maerkte-und-feste/stadtfeste/hoehlerfest,gera.de,official,2026-09-18,conv-review-07-2026-09,frist_offen,"Veranstaltung bestaetigt (02.-04.10.2026, Innenstadt Gera). Zuständig fuer Markt-/Standanfragen laut Stadt Gera: Kulturamt, Steffen Kuehn, kuehn.steffen@gera.de, Tel. 0365 619-0, Schlossstraße 1, 07545 Gera. Keine Bewerbungsfrist auf der Seite genannt. Umwandlung aus review_candidate, Stand Zieldatum 2026-09-19."
367-martinimarkt-neuruppin-2026-neuruppin,367. Martinimarkt Neuruppin 2026,Markt,Neuruppin,Brandenburg,DE,,,"Nächste Ausschreibung noch nicht veröffentlicht, letzte Frist war 15.01.2026",,,,,,,https://stadtmarketing-neuruppin.de/schaustelleranmeldung/,stadtmarketing-neuruppin.de,official,2026-09-17,conv-review-08-2026-09,frist_offen,"Offizielle Seite von InKom Neuruppin GmbH nennt ausdrücklich: 'Die Bewerbungsfrist für den Martinimarkt 2026 ist am 15.01.2026 abgelaufen!' Frist liegt vor dem heutigen last_verified_at (2026-09-17). Umwandlung aus rejected_candidate, Stand Zieldatum 2026-09-19."
4-schlossweihnacht-schonfeld-2026-schonfeld,4. Schlossweihnacht Schönfeld 2026,Weihnachtsmarkt,Schönfeld,Sachsen,DE,,,Frist noch nicht veröffentlicht,,,,,,,https://www.schloss-schoenfeld.de/kontakt/,schloss-schoenfeld.de,official,2026-09-18,conv-review-07-2026-09,frist_offen,"Förderverein Schloss Schönfeld 1996 e.V. als Veranstalterkontakt bestätigt, info@schloss-schoenfeld.de. Veranstaltung 12.-13.12.2026; Händleranmeldung wird angeboten, aber ohne festen Bewerbungsschluss. Umwandlung aus review_candidate, Stand Zieldatum 2026-09-19."
40-freimarkt-in-49681-garrel-nds-street-food-festival-garrel,40. Freimarkt in 49681 Garrel (NDS) + Street Food Festival,Jahrmarkt,Garrel,Niedersachsen,DE,,,Frist noch nicht veröffentlicht,,,,,,,https://freimarkt-garrel.wixsite.com/home/aussteller,freimarkt-garrel.wixsite.com,official,2026-09-18,conv-review-07-2026-09,frist_offen,"Veranstalter Handels- und Gewerbeverein (HGV) Garrel e.V., Hauptstraße 50, 49681 Garrel bestaetigt (19.-20.09.2026). Anmeldungen laufend moeglich, aber keine feste Bewerbungsfrist genannt. Umwandlung aus review_candidate, Stand Zieldatum 2026-09-19."
593-dresdner-striezelmarkt-2027-dresden,593. Dresdner Striezelmarkt 2027,Markt,Dresden,Sachsen,DE,,,Frist noch nicht veröffentlicht,,,,,,,https://www.dresden.de/de/leben/sport-und-freizeit/maerkte/informationen-fuer-haendlerbewerbungen.php,dresden.de,official,2026-08-03,conv-review-08-2026-09,frist_offen,"Aeltester Weihnachtsmarkt Deutschlands mit stark formalisiertem Verfahren. Die Ausschreibung erfolgt jaehrlich Mitte/Ende Maerz bis Mitte April, Bewerbung über den Online-Antragsassistenten unter www.dresden.de/märkte oder per Post. Zuständig: Amt fuer Wirtschaftsfoerderung, Abt. Kommunale Märkte, Stefan Heilig, 0351 4888741, markt@dresden.de. Die 2027-Ausschreibung ist zum Pruefzeitpunkt noch nicht eroeffnet. Hohe Prioritaet fuer die Nachfasswelle im Maerz 2027. Umwandlung aus review_candidate, Stand Zieldatum 2026-09-19."
61-havelfest-brandenburg-an-der-havel-brandenburg-an-der-havel,61. Havelfest Brandenburg an der Havel,Volksfest,Brandenburg an der Havel,Brandenburg,DE,,,Frist noch nicht veröffentlicht (Veranstalter ShowService Brandenburg),,,"ShowService Brandenburg, Mötzower Landstr. 101c, 14776 Brandenburg an der Havel",,,,https://kulturbuero.stadt-brandenburg.de/kultur/stadtfeste/havelfest-1-1/havelfest,kulturbuero.stadt-brandenburg.de,official,2026-08-03,conv-review-01-2026-09,frist_offen,"Groesstes Volksfest der Havelstadt, organisiert von ShowService Brandenburg (Moetzower Landstr. 101c, 14776 Brandenburg an der Havel). Weder die staedtische Kulturbuero-Seite noch die Veranstalterseite nennen eine kalendarische Bewerbungsfrist fuer Haendler oder Schausteller. Umwandlung aus review_candidate, Stand Zieldatum 2026-09-19."
7-taeler-volksfest-dietfurt-2027-dietfurt-an-der-altmuehl,7-Täler-Volksfest Dietfurt 2027,Volksfest,Dietfurt an der Altmühl,Bayern,DE,,,Frist noch nicht veröffentlicht (keine öffentliche Bewerbungsfrist; mit Vergnügungspark),22.-26.07.2027,,,,,,https://www.dietfurt.de/veranstaltungen/7-taeler-volksfest_2027_vom_22-859351-12702943/,dietfurt.de,official,2026-08-03,conv-review-03-2026-09,frist_offen,"Offizielle Stadtseite bestätigt das Volksfest vom 22.-26.07.2027 mit Vergnügungspark, nennt aber keine öffentliche Bewerbungsfrist für Schausteller oder Beschicker. Umwandlung aus review_candidate, Stand Zieldatum 2026-09-19."
75-jahre-grosse-kirmes-in-hausen-wied-2026-hausen-wied,75 Jahre Große Kirmes in Hausen (Wied) 2026,Volksfest,Hausen (Wied),Rheinland-Pfalz,DE,,,Frist noch nicht veröffentlicht,,,,,,,https://kirmes-hausen.de,kirmes-hausen.de,official,2026-09-18,conv-review-07-2026-09,frist_offen,"Datumskorrektur noetig: tatsaechlicher Termin laut Vereinsseite 09.-12.10.2026 (nicht wie urspruenglich vermutet). Veranstalter Kirmesburschenverein Hausen e.V., Kontaktformular auf der Seite. Keine Bewerbungsfrist gefunden. Umwandlung aus review_candidate, Stand Zieldatum 2026-09-19."
78-grebensteiner-vieh-und-jahrmarkt-2027-grebenstein,78. Grebensteiner Vieh- und Jahrmarkt 2027,Jahrmarkt,Grebenstein,Hessen,DE,,,Frist noch nicht veröffentlicht,,,,,,,https://www.grebenstein.de/seite/645789/vieh-jahrmarkt.html,grebenstein.de,official,2026-09-18,conv-review-07-2026-09,frist_offen,"Offizielle Stadtseite Grebenstein bestaetigt Termin 09.-12.07.2027, Kontakt Manuel Schmidt (Platzmeister), Rathaus Markt 1, 34393 Grebenstein, Tel. 05674 705137. Ausschreibung fuer 2027 noch nicht veröffentlicht (aktuell nur 2026 online). Umwandlung aus review_candidate, Stand Zieldatum 2026-09-19."
93-siedlerfest-marienfelde-2027-berlin,93. Siedlerfest Marienfelde 2027,Stadtfest,Berlin,Berlin,DE,Marienfelde,,Frist noch nicht veröffentlicht (Termin 2027 nicht veröffentlicht),,,,,,,https://www.wollenschlaeger-berlin.de/mitmachen/,wollenschlaeger-berlin.de,official,2026-08-03,conv-review-01-2026-09,frist_offen,"Die offizielle Veranstalterseite fuehrt die 2027-Ausgabe und allgemeine Schaustellerbewerbungen auf, veroeffentlicht jedoch weder den 2027-Termin noch eine konkrete Bewerbungsfrist. Umwandlung aus review_candidate, Stand Zieldatum 2026-09-19."
adventsmarkt-hohen-neuendorf-2027-hohen-neuendorf,Adventsmarkt Hohen Neuendorf 2027,Weihnachtsmarkt,Hohen Neuendorf,Brandenburg,DE,,,Frist noch nicht veröffentlicht,,,,,,,https://hohen-neuendorf.de/de/node/12709,hohen-neuendorf.de,official,2026-08-03,conv-review-06-2026-09,frist_offen,"Die Stadt schreibt den Adventsmarkt jaehrlich mit fester Frist aus (2026: 11.09.2026, bereits als Eintrag erfasst). Fuer 2027 liegt noch keine offizielle Ausschreibung vor. Umwandlung aus review_candidate, Stand Zieldatum 2026-09-19."
adventsmarkt-norderstedt-2026-norderstedt,Adventsmarkt Norderstedt 2026,Weihnachtsmarkt,Norderstedt,Schleswig-Holstein,DE,,,Frist noch nicht veröffentlicht,,,,,,,https://advents-norderstedt.de/fuer-aussteller/,advents-norderstedt.de,official,2026-08-03,conv-review-07-2026-09,frist_offen,"Die offizielle Veranstalterseite stellt Unterlagen fuer Aussteller bereit, weist aber keinen konkreten Bewerbungsschluss aus. Umwandlung aus review_candidate, Stand Zieldatum 2026-09-19."
adventsmarkt-vechelde-2026-vechelde,Adventsmarkt Vechelde 2026,Weihnachtsmarkt,Vechelde,Niedersachsen,DE,,,Frist noch nicht veröffentlicht (Bewerbungsformular vorhanden),28.11.2026,,,,,,https://www.vechelde.de/portal/meldungen/bewerbung-um-einen-standplatz-adventsmarkt-2026-900001367-26590.html,vechelde.de,official,2026-09-18,conv-review-04-2026-09,frist_offen,"Nachfass 18.09.2026: Termin bestaetigt (28.11.2026, Rathausparkplatz), Bewerbungsformular vorhanden, weiterhin kein Fristdatum genannt. Umwandlung aus review_candidate, Stand Zieldatum 2026-09-19."
adventszauber-harztor-2026-harztor,Adventszauber Harztor 2026,Weihnachtsmarkt,Harztor,Thüringen,DE,,,Frist noch nicht veröffentlicht,,,,,,,https://harztor-erlebenswert.de/events/,harztor-erlebenswert.de,official,2026-09-18,conv-review-07-2026-09,frist_offen,"Tourismusbuero Harztor bestaetigt als Ansprechpartner (tourismus@harztor.de, Tel. 036331 462-77), Veranstaltung selbst zum Pruefzeitpunkt noch nicht im bis Oktober gepflegten Kalender gelistet. Umwandlung aus review_candidate, Stand Zieldatum 2026-09-19."
ahauser-kirmes-2026-ahaus,Ahauser Kirmes 2026,Volksfest,Ahaus,Nordrhein-Westfalen,DE,,,Frist noch nicht veröffentlicht,,,,,,,https://www.stadt-ahaus.de/de/aktuelles/meldungen/Kirmes-2024.php,stadt-ahaus.de,official,2026-09-16,conv-review-06-2026-09,frist_offen,"Termin 11.-14.09.2026 bekannt, Kirmesmeister Ralf Rohling fuer die Stadt Ahaus zuständig, aber keine Bewerbungsfrist oder direkte Kontaktseite mit Frist gefunden. Pressestelle der Stadt Ahaus, Rathausplatz 1, 48683 Ahaus, pressestelle@ahaus.de, Tel. 02561 72113. Umwandlung aus review_candidate, Stand Zieldatum 2026-09-19."
allerheiligenmarkt-sassenberg-2026-sassenberg,Allerheiligenmarkt Sassenberg 2026,Markt,Sassenberg,Nordrhein-Westfalen,DE,,,Frist noch nicht veröffentlicht,,,,,,,https://www.allerheiligenmarkt-sassenberg.de/86-2/,allerheiligenmarkt-sassenberg.de,official,2026-09-18,conv-review-07-2026-09,frist_offen,"Offizielle Veranstalterseite des Gewerbevereins Sassenberg bestätigt 07.-08.11.2026. Kontakt info@gewerbeverein-sassenberg.de; aktuelles Gesuch für ein Fahrgeschäft, aber keine feste Bewerbungsfrist. Umwandlung aus review_candidate, Stand Zieldatum 2026-09-19."
allgaeuer-festwoche-2027-kempten-allgaeu,Allgäuer Festwoche 2027,Volksfest,Kempten (Allgäu),Bayern,DE,,,"Frist noch nicht veröffentlicht (online nur Ausstellerunterlagen 2026, keine 2027-Frist)",Termin 2027 beschlossen,,,,,,https://www.festwoche.com/,festwoche.com,official,2026-08-03,conv-review-03-2026-09,frist_offen,"Der 2027-Termin ist offiziell beschlossen, die Veranstalterseite enthielt am Stichtag jedoch nur Ausstellerunterlagen für 2026 und keine offene 2027-Frist. Umwandlung aus review_candidate, Stand Zieldatum 2026-09-19."
alsfelder-weihnachtsmarkt-2026-alsfeld,Alsfelder Weihnachtsmarkt 2026,Weihnachtsmarkt,Alsfeld,Hessen,DE,,,"Nächste Ausschreibung noch nicht veröffentlicht, letzte Frist war 31.07.2026",,,,,,,https://www.alsfeld.de/weihnachtsmarkt/,alsfeld.de,official,2026-09-16,conv-review-08-2026-09,frist_offen,"Bewerbungsfrist laut Stadt Alsfeld war der 31.07.2026 (Bewerbung an wirtschaftundstadtmarketing@stadt.alsfeld.de); zum Stand 16.09.2026 bereits abgelaufen. Umwandlung aus rejected_candidate, Stand Zieldatum 2026-09-19."
alt-rixdorfer-weihnachtsmarkt-2027-berlin,Alt-Rixdorfer Weihnachtsmarkt 2027,Weihnachtsmarkt,Berlin,Berlin,DE,"Alt-Rixdorf, Neukölln",,Frist noch nicht veröffentlicht (Nur dauerhafte Teilnahmeinfos),,,,Ina Rehrmann,ina.rehrmann@bezirksamt-neukoelln.de,(030) 90239-2552,https://www.berlin.de/ba-neukoelln/ueber-den-bezirk/alt-rixdorfer-weihnachtsmarkt/marktteilnehmer/artikel.499863.php,berlin.de,official,2026-09-18,conv-review-01-2026-09,frist_offen,"weiterhin keine konkret datierte 2027-Bewerbungsfrist, nur dauerhafte Teilnahmeinfos. Kontakt: Ina Rehrmann, Tel. (030) 90239-2552, ina.rehrmann@bezirksamt-neukoelln.de. Umwandlung aus review_candidate, Stand Zieldatum 2026-09-19."
altenburger-weihnachtsmarkt-2026-standplatzbewerbung-altenburg,Altenburger Weihnachtsmarkt 2026 (Standplatzbewerbung),Weihnachtsmarkt,Altenburg,Thüringen,DE,,,"Nächste Ausschreibung noch nicht veröffentlicht, letzte Frist war 31.03.2026",,,,,,,https://www.abg-net.de/aktuelles/inhalte/pressemitteilungen/2026/03/bewerben-sie-sich-fuer-standplaetze-auf-dem-altenburger-weihnachtsmarkt-2026,abg-net.de,official,2026-09-16,conv-review-08-2026-09,frist_offen,"Bewerbungsfrist war der 31.03.2026 (Bewerbung mit Foto und technischen Daten an Stadtverwaltung Altenburg, Fachdienst Ordnung und Verkehr, Markt 1, 04600 Altenburg / gewerbe@stadt-altenburg.de); Frist bereits verstrichen (heutiges Datum 16.09.2026). Veranstaltung selbst (27.11.-29.12.2026) liegt noch in der Zukunft, aber die Bewerbungsphase ist abgeschlossen. Umwandlung aus rejected_candidate, Stand Zieldatum 2026-09-19."
altoettinger-hofdult-2027-altoetting,Altöttinger Hofdult 2027,Volksfest,Altötting,Bayern,DE,,,Frist noch nicht veröffentlicht (keine Bewerbungsfrist für Schausteller oder Beschicker veröffentlicht),21.-30.05.2027,,,,,,https://www.altoetting.de/veranstaltungen/themen/hofdult/,altoetting.de,official,2026-08-03,conv-review-03-2026-09,frist_offen,"Die offizielle Seite bestätigt den Termin 21.-30.05.2027, nennt aber keine Bewerbungsfrist für Schausteller oder Beschicker. Umwandlung aus review_candidate, Stand Zieldatum 2026-09-19."
altstadtfest-bad-windsheim-2027-bad-windsheim,Altstadtfest Bad Windsheim 2027,Stadtfest,Bad Windsheim,Bayern,DE,,,"Frist noch nicht veröffentlicht (Aussteller gesucht, Formular vorhanden, keine Frist)",,,,,,,https://www.bad-windsheim.de/altstadtfest,bad-windsheim.de,official,2026-08-03,conv-review-02-2026-09,frist_offen,"Offizielle Stadtseite sucht für das Altstadtfest 2027 Aussteller, Partner und Mitwirkende und stellt ein Formular bereit, nennt jedoch keine konkrete Bewerbungsfrist. Umwandlung aus review_candidate, Stand Zieldatum 2026-09-19."
altstadtfest-hofgeismar-hofgeismar,Altstadtfest Hofgeismar,Stadtfest,Hofgeismar,Hessen,DE,,,Frist noch nicht veröffentlicht,,,,,,,https://www.gemeinschaft-hofgeismar.de/events/,gemeinschaft-hofgeismar.de,official,2026-09-16,conv-review-06-2026-09,frist_offen,"Veranstalter Gemeinschaft fuer Handel und Gewerbe Hofgeismar e.V. (stadtfeste@ghg-hofgeismar.de) ist kein staedtischer/behoerdlicher Veranstalter im engeren Sinn; kein Fristdatum gefunden. Umwandlung aus review_candidate, Stand Zieldatum 2026-09-19."
alzeyer-winzerfest-alzey,Alzeyer Winzerfest,Weinfest,Alzey,Rheinland-Pfalz,DE,,,Frist noch nicht veröffentlicht,,,,,,,https://www.winzerfest-alzey.de/wf/aussteller/,winzerfest-alzey.de,official,2026-09-17,conv-review-08-2026-09,frist_offen,"Keine Bewerbungsfrist auf offizieller Seite gefunden. Kontakt: Stadtverwaltung Alzey, Ernst-Ludwig-Straße 42, 55232 Alzey. Umwandlung aus review_candidate, Stand Zieldatum 2026-09-19."
angerweihnacht-falkensee-2026-falkensee,Angerweihnacht Falkensee 2026,Weihnachtsmarkt,Falkensee,Brandenburg,DE,,,Frist noch nicht veröffentlicht,29.11.2026,,,,,,https://www.falkensee.de/weihnachten,falkensee.de,official,2026-09-18,conv-review-01-2026-09,frist_offen,"Termin 29.11.2026 (25. Angerweihnacht) bestaetigt, weiterhin keine Bewerbungsinfos fuer Schausteller. Zentrumsmanagement als moeglicher Ansprechpartner (/seite/483002/zentrumsmanagement.html) genannt, aber keine Frist veroeffentlicht. Umwandlung aus review_candidate, Stand Zieldatum 2026-09-19."
annakirmes-duren-2028-duren,Annakirmes Düren 2028,Volksfest,Düren,Nordrhein-Westfalen,DE,,,Frist noch nicht veröffentlicht,,,,,,,https://www.dueren.de/kultur-tourismus/veranstaltungen/annakirmes/schausteller,dueren.de,official,2026-08-04,conv-review-06-2026-09,frist_offen,"Der Jahrgang 2027 ist mit Frist 30.09.2026 bereits als Eintrag erfasst. Fuer 2028 waere nach demselben Muster der 30.09.2027 anzusetzen; die Stadt weist die Frist jedoch nicht ausdruecklich als Dauerregel aus, daher zunaechst nur vorgemerkt. Umwandlung aus review_candidate, Stand Zieldatum 2026-09-19."
ansbacher-fruehlingsfest-2027-ansbach,Ansbacher Frühlingsfest 2027,Volksfest,Ansbach,Bayern,DE,,,Frist noch nicht veröffentlicht (Fest 2026 war 08.-17.05.2026; Bewerbung 2027 noch nicht veröffentlicht),,,,,,,https://www.tourismus-ansbach.de/detail/id=68c7e44707ff7ecd9637ee98,tourismus-ansbach.de,official,2026-09-13,conv-review-04-2026-09,frist_offen,"Fest 2026 fand 08.-17.05.2026 statt. Veranstaltungsmanagement wurde 2025 privat neu vergeben (Eschenbacher/Lagermann/Schilling), ca. 60 Bewerbungen liefen bereits, aber kein offizielles Fristdatum auf einer staedtischen oder Veranstalterseite gefunden. Umwandlung aus review_candidate, Stand Zieldatum 2026-09-19."
artminius21-kreativmarkt-moabit-2027-berlin,Artminius21 Kreativmarkt Moabit 2027,Kreativmarkt,Berlin,Berlin,DE,Moabit,,Frist noch nicht veröffentlicht,"2027, Termin offen",,,,,,https://www.berlin.de/special/shopping/designmaerkte/2936747-1741634-artminius21-kreativmarkt-moabit.html,berlin.de,official,2026-08-03,conv-review-01-2026-09,frist_offen,"Das offizielle Berliner Veranstaltungsportal führt eine Ausgabe 2027, jedoch ohne feststehenden Termin und ohne Bewerbungsfrist für Ausstellende. Umwandlung aus review_candidate, Stand Zieldatum 2026-09-19."
aschersleber-weihnachtsmarkt-2026-27-11-20-12-2026-aschersleben,Aschersleber Weihnachtsmarkt 2026 (27.11.-20.12.2026),Weihnachtsmarkt,Aschersleben,Sachsen-Anhalt,DE,,,Frist noch nicht veröffentlicht,,,,,,,https://www.aschersleben-tourismus.de/Kunst-Kultur/Veranstaltungen/Aschersleber-Weihnachtsmarkt/,aschersleben-tourismus.de,official,2026-09-16,conv-review-08-2026-09,frist_offen,"Online-Anmeldeformular fuer Haendler vorhanden, aber keine Bewerbungsfrist auf der Seite genannt. Kontakt: Aschersleber Kulturanstalt, Hecknerstraße 6, 06449 Aschersleben, Tel. +49 3473 8409440, info@aschersleben-tourismus.de. Umwandlung aus review_candidate, Stand Zieldatum 2026-09-19."
auricher-herbstmarkt-2026-30-10-01-11-2026-aurich,Auricher Herbstmarkt 2026 (30.10.-01.11.2026),Markt,Aurich,Niedersachsen,DE,,,Frist noch nicht veröffentlicht,,,,,,,https://www.aurich-tourismus.de/veranstaltungen/veranstaltung/26102025--100596702--herbstmarkt-aurich,aurich-tourismus.de,official,2026-09-16,conv-review-06-2026-09,frist_offen,"Termin und Ort (Grossparkplatz Sparkassenarena, Karl-Heinrich-Ulrichs-Platz, 26603 Aurich) bestaetigt. Veranstalter laut Seite: Verein reisender Schausteller Ostfriesland e.V. (Logabirumer Str. 80, 26789 Leer, Tel. 0491-997122). Keine Bewerbungsfrist auf offizieller Seite genannt. Umwandlung aus review_candidate, Stand Zieldatum 2026-09-19."
backnanger-strassenfest-2027-backnang,Backnanger Straßenfest 2027,Stadtfest,Backnang,Baden-Württemberg,DE,,,"Frist noch nicht veröffentlicht (Bewerbungsphase beginnt laut Stadt am 15. Dezember, kein Enddatum)",2026: 26.-29.06.,,,,strassenfest@backnang.de,,https://www.backnanger-strassenfest.de/mitmachen/verkaufsstand,backnanger-strassenfest.de,official,2026-08-04,conv-review-02-2026-09,frist_offen,"Viertaegiges Strassenfest, 2026 vom 26. bis 29. Juni. Die Stadt nennt den Beginn der Bewerbungsphase ('beginnt am 15. Dezember'), aber kein Enddatum. Anmeldung elektronisch oder ueber ein Formular des Kultur- und Sportamts. Festivalbuero, Bahnhofstrasse 7, 71522 Backnang, 07191 894-616, strassenfest@backnang.de. Nachfassen ab Mitte Dezember 2026. Umwandlung aus review_candidate, Stand Zieldatum 2026-09-19."
bad-brueckenauer-jahrmaerkte-und-stadtfest-2027-bad-brueckenau,Bad Brückenauer Jahrmärkte und Stadtfest 2027,Jahrmarkt,Bad Brückenau,Bayern,DE,,,"Frist noch nicht veröffentlicht (schriftliche Standgesuche laut Marktsatzung, kein verbindlicher Schluss)","Frühlingsmarkt, Stadtfest, Herbstmarkt, Allerheiligenmarkt",,,,,,https://www.bad-brueckenau.de/tools/downloads/?archiv=168,bad-brueckenau.de,official,2026-08-03,conv-review-03-2026-09,frist_offen,"Die offizielle Marktsatzung bestätigt jährlich Frühlingsmarkt, Stadtfest, Herbstmarkt und Allerheiligenmarkt sowie schriftliche Standgesuche, nennt aber keinen verbindlichen Bewerbungsschluss. Umwandlung aus review_candidate, Stand Zieldatum 2026-09-19."
bad-uracher-schaeferlauf-2027-bad-urach,Bad Uracher Schäferlauf 2027,Volksfest,Bad Urach,Baden-Württemberg,DE,,,Frist noch nicht veröffentlicht (keine Frist für Schausteller veröffentlicht),23.-26.07.2027,,,,,,https://www.badurach-schaeferlauf.de/,badurach-schaeferlauf.de,official,2026-08-03,conv-review-02-2026-09,frist_offen,"Der offizielle Veranstaltungsauftritt bestätigt den Termin 23. bis 26.07.2027, aber keine konkrete Bewerbungsfrist für Schausteller oder Beschicker. Umwandlung aus review_candidate, Stand Zieldatum 2026-09-19."
baden-badener-christkindelsmarkt-2026-2027-baden-baden,Baden-Badener Christkindelsmarkt 2026/2027,Weihnachtsmarkt,Baden-Baden,Baden-Württemberg,DE,,,"Frist noch nicht veröffentlicht (Vorjahr ca. 30. April, Online-Bewerbungsformular vorhanden)",26.11.2026-06.01.2027,,,,info@baden-baden.com,,https://www.baden-baden.com/veranstaltungen/christkindelsmarkt,baden-baden.com,official,2026-09-13,conv-review-02-2026-09,frist_offen,"Termin bekannt (26.11.2026-06.01.2027), Online-Bewerbungsformular und Zulassungsrichtlinien vorhanden, aber kein Fristdatum auf der Seite gefunden (Vorjahr lag die Frist bei ca. 30. April). Kontakt: info@baden-baden.com, 07221 275200. Umwandlung aus review_candidate, Stand Zieldatum 2026-09-19."
baehnlesfest-tettnang-2027-tettnang,Bähnlesfest Tettnang 2027,Stadtfest,Tettnang,Baden-Württemberg,DE,,,"Frist noch nicht veröffentlicht (Bewerbungsbereiche vorhanden, kein Bewerbungsschluss)",12.09.2027,,,,,,https://www.tettnang.de/de/geniessen/veranstaltungen/highlights/baehnlesfest/,tettnang.de,official,2026-08-03,conv-review-02-2026-09,frist_offen,"Die offizielle Stadtseite bestätigt den Termin 12.09.2027 und Bewerbungsbereiche für Vereine, Unternehmen und Handel, aber keinen konkreten Bewerbungsschluss. Umwandlung aus review_candidate, Stand Zieldatum 2026-09-19."
bamberger-fruhjahrsplarrer-2027-bamberg,Bamberger Frühjahrsplärrer 2027,Fest,Bamberg,Bayern,DE,,,Frist noch nicht veröffentlicht,,,,,,,https://www.stadt.bamberg.de/buergerinformationssystem/vo020?TOLFDNR=1014736&VOLFDNR=1003485&refresh=false,stadt.bamberg.de,official,2026-08-03,conv-review-06-2026-09,frist_offen,"Offizielle Beratung nennt 2027 nur als frühestmögliche Rückkehr; Finanzierung und tatsächliche Durchführung sind nicht bestätigt. Umwandlung aus review_candidate, Stand Zieldatum 2026-09-19."
bamberger-mittefastenmarkt-2027-bamberg,Bamberger Mittefastenmarkt 2027,Jahrmarkt,Bamberg,Bayern,DE,,,"Frist noch nicht veröffentlicht (relatives Bewerbungsfenster laut Satzung, genauer 2027-Termin nicht eindeutig)",,,,,,,https://www.stadt.bamberg.de/media/custom/329_63_1.PDF?1748342512=,stadt.bamberg.de,official,2026-08-03,conv-review-03-2026-09,frist_offen,"Aktuelle Satzung bestätigt Markt und relatives Bewerbungsfenster, der genaue 2027-Marktbeginn ist daraus jedoch nicht eindeutig genug für ein belastbares ISO-Fristdatum. Umwandlung aus review_candidate, Stand Zieldatum 2026-09-19."
bautzener-wenzelsmarkt-2027-bautzen,Bautzener Wenzelsmarkt 2027,Jahrmarkt,Bautzen,Sachsen,DE,,,"Frist noch nicht veröffentlicht (Stichtag jährlich wechselnd, 2026: 27.05.2026)",,,,,ordnungsamt@bautzen.de,,https://www.bautzen.de/buerger-rathaus-politik/stadtverwaltung/ausschreibungen/marktausschreibungen,bautzen.de,official,2026-08-04,conv-review-04-2026-09,frist_offen,"Die Stadt Bautzen schreibt jährlich neu aus, der Stichtag wandert: 2025 war es der 30. April 2025, 2026 der 27. Mai 2026. Ein festes Datum für 2027 lässt sich daraus nicht ableiten. Zuständig: Stadtverwaltung Bautzen, Ordnungsamt/Marktwesen, ordnungsamt@bautzen.de, Fleischmarkt 1, 02625 Bautzen. Ab April 2027 nachfassen. Umwandlung aus review_candidate, Stand Zieldatum 2026-09-19."
bayreuther-buergerfest-2027-bayreuth,Bayreuther Bürgerfest 2027,Stadtfest,Bayreuth,Bayern,DE,,,Frist noch nicht veröffentlicht (keine Bewerbungsfrist für 2027 veröffentlicht),02.-04.07.2027,,,,,,https://www.bayreuth-tourismus.de/veranstaltungen-bayreuth/buergerfest/,bayreuth-tourismus.de,official,2026-08-03,conv-review-03-2026-09,frist_offen,"Offizielle Veranstalterseite bestätigt 02.-04.07.2027, aber keine konkrete 2027-Bewerbungsfrist. Umwandlung aus review_candidate, Stand Zieldatum 2026-09-19."
bayreuther-volksfest-2027-bayreuth,Bayreuther Volksfest 2027,Volksfest,Bayreuth,Bayern,DE,,,Frist noch nicht veröffentlicht (keine Bewerbungsfrist für 2027 veröffentlicht),14.-23.05.2027,,,,,,https://www.bayreuth-tourismus.de/veranstaltungen-bayreuth/bayreuther-volksfest/,bayreuth-tourismus.de,official,2026-08-03,conv-review-03-2026-09,frist_offen,"Offizielle Veranstalterseite bestätigt 14.-23.05.2027, veröffentlicht aber noch keine konkrete Bewerbungsfrist für 2027. Umwandlung aus review_candidate, Stand Zieldatum 2026-09-19."
beecker-kirmes-duisburg-2027-duisburg,Beecker Kirmes Duisburg 2027,Volksfest,Duisburg,Nordrhein-Westfalen,DE,,,Frist noch nicht veröffentlicht,,,,,,,https://www.duisburgkontor.de/events/beecker-kirmes/bewerbungsformular-aussteller/,duisburgkontor.de,official,2026-08-03,conv-review-07-2026-09,frist_offen,"Das offizielle Veranstalterformular nennt den 28. Februar als jährlichen Bewerbungsschluss, weist das aktive Formular aber nicht eindeutig dem Veranstaltungsjahr 2027 zu. Umwandlung aus review_candidate, Stand Zieldatum 2026-09-19."
beelitzer-lichterzauber-2026-27-beelitz,Beelitzer Lichterzauber 2026/27,Weihnachtsmarkt,Beelitz,Brandenburg,DE,Stadtpark,,Frist noch nicht veröffentlicht (Veranstalter Pyro Passion; historisches Kettenkarussell gesucht),18.12.2026-10.01.2027,,,,,,https://beelitz.de/events/lichterzauber-2/,beelitz.de,official,2026-09-18,conv-review-01-2026-09,frist_offen,"Stadt Beelitz bestätigt den Lichterzauber im Stadtpark; Veranstalter Pyro Passion. Für 18.12.2026-10.01.2027 wird ein historisches Kettenkarussell gesucht, aber ohne öffentliche Bewerbungsfrist oder direkten Bewerbungskontakt. Umwandlung aus review_candidate, Stand Zieldatum 2026-09-19."
berchinger-ostermarkt-ei-zeit-2027-berching,Berchinger Ostermarkt Ei-Zeit 2027,Jahrmarkt,Berching,Bayern,DE,,,"Frist noch nicht veröffentlicht (möglichst baldige Anmeldung erbeten, keine verbindliche Frist)",07.03.2027,,,,,,https://www.berching.de/veranstaltungen/ostermarkt-ei-zeit_2027-821595/,berching.de,official,2026-08-03,conv-review-03-2026-09,frist_offen,"Offizielle Stadtseite bestätigt den Markt am 07.03.2027; die Bitte, sich möglichst bald anzumelden, ist keine verbindliche Bewerbungsfrist. Umwandlung aus review_candidate, Stand Zieldatum 2026-09-19."
berchinger-rossmarkt-2027-berching,Berchinger Rossmarkt 2027,Jahrmarkt,Berching,Bayern,DE,,,Frist noch nicht veröffentlicht (keine Bewerbungsfrist für Fieranten veröffentlicht),03.02.2027,,,,,,https://www.berching.de/rossmarkt/,berching.de,official,2026-08-03,conv-review-03-2026-09,frist_offen,"Offizielle Stadtseite bestätigt den Rossmarkt am 03.02.2027 und Standkontakte, veröffentlicht jedoch keine Bewerbungsfrist für Fieranten. Umwandlung aus review_candidate, Stand Zieldatum 2026-09-19."
bergstadt-advent-oerlinghausen-oerlinghausen,Bergstadt-Advent Oerlinghausen,Weihnachtsmarkt,Oerlinghausen,Nordrhein-Westfalen,DE,,,Frist noch nicht veröffentlicht,,,,,,,https://www.oerlinghausen.de/de/veranstaltungen/,oerlinghausen.de,official,2026-09-14,conv-review-07-2026-09,frist_offen,"Termin 2026 bekannt (05.-07.12.), keine Bewerbungsfrist auf offizieller Seite gefunden. Umwandlung aus review_candidate, Stand Zieldatum 2026-09-19."
berliner-kunstmarkt-an-der-museumsinsel-2027-berlin,Berliner Kunstmarkt an der Museumsinsel 2027,Kunsthandwerkermarkt,Berlin,Berlin,DE,,,Frist noch nicht veröffentlicht,,,,,,,https://kunstmarkt-berlin.com/,kunstmarkt-berlin.com,official,2026-08-03,conv-review-06-2026-09,frist_offen,"Die offizielle Veranstalterseite bestaetigt einen ganzjaehrigen Wochenendmarkt und Bewerbungen, veröffentlicht am Stichtag aber nur die Planung bis Dezember 2026 und keine konkrete 2027-Bewerbungsfrist. Umwandlung aus review_candidate, Stand Zieldatum 2026-09-19."
berliner-staudenmarkt-2027-berlin,Berliner Staudenmarkt 2027,Pflanzenmarkt,Berlin,Berlin,DE,,,Frist noch nicht veröffentlicht (Frühjahrsmarkt und Herbstmarkt 2027),03.-04.04.2027 (Frühjahr),,,,,,https://berliner-staudenmarkt.de/presse,berliner-staudenmarkt.de,official,2026-08-03,conv-review-01-2026-09,frist_offen,"Der offizielle Veranstalter bestätigt den Frühjahrsmarkt am 03.-04.04.2027 und einen Herbstmarkt 2027; eine Bewerbungsfrist für Ausstellende ist nicht veröffentlicht. Umwandlung aus review_candidate, Stand Zieldatum 2026-09-19."
berliner-weihnachtszeit-am-roten-rathaus-2027-berlin,Berliner Weihnachtszeit am Roten Rathaus 2027,Weihnachtsmarkt,Berlin,Berlin,DE,,,Frist noch nicht veröffentlicht,,,,,,,https://www.berlinerweihnachtszeit.de/anmeldung/,berlinerweihnachtszeit.de,official,2026-09-17,conv-review-08-2026-09,frist_offen,"Privater Veranstalter Laubinger Event GmbH; Seite bestaetigt: 'Die Berliner Weihnachtszeit 2026 ist bereits komplett mit unseren Teilnehmern gefuellt' und 'Anmeldeformular 2027 in Arbeit' - noch keine Bewerbungsfrist fuer 2027 veröffentlicht. Kontakt: info@laubinger.de, Tel. 033439-143490, Feuerbachstraße 11b, 15370 Fredersdorf. Umwandlung aus review_candidate, Stand Zieldatum 2026-09-19."
bernauer-weihnachtsmarkt-2026-bernau-bei-berlin,Bernauer Weihnachtsmarkt 2026,Weihnachtsmarkt,Bernau bei Berlin,Brandenburg,DE,,,Frist noch nicht veröffentlicht,04.-13.12.2026,,Stadtverwaltung Bernau,,stadtverwaltung@bernau-bei-berlin.de,03338 365-0,https://www.bernau.de/de/tourismus-kultur/veranstaltungen/weihnachtsmarkt.html,bernau.de,official,2026-09-18,conv-review-01-2026-09,frist_offen,"weiterhin keine Bewerbungsfrist fuer Schausteller auf der Seite. Kontakt: Stadtverwaltung Bernau, Tel. 03338 365-0, stadtverwaltung@bernau-bei-berlin.de. Umwandlung aus review_candidate, Stand Zieldatum 2026-09-19."
biberacher-christkindles-markt-2027-biberach-an-der-riss,Biberacher Christkindles-Markt 2027,Weihnachtsmarkt,Biberach an der Riß,Baden-Württemberg,DE,,,Frist noch nicht veröffentlicht,,,,,,,https://pages.biberach-riss.de/Christkindles-Markt/%C3%9Cber-den-Markt/,pages.biberach-riss.de,official,2026-08-03,conv-review-06-2026-09,frist_offen,"Die offizielle Seite veröffentlichte noch keine konkrete Bewerbungsfrist für die Ausgabe 2027; die Fristen der Ausgabe 2026 wurden nicht übertragen. Umwandlung aus review_candidate, Stand Zieldatum 2026-09-19."
biberacher-jahrmaerkte-2027-biberach-an-der-riss,Biberacher Jahrmärkte 2027,Jahrmarkt,Biberach an der Riß,Baden-Württemberg,DE,,,Frist noch nicht veröffentlicht (keine Frist für 2027 bestätigt),,,,,,,https://www.biberach-riss.de/Tourismus-Kultur-Freizeit/Veranstaltungen/M%C3%A4rkte/,biberach-riss.de,official,2026-08-03,conv-review-02-2026-09,frist_offen,"Auf der offiziellen Stadtseite war noch keine konkrete Bewerbungsfrist für Jahrmärkte im Jahr 2027 bestätigt; vorhandene Vorjahresangaben wurden nicht übertragen. Umwandlung aus review_candidate, Stand Zieldatum 2026-09-19."
bielefelder-weihnachtsmarkt-2026-weihnachtshutte-bielefeld,Bielefelder Weihnachtsmarkt 2026 - Weihnachtshütte,Weihnachtsmarkt,Bielefeld,Nordrhein-Westfalen,DE,,,"Nächste Ausschreibung noch nicht veröffentlicht, letzte Frist war 01.06.2026",,,,,,,https://www.bielefeld.jetzt/vergabe-weihnachtsmarkt,bielefeld.jetzt,official,2026-08-03,conv-review-08-2026-09,frist_offen,"Anbieter von Kunsthandwerk und Geschenkartikeln konnten sich bis zum 01.06.2026 fuer eine zeitlich befristete Weihnachtshütte bewerben. Frist abgelaufen. Der Leineweber-Markt 2027 desselben Veranstalters ist mit Frist 31.12.2026 bereits erfasst. Umwandlung aus rejected_candidate, Stand Zieldatum 2026-09-19."
bietigheimer-pferdemarkt-2027-bietigheim-bissingen,Bietigheimer Pferdemarkt 2027,Volksfest,Bietigheim-Bissingen,Baden-Württemberg,DE,,,Frist noch nicht veröffentlicht (kein Bewerbungsverfahren veröffentlicht),Freitag vor dem ersten Montag im September bis folgenden Dienstag,,,,,,https://www.bietigheim-bissingen.de/,bietigheim-bissingen.de,official,2026-08-04,conv-review-02-2026-09,frist_offen,"Ueberregional bekanntes Traditionsfest, das am Freitag vor dem ersten Montag im September beginnt und am folgenden Dienstag endet. Ein Bewerbungsverfahren mit Frist ist auf der Stadtseite nicht veroeffentlicht. Umwandlung aus review_candidate, Stand Zieldatum 2026-09-19."
binger-winzerfest-bingen-am-rhein,Binger Winzerfest,Weinfest,Bingen am Rhein,Rheinland-Pfalz,DE,,,Frist noch nicht veröffentlicht,,,,,,,https://www.bingen.de/stadt/buergerservice-online/anliegen-von-a-z/d-winzerfest-standvergabe-1133636094,bingen.de,official,2026-09-17,conv-review-08-2026-09,frist_offen,"Seite beschreibt Standvergabe-Verfahren (Bewerbungen von Standbetreibern, Vertragsausfertigung, Platzzuweisung), aber kein konkretes Fristdatum genannt. Bewerbungsschluss laut anderer Quelle bereits 'verlängert' worden, genaues Datum nicht auffindbar. Kontakt: veranstaltungen@bingen.de, Stadtverwaltung Bingen, Burg Klopp, 55411 Bingen am Rhein, +49 6721 184-0. Umwandlung aus review_candidate, Stand Zieldatum 2026-09-19."
bitburger-weihnachtsmarkt-2026-bitburg,Bitburger Weihnachtsmarkt 2026,Weihnachtsmarkt,Bitburg,Rheinland-Pfalz,DE,,,Frist noch nicht veröffentlicht,,,,,,,https://gewerbeverein-bitburg.de/bitburger-weihnachtsmarkt/,gewerbeverein-bitburg.de,official,2026-09-19,conv-review-06-2026-09,frist_offen,"Veranstalter Gewerbeverein Bitburg e.V.; Seite lieferte beim Abruf 404, keine Frist gefunden. Nachfassen beim Gewerbeverein. Umwandlung aus review_candidate, Stand Zieldatum 2026-09-19."
blieskasteler-christkindlmarkt-2026-blieskastel,Blieskasteler Christkindlmarkt 2026,Weihnachtsmarkt,Blieskastel,Saarland,DE,,,Frist noch nicht veröffentlicht,,,,,,,https://www.blieskastel.de/maerkte,blieskastel.de,official,2026-09-17,conv-review-08-2026-09,frist_offen,"Termin 04.-06.12.2026 auf Paradeplatz/Altstadt bestätigt. Bewerbung laut Stadt ganzjährig möglich, kein festes Frist-Datum genannt. Kontakt: Sarah Jäckels, Stadt Blieskastel, Kulturamt, Luitpoldplatz 5, 66440 Blieskastel, Tel. 06842 926-1327, sarah.jaeckels@blieskastel.de. Umwandlung aus review_candidate, Stand Zieldatum 2026-09-19."
bocholter-herbstkirmes-2026-bocholt,Bocholter Herbstkirmes 2026,Volksfest,Bocholt,Nordrhein-Westfalen,DE,,,Frist noch nicht veröffentlicht,,,,,,,https://www.bocholt.de/serviceverzeichnis/kirmes,bocholt.de,official,2026-09-16,conv-review-06-2026-09,frist_offen,"Termin 3. Sonntag im Oktober bekannt, ca. 270 Beschicker werden aus zahlreichen Bewerbungen ausgewaehlt, aber keine Bewerbungsfrist auf offizieller Seite genannt. Veranstalter: Wirtschaftsfoerderungs- und Stadtmarketing Gesellschaft Bocholt mbH & Co. KG, Osterstraße 23, 46397 Bocholt, info@bocholt-stadtmarketing.de, Tel. 02871 294933-0. Umwandlung aus review_candidate, Stand Zieldatum 2026-09-19."
bochumer-weihnachtsmarkt-2026-bochum,Bochumer Weihnachtsmarkt 2026,Weihnachtsmarkt,Bochum,Nordrhein-Westfalen,DE,,,Frist noch nicht veröffentlicht,,,,,,,https://www.bochum-tourismus.de/bochum-marketing-gmbh/ausstellerinformationen.html,bochum-tourismus.de,official,2026-09-12,conv-review-07-2026-09,frist_offen,"Termin bekannt (19.11.-23.12.2026), Bewerbungsformular vorhanden, aber kein Fristdatum genannt. Seite nennt nur, dass die Bewerbung fuer WAT-kreativ 2027 im Dezember 2026 startet. Kontakt: Bochum Marketing GmbH, Huestraße 21-23, 44787 Bochum, 0234 904960. Umwandlung aus review_candidate, Stand Zieldatum 2026-09-19."
bodensee-weihnacht-friedrichshafen-2027-friedrichshafen,Bodensee-Weihnacht Friedrichshafen 2027,Weihnachtsmarkt,Friedrichshafen,Baden-Württemberg,DE,,,Frist noch nicht veröffentlicht (letzte Frist war 30.04.2026),,,,,marktwesen@friedrichshafen.de,,https://www.bodensee-weihnacht.de/service/beschicker-infos/,bodensee-weihnacht.de,official,2026-09-18,conv-review-02-2026-09,frist_offen,"Nachfass 2026-09-18: Seite bestaetigt weiterhin nur die abgelaufene 2026-Frist (30. April 2026), keine 2027-Zuordnung. Kontakt: Frau Geissler, Maerkte und Veranstaltungen, Tel. +49 7541 203 52122, marktwesen@friedrichshafen.de. Umwandlung aus review_candidate, Stand Zieldatum 2026-09-19."
bolschestrassenfest-berlin,Bölschestraßenfest,Stadtfest,Berlin,Berlin,DE,,,Frist noch nicht veröffentlicht,,,,,,,https://www.hauptstadtkultur.berlin/boelschestrassenfest/,hauptstadtkultur.berlin,official,2026-09-18,conv-review-07-2026-09,frist_offen,"Jüttner Entertainment / Hauptstadtkultur Berlin als Veranstalter bestaetigt (info@juettner-entertainment.de, Bölschestraße Friedrichshagen, 18.-20.09.2026), keine feste Bewerbungsfrist genannt. Umwandlung aus review_candidate, Stand Zieldatum 2026-09-19."
bopparder-weihnachtsmarkt-2026-boppard,Bopparder Weihnachtsmarkt 2026,Weihnachtsmarkt,Boppard,Rheinland-Pfalz,DE,,,Frist noch nicht veröffentlicht,,,,,,,https://www.boppard.de/aktuelles/bopparder-weihnachtsmarkt-2026-jetzt-fuer-einen-standplatz-anmelden/,boppard.de,official,2026-09-18,conv-review-07-2026-09,frist_offen,"Veranstaltung bestaetigt (27.11.-06.12.2026, historischer Marktplatz Boppard). Anmeldung über Tourist Information Boppard, Altes Rathaus am Marktplatz, Tel. 06742/3888, tourist@boppard.de bzw. petra.winkler@boppard.de. Eine im Suchindex angezeigte Frist (31.03.2026) konnte auf der offiziellen Seite und in den verlinkten Teilnahmebedingungen nicht zweifelsfrei bestaetigt werden, daher als review_candidate und nicht als rejected eingestuft. Umwandlung aus review_candidate, Stand Zieldatum 2026-09-19."
brarup-markt-2027-suderbrarup,Brarup-Markt 2027,Markt,Süderbrarup,Schleswig-Holstein,DE,,,Frist noch nicht veröffentlicht,,,,,,,https://www.brarupmarkt.de/,brarupmarkt.de,official,2026-08-03,conv-review-07-2026-09,frist_offen,"Die offizielle Veranstalterseite nennt Planung und Bewerbungsanschrift, aber keine konkrete Bewerbungsfrist fuer 2027. Umwandlung aus review_candidate, Stand Zieldatum 2026-09-19."
brucker-volksfest-2027-fuerstenfeldbruck,Brucker Volksfest 2027,Volksfest,Fürstenfeldbruck,Bayern,DE,,,Frist noch nicht veröffentlicht (Regel: Bewerbung bis 31. Oktober für das Folgejahr; 2027-Termin auf Seite noch nicht genannt),,,,,,,https://www.fuerstenfeldbruck.de/ffb/web.nsf/id/pa_bruckervolksfest.html?Open=&vcmsTemplate=ffb-text,fuerstenfeldbruck.de,official,2026-08-03,conv-review-03-2026-09,frist_offen,"Die Stadt nennt eine wiederkehrende Bewerbungsregel bis 31. Oktober für das kommende Jahr, veröffentlicht auf der Seite aber nur den Veranstaltungstermin 2026; die konkrete 2027-Ausgabe ist daher nachzuprüfen. Umwandlung aus review_candidate, Stand Zieldatum 2026-09-19."
canalettomarkt-pirna-2026-pirna,Canalettomarkt Pirna 2026,Markt,Pirna,Sachsen,DE,,,"Nächste Ausschreibung noch nicht veröffentlicht, letzte Frist war 31.07.2026",,,,,,,https://canalettomarkt.de/de/haendler.html,canalettomarkt.de,official,2026-09-19,conv-review-08-2026-09,frist_offen,"Bewerbungsfrist bis 31.07.2026, abgelaufen; Markt 24.11.-30.12.2026. Veranstalter Plan de Saxe GmbH (haendler@plandesaxe.de), Vertrag laut Stadt bis einschließlich 2027. Umwandlung aus rejected_candidate, Stand Zieldatum 2026-09-19."
celler-schuetzen-und-volksfest-2027-celle,Celler Schützen- und Volksfest 2027,Volksfest,Celle,Niedersachsen,DE,,,"Frist noch nicht veröffentlicht (Fristen laut Marktsatzung, nicht genannt)",,,,,stadt@celle.de,05141 12-0,https://portal.celle.de/dienstleistungen/-/egov-bis-detail/dienstleistung/8321/show,portal.celle.de,official,2026-08-04,conv-review-04-2026-09,frist_offen,"Die Stadt Celle verweist für Markt- und Schaustellertätigkeit auf die Marktsatzung und darauf, dass „bestimmte Fristen zu beachten"" sind, nennt sie aber nicht. Zuständig: Stadt Celle, stadt@celle.de, 05141 12-0. Umwandlung aus review_candidate, Stand Zieldatum 2026-09-19."
celler-weihnachtsmarkt-celle-2026,Celler Weihnachtsmarkt 2026,Weihnachtsmarkt,Celle,Niedersachsen,DE,,,Frist noch nicht veröffentlicht. Zulassungsrichtlinien enthalten kein Fristdatum; Bewerbung über separaten Bewerbungsbogen,23.11.-27.12.2026,,,,,,https://www.celle.de/loadDocument.phtml?FID=3747.2314.1&Ext=PDF,celle.de,official,2026-09-19,conv-review-05-2026-09,frist_offen,"PDF-Retry 2026-09-19: Zulassungsrichtlinien 2026 (Weihnachtsmarkt 23.11.-27.12.2026) per Textextraktion gelesen; enthalten keinerlei Fristdatum (Bewerbung erfolgt ueber separaten Bewerbungsbogen). Marktamt/Fachdienst 16 Stadt Celle direkt kontaktieren. Umwandlung aus review_candidate, Stand Zieldatum 2026-09-19."
chamer-volksfest-2027-cham,Chamer Volksfest 2027,Volksfest,Cham,Bayern,DE,,,Frist noch nicht veröffentlicht,,,,,stefan.raab@stadtwerke-cham.de,0160/963 15 959,https://www.cham-volksfest.de/kontakt/,cham-volksfest.de,official,2026-09-16,conv-review-04-2026-09,frist_offen,"Veranstalter ist der Verein zur Foerderung oeffentlicher Veranstaltungen und kulturellen Bestrebungen der Stadt Cham e.V. Ansprechpartner fuer Aussteller: Stefan Raab (Platzmeister), Tel. 0160/963 15 959, stefan.raab@stadtwerke-cham.de. Keine Bewerbungsfrist auf der Aussteller-Unterseite gefunden. Umwandlung aus review_candidate, Stand Zieldatum 2026-09-19."
chemnitzer-weihnachtsmarkt-2026-chemnitz,Chemnitzer Weihnachtsmarkt 2026,Weihnachtsmarkt,Chemnitz,Sachsen,DE,,,Frist noch nicht veröffentlicht (Ausschreibungsseite vorhanden),,,,,,,https://www.chemnitz.de/chemnitz/de/rathaus/ausschreibungen/marktausschreibungen/chemnitzer-weihnachtsmarkt/index.html,chemnitz.de,official,2026-09-18,conv-review-04-2026-09,frist_offen,"Nachfass 18.09.2026: Sammelseite blockt weiterhin automatisierte Abrufe (HTTP 403). Kontakt: Stadt Chemnitz, Ordnungsamt, Abteilung Gewerbe, Veranstaltungen, Maerkte, 09106 Chemnitz. Umwandlung aus review_candidate, Stand Zieldatum 2026-09-19."
choriner-kiez-und-strassenfest-2027-berlin,Choriner Kiez- und Straßenfest 2027,Stadtfest,Berlin,Berlin,DE,"Choriner Straße, Prenzlauer Berg",,Frist noch nicht veröffentlicht (28. Ausgabe),"2027, Termin offen",,,,,,https://www.berlin.de/events/5984720-2229501-choriner-kiez-und-strassenfest.html,berlin.de,official,2026-08-03,conv-review-01-2026-09,frist_offen,"Die offizielle Veranstaltungsseite bestätigt die 28. Ausgabe 2027 mit Flohmarkt und Essensständen, nennt aber keinen Termin und kein Bewerbungsverfahren. Umwandlung aus review_candidate, Stand Zieldatum 2026-09-19."
christkindchenmarkt-leverkusen-2026-2027-leverkusen,Christkindchenmarkt Leverkusen 2026/2027,Weihnachtsmarkt,Leverkusen,Nordrhein-Westfalen,DE,,,Frist noch nicht veröffentlicht,,,,,,,https://www.christkindchenmarkt.de/bewerbung,christkindchenmarkt.de,official,2026-09-19,conv-review-06-2026-09,frist_offen,"Veranstalter-Seite mit Online-Bewerbungsformularen, aber keine Frist und kein Markttermin genannt. Kontakt info@christkindchenmarkt.de, 0214 8606419, Wöhlerstraße 22, Leverkusen. Nachfassen. Umwandlung aus review_candidate, Stand Zieldatum 2026-09-19."
christkindlesmarkt-balingen-2026-balingen,Christkindlesmarkt Balingen 2026,Weihnachtsmarkt,Balingen,Baden-Württemberg,DE,,,"Nächste Ausschreibung noch nicht veröffentlicht, letzte Frist war 15.06.2026",,,,,,,https://www.balingen.de/freizeit-und-tourismus/stadtmarketing/einkaufen/christkindlesmarkt,balingen.de,official,2026-09-16,conv-review-08-2026-09,frist_offen,"Offizielle Seite bestaetigt: 'Die Anmeldephase ist beendet'. Presseberichte nennen als regulaeren Bewerbungsschluss den 15.06.2026, bereits verstrichen bei Recherche am 16.09.2026. Umwandlung aus rejected_candidate, Stand Zieldatum 2026-09-19."
christkindlesmarkt-ravensburg-2026-ravensburg,Christkindlesmarkt Ravensburg 2026,Weihnachtsmarkt,Ravensburg,Baden-Württemberg,DE,,,"Nächste Ausschreibung noch nicht veröffentlicht, letzte Frist war 31.07.2026",,,,,,,https://cms.ravensburg.de/rv/kultur-freizeit-einkaufen/einkaufen/maerkte.php,cms.ravensburg.de,official,2026-08-03,conv-review-08-2026-09,frist_offen,"Der offizielle Bewerbungsschluss war der 31.07.2026. Umwandlung aus rejected_candidate, Stand Zieldatum 2026-09-19."
christkindlmarkt-dachau-2026-dachau,Christkindlmarkt Dachau 2026,Weihnachtsmarkt,Dachau,Bayern,DE,,,Frist noch nicht veröffentlicht,,,,,,,https://www.dachau.de/maerkte-jahr-und-wochenmaerkte/,dachau.de,official,2026-09-19,conv-review-06-2026-09,frist_offen,"Stadt nennt allgemein Antrag mind. 8 Wochen vor Markt an märkte@dachau.de; keine konkrete Christkindlmarkt-Frist. Markt beginnt ca. Ende Nov. 2026, Regelfrist daher wohl bereits verstrichen; nicht abgeleitet. Umwandlung aus review_candidate, Stand Zieldatum 2026-09-19."
christkindlmarkt-kirchheimbolanden-2026-kirchheimbolanden,Christkindlmarkt Kirchheimbolanden 2026,Weihnachtsmarkt,Kirchheimbolanden,Rheinland-Pfalz,DE,,,Frist noch nicht veröffentlicht,,,,,,,https://www.kirchheimbolanden.de/,kirchheimbolanden.de,official,2026-09-17,conv-review-08-2026-09,frist_offen,"Keine offizielle Unterseite mit Bewerbungsinformationen für Schausteller/Standbetreiber gefunden (Markt wird laut Presse überwiegend von Vereinen/Privatpersonen bestückt). Kontakt: Tourist-Information Kirchheimbolanden, Neue Allee 2, 67292 Kirchheimbolanden, Tel. 06352 1712. Umwandlung aus review_candidate, Stand Zieldatum 2026-09-19."
christkindlmarkt-rheda-wiedenbruck-rheda-wiedenbruck,Christkindlmarkt Rheda-Wiedenbrück,Weihnachtsmarkt,Rheda-Wiedenbrück,Nordrhein-Westfalen,DE,,,Frist noch nicht veröffentlicht,,,,,,,https://www.rheda-wiedenbrueck.de/kalender/termine/feste/2026-11-23-christkindlmarkt/,rheda-wiedenbrueck.de,official,2026-09-14,conv-review-07-2026-09,frist_offen,"Termin 2026 bekannt (ab 23.11.2026), keine Bewerbungsfrist auf offizieller Stadtseite gefunden. Umwandlung aus review_candidate, Stand Zieldatum 2026-09-19."
christkindlmarkt-rosenheim-2026-rosenheim,Christkindlmarkt Rosenheim 2026,Weihnachtsmarkt,Rosenheim,Bayern,DE,,,"Frist noch nicht veröffentlicht (Ausschreibungsseite des Wirtschaftlichen Verbands vorhanden, Frist nicht auslesbar)",,,,,info@wirtschaftlicher-verband.de,08031 90061-0,https://wirtschaftlicher-verband.de/christkindlmarkt/ausschreibung.html,wirtschaftlicher-verband.de,official,2026-09-18,conv-review-04-2026-09,frist_offen,"Nachfass 18.09.2026: Eigene Ausschreibungsseite /christkindlmarkt/ausschreibung.html identifiziert (Wirtschaftlicher Verband), aber Fristdatum aus dem abgerufenen Content nicht extrahierbar. Kontakt: Wirtschaftlicher Verband, Kaiserstr. 27, 83022 Rosenheim, info@wirtschaftlicher-verband.de, Tel. 08031 90061-0. Umwandlung aus review_candidate, Stand Zieldatum 2026-09-19."
city-adventszauber-oberhausen-2026-oberhausen,City-Adventszauber Oberhausen 2026,Weihnachtsmarkt,Oberhausen,Nordrhein-Westfalen,DE,,,"Nächste Ausschreibung noch nicht veröffentlicht, letzte Frist war 11.09.2026",,,,,,,https://city-adventszauber.de/,city-adventszauber.de,official,2026-09-12,conv-review-08-2026-09,frist_offen,"Bewerbungsfrist war der 11.09.2026 (Markt 26.11.-20.12.2026 auf dem Altmarkt), zum Recherchezeitpunkt (12.09.2026) bereits verstrichen. Umwandlung aus rejected_candidate, Stand Zieldatum 2026-09-19."
cottbuser-weihnachtsmarkt-der-1000-sterne-cottbus-2026,Cottbuser Weihnachtsmarkt der 1000 Sterne 2026,Weihnachtsmarkt,Cottbus,Brandenburg,DE,,,Frist noch nicht veröffentlicht. Veranstalter COEX Veranstaltungs GmbH & Co. KG,,,,,,,https://www.cottbus.de/erleben/veranstaltungen/event.pl?key=kultur&zeit=25599627,cottbus.de,official,2026-09-13,conv-review-05-2026-09,frist_offen,"Wird von COEX Veranstaltungs GmbH & Co. KG organisiert, keine Bewerbungsfrist gefunden. Umwandlung aus review_candidate, Stand Zieldatum 2026-09-19."
dachauer-jahrmaerkte-2027-dachau,Dachauer Jahrmärkte 2027,Jahrmarkt,Dachau,Bayern,DE,,,"Frist noch nicht veröffentlicht (Vorlauffrist auf Stadtseite genannt, Markttage 2027 noch nicht bestätigt)",,,,,,,https://www.dachau.de/kultur-tourismus/maerkte-feste/jahrmaerkte.html,dachau.de,official,2026-08-03,conv-review-03-2026-09,frist_offen,"Die offizielle Stadtseite enthielt Termine für 2026 und eine Vorlauffrist, jedoch keine konkret bestätigten Markttage 2027. Umwandlung aus review_candidate, Stand Zieldatum 2026-09-19."
dachauer-volksfest-2028-dachau,Dachauer Volksfest 2028,Volksfest,Dachau,Bayern,DE,,,Frist noch nicht veröffentlicht,,,,,,,https://www.dachau.de/,dachau.de,official,2026-08-04,conv-review-06-2026-09,frist_offen,"Der Jahrgang 2027 ist mit Frist 30.10.2026 bereits als Eintrag erfasst. Das Fest laeuft zehn Tage rund um Mariae Himmelfahrt und zieht über 300.000 Besucher. Fuer 2028 waere nach demselben Muster der 30.10.2027 anzusetzen, sofern die Stadt die Frist als Dauerregel bestaetigt. Umwandlung aus review_candidate, Stand Zieldatum 2026-09-19."
darmstaedter-heinerfest-darmstadt-2027,Darmstädter Heinerfest 2027,Stadtfest,Darmstadt,Hessen,DE,,,"Frist noch nicht veröffentlicht. Veranstalter führt Seite ""Keine laufende Bewerbungsfrist""; Verfahren wird jahrgangsweise geöffnet",01.07.-05.07.2027,,,,,,https://www.heinerfest.de/schausteller/standplaetze-schausteller/,heinerfest.de,official,2026-08-03,conv-review-05-2026-09,frist_offen,"Groesstes Innenstadtfest Deutschlands, Termin 01.07.-05.07.2027 bestaetigt. Der Veranstalter fuehrt eine eigene Seite 'Keine laufende Bewerbungsfrist' und oeffnet das Verfahren jahrgangsweise; fuer 2027 war zum Pruefzeitpunkt keine Frist eroeffnet. Heimatverein Darmstaedter Heiner e. V., Schuchardstrasse 7, 64283 Darmstadt, 06151 296688 oder 06151 296640, info@heinerfest.de. Umwandlung aus review_candidate, Stand Zieldatum 2026-09-19."
darmstaedter-weihnachtsmarkt-darmstadt-2026,Darmstädter Weihnachtsmarkt 2026,Weihnachtsmarkt,Darmstadt,Hessen,DE,,,Frist noch nicht veröffentlicht. Veranstalter Darmstadt Marketing GmbH,,,,,,,https://www.darmstadt-tourismus.de/en/events/christmas-market.html,darmstadt-tourismus.de,official,2026-09-18,conv-review-05-2026-09,frist_offen,"Nachfass 18.09.2026: Weiterhin keine Bewerbungsfrist fuer Schausteller/Haendler auf offizieller Seite gefunden. Kontakt: Darmstadt Marketing GmbH, Luisenstrasse 12, 64283 Darmstadt, Tel. 06151 1345-13, information@darmstadt.de; Schaustellerverband Darmstadt als Partner genannt. Umwandlung aus review_candidate, Stand Zieldatum 2026-09-19."
detmolder-andreasmesse-2026-detmold,Detmolder Andreasmesse 2026,Kirmes,Detmold,Nordrhein-Westfalen,DE,,,Frist noch nicht veröffentlicht,25.-29.11.2026,,,,,05231 977631,https://www.detmold.de/kultur/maerkte-und-feste/andreasmesse,detmold.de,official,2026-08-04,conv-review-04-2026-09,frist_offen,"Große Innenstadtkirmes auf rund 18.000 m², 25. bis 29. November 2026. Die Stadt nennt keine Bewerbungsfrist. Zuständig: Marktmeister Jens Berghahn, 05231 977631, Marktplatz 5, 32756 Detmold. Direkt anfragen. Umwandlung aus review_candidate, Stand Zieldatum 2026-09-19."
deutsches-weinlesefest-neustadt-an-der-weinstrasse-bunter-jahrmarkt-2026-neustadt-an-der-weinstrasse,Deutsches Weinlesefest Neustadt an der Weinstraße - Bunter Jahrmarkt 2026,Jahrmarkt,Neustadt an der Weinstraße,Rheinland-Pfalz,DE,,,Frist noch nicht veröffentlicht,,,,,,,https://www.neustadt.eu/Tourismus-Wein/Top-Events-Aktuelles/Deutsches-Weinlesefest/Jahrmarkt/,neustadt.eu,official,2026-09-17,conv-review-08-2026-09,frist_offen,"Keine Bewerbungsfrist auf offizieller Seite veröffentlicht. Kontakt: Malte Ehlen, Events & Veranstaltungen, malte.ehlen@neustadt.eu, 06321 9268-58, Friedrichstraße 1, 67433 Neustadt an der Weinstraße. Umwandlung aus review_candidate, Stand Zieldatum 2026-09-19."
dietzenbacher-weihnachtsmarkt-2026-dietzenbach,Dietzenbacher Weihnachtsmarkt 2026,Weihnachtsmarkt,Dietzenbach,Hessen,DE,,,Frist noch nicht veröffentlicht,,,,,,,https://www.dietzenbach.de/weihnachtsmarkt,dietzenbach.de,official,2026-09-19,conv-review-06-2026-09,frist_offen,"Markt 28.-29.11.2026; Bewerbung für Stände und Programm laut Pressemeldung offen (Formular auf der Seite), aber kein Fristdatum gefunden. Kreisstadt Dietzenbach, Kulturplanung. Umwandlung aus review_candidate, Stand Zieldatum 2026-09-19."
dietzenbacher-weinfest-2027-dietzenbach,Dietzenbacher Weinfest 2027,Weinfest,Dietzenbach,Hessen,DE,,,Frist noch nicht veröffentlicht (Online-Bewerbung möglich; Fest 2026 war 24.07.-02.08.2026),,,,,macudzinski@dietzenbach.de,06074 373-308,https://www.dietzenbach.de/Kultur-Freizeit/Kultur/Dietzenbacher-Capitol/Kultur/Feste-M%C3%A4rkte/Weinfest/F%C3%BCr-Aussteller/,dietzenbach.de,official,2026-09-12,conv-review-04-2026-09,frist_offen,"Online-Bewerbung fuer Aussteller moeglich (Termin 24.07.-02.08.2026 laut Stadtseite bereits vorbei), konkretes Fristdatum nicht auf der Seite genannt. Kontakt: Chris Macudzinski, Kreisstadt Dietzenbach, Europaplatz 3, 63128 Dietzenbach, macudzinski@dietzenbach.de, 06074 373-308. Umwandlung aus review_candidate, Stand Zieldatum 2026-09-19."
dillinger-fruehling-und-nikolai-markt-2026-2027-dillingen-an-der-donau,Dillinger Frühling und Nikolai-Markt 2026/2027,Volksfest,Dillingen an der Donau,Bayern,DE,,,Frist noch nicht veröffentlicht,,,,,,,https://www.dillingen-donau.de/tourismus/veranstaltungen/veranstaltungskalender,dillingen-donau.de,official,2026-09-16,conv-review-04-2026-09,frist_offen,"Dillinger Fruehling (Volksfest mit ca. 30 Schaustellerbetrieben, Donaupark) und Nikolai-Markt bestaetigt, aber keine offizielle Bewerbungsfrist oder Formular auf der Stadtseite gefunden. Umwandlung aus review_candidate, Stand Zieldatum 2026-09-19."
dinkelsbuehler-maerkte-2027-dinkelsbuehl,Dinkelsbühler Märkte 2027,Jahrmarkt,Dinkelsbühl,Bayern,DE,,,"Frist noch nicht veröffentlicht (Markttermine 2027 veröffentlicht, keine Frist)",,,,,,,https://www.dinkelsbuehl.de/deutsch/alle/stadt-dinkelsbuehl/maerkte/,dinkelsbuehl.de,official,2026-08-03,conv-review-02-2026-09,frist_offen,"Offizielle Stadtseite veröffentlicht Markttermine 2027, jedoch keine konkrete Bewerbungsfrist für Händler oder Fieranten. Umwandlung aus review_candidate, Stand Zieldatum 2026-09-19."
donauwoerther-reichsstrassenfest-2027-donauwoerth,Donauwörther Reichsstraßenfest 2027,Stadtfest,Donauwörth,Bayern,DE,,,Frist noch nicht veröffentlicht (keine konkrete Bewerbungsfrist),Termin 2027 belegt,,,,,,https://www.donauwoerth.de/kultur-freizeit/veranstaltungen/reichsstrassenfest,donauwoerth.de,official,2026-08-03,conv-review-03-2026-09,frist_offen,"Der offizielle 2027-Termin ist belegt, eine konkrete Frist oder ein verbindliches, am Stichtag offenes Bewerbungsfenster jedoch nicht. Umwandlung aus review_candidate, Stand Zieldatum 2026-09-19."
dreieicher-stadtfest-dreieich-2027,Dreieicher Stadtfest 2027,Stadtfest,Dreieich,Hessen,DE,,,Frist noch nicht veröffentlicht. Citymanagement Dreieich direkt kontaktieren,jährlich am 3. Oktober,,,,,,https://www.dreieich.de/rathaus-service/presse-medien/pressemitteilungen/2026/stadtfest-2026/,dreieich.de,official,2026-09-12,conv-review-05-2026-09,frist_offen,"Termin bekannt (jaehrlich 3. Oktober), keine Bewerbungsfrist fuer Schausteller auf offizieller Stadtseite gefunden; Citymanagement Dreieich direkt kontaktieren. Umwandlung aus review_candidate, Stand Zieldatum 2026-09-19."
dresdner-herbstmarkt-2026-newcomerhutte-dresden,Dresdner Herbstmarkt 2026 - Newcomerhütte,Markt,Dresden,Sachsen,DE,,,"Nächste Ausschreibung noch nicht veröffentlicht, letzte Frist war 02.08.2026",,,,,,,https://buergerbeteiligung.sachsen.de/portal/dresden/beteiligung/themen/1065488,buergerbeteiligung.sachsen.de,official,2026-08-03,conv-review-08-2026-09,frist_offen,"Die offizielle Bewerbungsfrist endete am 02.08.2026 und war am Recherchestichtag 03.08.2026 bereits abgelaufen. Umwandlung aus rejected_candidate, Stand Zieldatum 2026-09-19."
dudweiler-weihnachtsmarkt-2026-saarbrucken,Dudweiler Weihnachtsmarkt 2026,Weihnachtsmarkt,Saarbrücken,Saarland,DE,,,Frist noch nicht veröffentlicht,,,,,,,https://www.saarbruecken.de/rathaus/stadtverwaltung/bekanntmachungen/oeffentliche_bekanntmachungen/bekanntmachungen_detail/article-6888898166793,saarbruecken.de,official,2026-08-03,conv-review-07-2026-09,frist_offen,"Die gefundene offizielle Bekanntmachung enthält widersprüchliche Jahres- und Datumsangaben und bestätigt keine eindeutige offene Bewerbungsfrist für 2026. Umwandlung aus review_candidate, Stand Zieldatum 2026-09-19."
duisburger-weihnachtsmarkt-duisburg-2027,Duisburger Weihnachtsmarkt 2027,Weihnachtsmarkt,Duisburg,Nordrhein-Westfalen,DE,,,Frist noch nicht veröffentlicht. Online-Bewerbungsformular vorhanden; Veranstalter Duisburg Kontor GmbH,,,,,,,https://www.duisburgkontor.de/events/weihnachtsmarkt/,duisburgkontor.de,official,2026-08-03,conv-review-05-2026-09,frist_offen,"Veranstalter Duisburg Kontor GmbH stellt ein Online-Bewerbungsformular sowie Wechsel- und Sozialstaende bereit. Ansprechpartner Sven Fydrich, Teamleiter Events, 0203 30525-43, s.fydrich@duisburgkontor.de. Ein Bewerbungsschluss ist auf den offiziellen Seiten nicht ausgewiesen; die kursierende Angabe '30. April jeden Jahres' liess sich auf keiner offiziellen Seite belegen. Umwandlung aus review_candidate, Stand Zieldatum 2026-09-19."
duerkheimer-advent-2026-bad-duerkheim,Dürkheimer Advent 2026,Weihnachtsmarkt,Bad Dürkheim,Rheinland-Pfalz,DE,,,Frist noch nicht veröffentlicht,,,,,,,https://www.bad-duerkheim.de/kultur-tourismus/veranstaltungen-feste/duerkheimer-advent/informationen-fuer-beschicker-anwohner/,bad-duerkheim.de,official,2026-09-18,conv-review-04-2026-09,frist_offen,"Nachfass 18.09.2026: Unterseite fuer Beschicker weiterhin ohne im Abruf sichtbares Fristdatum. Stadt Bad Duerkheim direkt kontaktieren. Umwandlung aus review_candidate, Stand Zieldatum 2026-09-19."
eberswalder-weihnachtsmarkt-2027-eberswalde,Eberswalder Weihnachtsmarkt 2027,Weihnachtsmarkt,Eberswalde,Brandenburg,DE,,,Frist noch nicht veröffentlicht (Frist für 2026 war 15.03.2026),2026: 27.11.-06.12.2026,,"Stadt Eberswalde, Breite Straße 41-44, 16225 Eberswalde",,,03334 64-0,https://www.eberswalde.de/weihnachtsmarkt,eberswalde.de,official,2026-09-18,conv-review-01-2026-09,frist_offen,"Seite behandelt weiterhin nur die Ausgabe 2026 (Frist war 15. Maerz 2026, Termin 27.11.-06.12.2026); fuer 2027 noch keine Frist veroeffentlicht. Kontakt: Stadt Eberswalde, Breite Strasse 41-44, 16225 Eberswalde, Tel. 03334/64-0. Umwandlung aus review_candidate, Stand Zieldatum 2026-09-19."
ebinger-weihnachtszauber-albstadt-2026-albstadt,Ebinger Weihnachtszauber Albstadt 2026,Weihnachtsmarkt,Albstadt,Baden-Württemberg,DE,,,Frist noch nicht veröffentlicht (Schausteller sollen sich direkt an den Marktleiter wenden),,,,,ulrich.daum@citymanagement-albstadt.de,,https://hgv-albstadt.de/aktuelles/,hgv-albstadt.de,official,2026-09-18,conv-review-02-2026-09,frist_offen,"Nachfass 18.09.2026: Weiterhin keine konkrete Bewerbungsfrist auf offizieller Seite; Schausteller sollen sich direkt an den Marktleiter wenden. Kontakt: Ulrich Daum, ulrich.daum@citymanagement-albstadt.de, Anmeldeportal www.ebinger-weihnachtszauber.de. Umwandlung aus review_candidate, Stand Zieldatum 2026-09-19."
einbecker-weihnachtsmarkt-einbeck,Einbecker Weihnachtsmarkt,Weihnachtsmarkt,Einbeck,Niedersachsen,DE,,,Frist noch nicht veröffentlicht,,,,,,,https://www.h-w-w.de/aktuelles/news/einladung-zu-den-hww-weihnachtsmaerkten-2024,h-w-w.de,official,2026-09-18,conv-review-06-2026-09,frist_offen,"Nachfass 2026-09-18: Artikel-URL liefert HTTP 404, nicht mehr erreichbar. Stadt Einbeck direkt kontaktieren. Umwandlung aus review_candidate, Stand Zieldatum 2026-09-19."
eisenacher-weihnachtsmarkt-2026-eisenach,Eisenacher Weihnachtsmarkt 2026,Weihnachtsmarkt,Eisenach,Thüringen,DE,,,Frist noch nicht veröffentlicht,,,,,,,https://www.eisenach.de/service/pressemitteilungen/pressemitteilung-im-detail/gute-zukunftsaussichten-fuer-den-eisenacher-weihnachtsmarkt/,eisenach.de,official,2026-09-16,conv-review-08-2026-09,frist_offen,"Weihnachtsmarkt wird seit Ende 2024 von privatem Betreiber (Familie Hofmann-Jehn, 5-Jahres-Vertrag) organisiert; keine Bewerbungsfrist oder öffentliche Ansprechperson fuer Schausteller auf offizieller Stadtseite gefunden. Umwandlung aus review_candidate, Stand Zieldatum 2026-09-19."
elmshorner-jahrmarkt-buttermarkt-elmshorn,Elmshorner Jahrmarkt (Buttermarkt),Jahrmarkt,Elmshorn,Schleswig-Holstein,DE,,,Frist noch nicht veröffentlicht,,,,,,,https://www.elmshorn.de/Freizeit-Tourismus/Veranstaltungen/Jahrmarkt/,elmshorn.de,official,2026-09-17,conv-review-08-2026-09,frist_offen,"Offizielle Stadtseite nennt Ort (Buttermarkt) und ca. 45 Beschicker, aber keine Bewerbungsfrist. Bewerbungen laut Seite an Marktmeisterin Frau Alexandra Eltze zu richten, Tel. 04121 231 243, Stadt Elmshorn, Schulstraße 15-17, 25335 Elmshorn. Umwandlung aus review_candidate, Stand Zieldatum 2026-09-19."
elmshorner-lichtermarkt-2026-elmshorn,Elmshorner Lichtermarkt 2026,Markt,Elmshorn,Schleswig-Holstein,DE,,,Frist noch nicht veröffentlicht,,,,,,,https://www.stadtmarketing-elmshorn.de/lichtermarkt/standbetreiber-de-333.html,stadtmarketing-elmshorn.de,official,2026-08-03,conv-review-07-2026-09,frist_offen,"Die offizielle Veranstalterseite bietet Bewerbungsinformationen, nennt aber keinen belastbaren konkreten Stichtag. Umwandlung aus review_candidate, Stand Zieldatum 2026-09-19."
emsdettener-fruhjahrsmarkt-2027-emsdetten,Emsdettener Frühjahrsmarkt 2027,Markt,Emsdetten,Nordrhein-Westfalen,DE,,,Frist noch nicht veröffentlicht,,,,,,,https://www.fruehjahrsmarkt-emsdetten.de/,fruehjahrsmarkt-emsdetten.de,official,2026-09-16,conv-review-06-2026-09,frist_offen,"Termin 12.-14.03.2027 bekannt, eigene Ausstellerseite existiert laut Navigation ('FUER AUSSTELLER'), Unterseite direkt nicht abrufbar (404); keine Bewerbungsfrist gefunden. Umwandlung aus review_candidate, Stand Zieldatum 2026-09-19."
erbendorfer-jahrmaerkte-2027-erbendorf,Erbendorfer Jahrmärkte 2027,Jahrmarkt,Erbendorf,Bayern,DE,,,"Frist noch nicht veröffentlicht (Bewerbung von Fieranten jederzeit, kein Annahmeschluss)",vier Markttermine 2027,,,,,,https://www.erbendorf.de/markttage,erbendorf.de,official,2026-08-03,conv-review-03-2026-09,frist_offen,"Offizielle Stadtseite bestätigt vier Markttermine 2027 und Bewerbungen von Fieranten 'jeder Zeit', jedoch keinen konkreten Annahmeschluss. Umwandlung aus review_candidate, Stand Zieldatum 2026-09-19."
erkelenzer-weihnachtsmarkt-2026-erkelenz,Erkelenzer Weihnachtsmarkt 2026,Weihnachtsmarkt,Erkelenz,Nordrhein-Westfalen,DE,,,Frist noch nicht veröffentlicht,,,,,,,https://www.erkelenz.de/erkelenz-entdecken/veranstaltungen/erkelenzer-weihnachtsmarkt/,erkelenz.de,official,2026-09-18,conv-review-07-2026-09,frist_offen,"Veranstaltung bestaetigt (19.11.-23.12.2026, Marktplatz am Alten Rathaus). Kontakt: Stephan Jopen, Stadtmarketing, stadtmarketing@erkelenz.de, Tel. +49 2431 85-149, Stadtverwaltung Erkelenz, Johannismarkt 17, 41812 Erkelenz. Keine Bewerbungsfrist auf der offiziellen Seite genannt. Umwandlung aus review_candidate, Stand Zieldatum 2026-09-19."
eschweger-weihnachtsmarkt-eschwege,Eschweger Weihnachtsmarkt,Weihnachtsmarkt,Eschwege,Hessen,DE,,,Frist noch nicht veröffentlicht,,,,,,,https://www.eschwege.de/stadt/stadtportraet/feste-und-maerkte.php,eschwege.de,official,2026-09-16,conv-review-06-2026-09,frist_offen,"Keine Bewerbungsfrist fuer Schausteller auf offizieller Stadtseite gefunden; Kreisstadt Eschwege als allgemeiner Kontakt identifiziert, kein konkreter Ansprechpartner gefunden. Umwandlung aus review_candidate, Stand Zieldatum 2026-09-19."
espelkamper-lichterglanz-espelkamp,Espelkamper Lichterglanz,Fest,Espelkamp,Nordrhein-Westfalen,DE,,,Frist noch nicht veröffentlicht,,,,,,,"https://www.espelkamp.de/Start/Weihnachtsm%C3%A4rkte-in-Espelkamp.php?object=tx,2862.55&ModID=7&FID=2862.2171.1&NavID=2862.208",espelkamp.de,official,2026-09-14,conv-review-07-2026-09,frist_offen,"Wird vom Stadtmarketing Espelkamp e.V. organisiert, keine Bewerbungsfrist gefunden. Umwandlung aus review_candidate, Stand Zieldatum 2026-09-19."
esslinger-mittelaltermarkt-und-weihnachtsmarkt-2026-esslingen-am-neckar,Esslinger Mittelaltermarkt und Weihnachtsmarkt 2026,Weihnachtsmarkt,Esslingen am Neckar,Baden-Württemberg,DE,,,"Frist noch nicht veröffentlicht (Bewerbungsunterlagen bei Esslingen Markt und Event GmbH, kein Fristdatum)",,,,,office@esslingen-marketing.de,,https://www.esslingen-info.com/veranstaltungen/mittelaltermarkt-weihnachtsmarkt/ausstellerinformationen,esslingen-info.com,official,2026-09-18,conv-review-02-2026-09,frist_offen,"Nachfass 2026-09-18: Ausstellerseite verweist weiterhin nur allgemein auf Bewerbungsunterlagen der Esslingen Markt und Event GmbH (EME), kein konkretes Fristdatum. Wechselstaende laut Seite bereits ausgebucht. Kontakt: Marktplatz 16, 73728 Esslingen, Tel. 0711 396939-69, office@esslingen-marketing.de. Umwandlung aus review_candidate, Stand Zieldatum 2026-09-19."
ettlinger-sternlesmarkt-2027-ettlingen,Ettlinger Sternlesmarkt 2027,Weihnachtsmarkt,Ettlingen,Baden-Württemberg,DE,,,Frist noch nicht veröffentlicht,,,,,,,https://www.ettlingen.de/weihnachtsmarkt,ettlingen.de,official,2026-08-03,conv-review-01-2026-09,frist_offen,"Für 2027 waren noch keine offiziellen Bewerbungsunterlagen mit konkreter Frist veröffentlicht. Umwandlung aus review_candidate, Stand Zieldatum 2026-09-19."
europaeische-tage-des-kunsthandwerks-berlin-2027-berlin,Europäische Tage des Kunsthandwerks Berlin 2027,Kunsthandwerkermarkt,Berlin,Berlin,DE,,,Frist noch nicht veröffentlicht (Angaben zur Bewerbung betreffen noch 2026),09.-11.04.2027,,,,,,https://kunsthandwerkstage.de/berlin,kunsthandwerkstage.de,official,2026-08-03,conv-review-01-2026-09,frist_offen,"Die offizielle Berliner Plattform bestätigt den 09.-11.04.2027. Die vorhandenen Markt- und Bewerbungsangaben betreffen noch 2026; eine konkrete Bewerbungsfrist für 2027 fehlt. Umwandlung aus review_candidate, Stand Zieldatum 2026-09-19."
feller-markt-und-weinfest-fell-2026-fell,"Feller Markt und Weinfest, Fell 2026",Weinfest,Fell,Rheinland-Pfalz,DE,,,Frist noch nicht veröffentlicht,,,,,,,https://www.fellermarkt-mosel.de/,fellermarkt-mosel.de,official,2026-09-18,conv-review-07-2026-09,frist_offen,"Veranstaltung bestaetigt (18.-21.09.2026, Fell/Mosel). Offizielle Veranstalterseite vorhanden, jedoch keine Angaben zu Schausteller-Bewerbung oder Frist gefunden; Veranstaltungsbeginn faellt mit dem Recherchedatum zusammen. Umwandlung aus review_candidate, Stand Zieldatum 2026-09-19."
fischbacher-kirmes-mit-30-fischbacher-moritzrennen-arnsdorf-bei-dresden-2026-dresden,"Fischbacher Kirmes mit 30. Fischbacher Moritzrennen, Arnsdorf bei Dresden 2026",Volksfest,Dresden,Sachsen,DE,,,Frist noch nicht veröffentlicht,,,,,,,https://www.gemeindearnsdorf.de/gemeinde/ortsteile/fischbach,gemeindearnsdorf.de,official,2026-09-18,conv-review-07-2026-09,frist_offen,"Veranstaltung bestaetigt (01.-04.10.2026, Ortsteil Fischbach, Gemeinde Arnsdorf). Organisiert durch IG Moritz. Kein direkter Kontakt (E-Mail/Telefon) oder Bewerbungsfrist fuer Standbetreiber gefunden. Umwandlung aus review_candidate, Stand Zieldatum 2026-09-19."
flensburger-weihnachtsmarkt-2026-flensburg,Flensburger Weihnachtsmarkt 2026,Weihnachtsmarkt,Flensburg,Schleswig-Holstein,DE,,,"Nächste Ausschreibung noch nicht veröffentlicht, letzte Frist war 31.05.2026",,,,,,,https://www.flensburger-foerde.de/business-portal/veranstaltungs-portal/anmeldeformular,flensburger-foerde.de,official,2026-08-03,conv-review-08-2026-09,frist_offen,"Die offizielle Bewerbungsfrist 31.05.2026 war am Recherchetag bereits abgelaufen. Umwandlung aus rejected_candidate, Stand Zieldatum 2026-09-19."
frankfurter-fruhjahrs-dippemess-2027-frankfurt-am-main,Frankfurter Frühjahrs-Dippemess 2027,Fest,Frankfurt am Main,Hessen,DE,,,Frist noch nicht veröffentlicht,,,,,,,https://frankfurt.de/frankfurt-entdecken-und-erleben/stadtportrait/frankfurter-feste/fruehjahrs-dippemess,frankfurt.de,official,2026-08-03,conv-review-06-2026-09,frist_offen,"Groesstes Volksfest Frankfurts auf dem Festplatz am Ratsweg, Termin 19.03.-11.04.2027. Die Vergabe richtet sich nach der staedtischen Vergnuegungsmarktordnung; das offizielle Stadtportal veröffentlicht jedoch weder Bewerbungsverfahren noch Frist fuer Schausteller. Zuständig ist das Marktamt der Stadt Frankfurt am Main. Umwandlung aus review_candidate, Stand Zieldatum 2026-09-19."
fraenkisches-volksfest-crailsheim-2027-crailsheim,Fränkisches Volksfest Crailsheim 2027,Volksfest,Crailsheim,Baden-Württemberg,DE,,,Frist noch nicht veröffentlicht (Bewerbungen für 2027 ab August 2026 möglich),,,,,,,https://volksfest-crailsheim.de/festplatz/vergnuegungspark+2026,volksfest-crailsheim.de,official,2026-08-03,conv-review-04-2026-09,frist_offen,"Der Veranstalter gibt an, dass Bewerbungen fuer Schaustellergeschaefte und Vergnuegungspark-Attraktionen fuer 2027 ab August 2026 moeglich sind. Das ist der Beginn des Bewerbungszeitraums, ein Fristende ist nicht genannt. Zum Stichtag gerade eroeffnet, daher zeitnah nachfassen. Umwandlung aus review_candidate, Stand Zieldatum 2026-09-19."
freitaler-schlossadvent-2026-freital,Freitaler Schlossadvent 2026,Weihnachtsmarkt,Freital,Sachsen,DE,,,Frist noch nicht veröffentlicht,,,,,,,https://www.freital.de/Kultur-Tourismus/Feste-Veranstaltungen/Freitaler-Schlossadvent/,freital.de,official,2026-09-12,conv-review-08-2026-09,frist_offen,"Termin bekannt (28.-29.11. und 05.-06.12.2026), keine Bewerbungsfrist auf der Stadtseite gefunden. Kontakt: kultur@freital.de, 0351 6476-0. Umwandlung aus review_candidate, Stand Zieldatum 2026-09-19."
freystaedter-jahrmaerkte-2027-freystadt,Freystädter Jahrmärkte 2027,Jahrmarkt,Freystadt,Bayern,DE,,,"Frist noch nicht veröffentlicht (frühzeitige Bewerbung erbeten, keine konkrete Frist)",Märkte 2027 laut Marktkalender,,,,,,https://buergerservice.freystadt.de/download/aon6qo364vafdbkd7ollpaa7531/2027%20Stadt%20Freystadt%20-%20Bewerbungsformular%20Markt.pdf,buergerservice.freystadt.de,official,2026-08-03,conv-review-03-2026-09,frist_offen,"Offizielles Bewerbungsformular und Marktkalender bestätigen die Märkte 2027; die Aufforderung zur frühzeitigen Bewerbung ist keine konkrete Frist. Umwandlung aus review_candidate, Stand Zieldatum 2026-09-19."
friedberger-herbstmarkt-friedberg-hessen-2027,Friedberger Herbstmarkt 2027,Jahrmarkt,Friedberg (Hessen),Hessen,DE,,,Frist noch nicht veröffentlicht,jährlich um den 3. Sonntag im September (Fr.-Di.),,,,,,https://www.friedberg-hessen.de/de/freizeit-tourismus/freizeit/veranstaltungen/herbstmarkt/,friedberg-hessen.de,official,2026-09-12,conv-review-05-2026-09,frist_offen,"Termin bekannt (jaehrlich um den 3. Sonntag im September, Fr.-Di.), keine Bewerbungsfrist auf der offiziellen Stadtseite (friedberg-hessen.de) gefunden. Kontakt: Magistrat der Stadt Friedberg (Hessen), Mainzer-Tor-Anlage 6, 61169 Friedberg, stadt@friedberg-hessen.de, 06031 88-1. Umwandlung aus review_candidate, Stand Zieldatum 2026-09-19."
fronleichnamskirmes-xanten-2027-xanten,Fronleichnamskirmes Xanten 2027,Volksfest,Xanten,Nordrhein-Westfalen,DE,,,Frist noch nicht veröffentlicht,,,,,,,https://www.xanten.de/rathaus-buergerservice/digitales-services/services-von-a-z/kirmes-xanten,xanten.de,official,2026-09-19,conv-review-06-2026-09,frist_offen,"Seite lieferte 403 beim Abruf; laut Suchtreffer Kirmes 27.-31.05.2027, Bewerbung digital an ordnung@xanten.de; Frist nicht verifiziert. Nachfassen. Umwandlung aus review_candidate, Stand Zieldatum 2026-09-19."
fruehjahrsmarkt-ergenzingen-2027-rottenburg-am-neckar,Frühjahrsmarkt Ergenzingen 2027,Jahrmarkt,Rottenburg am Neckar,Baden-Württemberg,DE,,,"Frist noch nicht veröffentlicht (Stadtteil Ergenzingen, keine Frist veröffentlicht)",03.05.2027,,,,,,https://www.rottenburg.de/maerkte.56.htm?lnav=9515,rottenburg.de,official,2026-08-03,conv-review-02-2026-09,frist_offen,"Die offizielle Stadtseite bestätigt den Markttermin 03.05.2027, veröffentlicht aber keine konkrete Bewerbungsfrist. Umwandlung aus review_candidate, Stand Zieldatum 2026-09-19."
fruhling-an-der-neisse-2027-guben-gubin-stadtfest-guben,Frühling an der Neisse 2027 Guben-Gubin (Stadtfest),Stadtfest,Guben,Brandenburg,DE,,,Frist noch nicht veröffentlicht,,,,,,,https://www.guben.de/de/leben-wohnen/soziales/item/1072-fruehling-an-der-neisse-2026,guben.de,official,2026-09-19,conv-review-06-2026-09,frist_offen,"Stadtfest 29.-31.05.2026 bestaetigt (Ausgabe 2026, vorbei); Seite enthaelt keine Bewerbungsinfos fuer Beschicker/Schausteller. Kontakt: Stadt Guben, Gasstraße 4, 03172 Guben, Tel. 03561 6871-0, info@guben.de. Umwandlung aus review_candidate, Stand Zieldatum 2026-09-19."
fruehlingsvolksfest-sulzbach-rosenberg-2027-sulzbach-rosenberg,Frühlingsvolksfest Sulzbach-Rosenberg 2027,Volksfest,Sulzbach-Rosenberg,Bayern,DE,,,Frist noch nicht veröffentlicht (Fest 2026 war 13.-17.05.2026),,,,,markt@sulzbach-rosenberg.de,09661 510-1303,https://www.suro.city/fruehlingsfest-altstadtfest-und-annabergfest-finden-statt/,suro.city,official,2026-09-16,conv-review-04-2026-09,frist_offen,"Fruehlingsfest 2026 fand 13.-17.05. statt. Standplatzbewerbungen sind schriftlich zu richten an: Amt fuer oeffentliche Sicherheit und Ordnung, Siegfried Lier (Marktmeister), Haus fuer Buergerdienste DG/Zi. 14, Luitpoldplatz 5, 92237 Sulzbach-Rosenberg, Tel. 09661 510-1303, Fax 09661 510-1307, markt@sulzbach-rosenberg.de. Keine konkrete Bewerbungsfrist auf offizieller Seite gefunden. Umwandlung aus review_candidate, Stand Zieldatum 2026-09-19."
fruehlingsvolksfest-und-herbstvolksfest-gera-2027-gera,Frühlingsvolksfest und Herbstvolksfest Gera 2027,Volksfest,Gera,Thüringen,DE,,,Frist noch nicht veröffentlicht (Herbstvolksfest 2026 war 17.-31.10.2026),,,,,kuehn.steffen@gera.de,0365 619-0,https://www.gera.de/tourismus-freizeit-kultur/maerkte-und-feste/stadtfeste/herbstvolksfest,gera.de,official,2026-08-04,conv-review-04-2026-09,frist_offen,"Beide Volksfeste sind terminiert (Herbstvolksfest 17.-31.10.2026, Frühlingsvolksfest ab 18. April), eine Bewerbungsfrist nennt die Stadt aber nicht. Zuständig: Stadt Gera, Kulturamt, Steffen Kühn, kuehn.steffen@gera.de, 0365 619-0, Schloßstraße 1, 07545 Gera. Voraussetzung ist eine Reisegewerbekarte nach § 55 Abs. 2 GewO und eine Versicherung nach Schaustellerhaftpflichtverordnung. Umwandlung aus review_candidate, Stand Zieldatum 2026-09-19."
fuerstenfeldbrucker-altstadtfest-2027-fuerstenfeldbruck,Fürstenfeldbrucker Altstadtfest 2027,Stadtfest,Fürstenfeldbruck,Bayern,DE,,,"Frist noch nicht veröffentlicht (Stadt kündigt Bewerbungen als demnächst wieder möglich an, keine 2027-Frist)",,,,,,,https://www.fuerstenfeldbruck.de/ffb/web.nsf/id/pa_altstadtfest.html,fuerstenfeldbruck.de,official,2026-08-03,conv-review-03-2026-09,frist_offen,"Die offizielle Stadtseite kündigt künftige Bewerbungen lediglich als demnächst wieder möglich an und nennt keine 2027-Frist. Umwandlung aus review_candidate, Stand Zieldatum 2026-09-19."
fuerstenfeldbrucker-christkindlmarkt-2027-fuerstenfeldbruck,Fürstenfeldbrucker Christkindlmarkt 2027,Weihnachtsmarkt,Fürstenfeldbruck,Bayern,DE,,,Frist noch nicht veröffentlicht (2027-Frist noch nicht veröffentlicht; mehrjährige Rahmenbedingungen vorhanden),,,,,,,https://www.fuerstenfeldbruck.de/ffb/web.nsf/id/pa_christkindlmarkt.html,fuerstenfeldbruck.de,official,2026-08-03,conv-review-03-2026-09,frist_offen,"Mehrjährige Rahmenbedingungen sind vorhanden, die am Stichtag verfügbaren Bewerbungsunterlagen und Fristen bezogen sich jedoch nicht konkret auf 2027. Umwandlung aus review_candidate, Stand Zieldatum 2026-09-19."
fuerstenwalder-weihnachtsmarkt-2026-fuerstenwalde-spree,Fürstenwalder Weihnachtsmarkt 2026,Weihnachtsmarkt,Fürstenwalde/Spree,Brandenburg,DE,Domplatz,,Frist noch nicht veröffentlicht (Seite zeigt nur Markt 2025),,,"Stadt Fürstenwalde/Spree, Am Markt 4, 15517 Fürstenwalde/Spree",,,03361 557-0,https://www.fuerstenwalde-spree.de/news/1/1166831,fuerstenwalde-spree.de,official,2026-09-18,conv-review-01-2026-09,frist_offen,"Seite zeigt weiterhin nur den Markt 2025 (Domplatz), keine Bewerbungsfrist fuer 2026. Kontakt: Stadt Fuerstenwalde/Spree, Am Markt 4, 15517 Fuerstenwalde/Spree, Tel. 03361 557-0. Umwandlung aus review_candidate, Stand Zieldatum 2026-09-19."
fussener-adventsmarkt-2026-fussen,Füssener Adventsmarkt 2026,Weihnachtsmarkt,Füssen,Bayern,DE,,,Frist noch nicht veröffentlicht,,,,,,,https://www.stadt-fuessen.de/,stadt-fuessen.de,official,2026-09-19,conv-review-06-2026-09,frist_offen,"Keine Bewerbungsfrist auffindbar (nur Markt-/Marktsatzung). Kontakt Füssen Tourismus und Marketing, Kaiser-Maximilian-Platz 1, 87629 Füssen, Tel. 08362 9385-0, tourismus@fuessen.de. Umwandlung aus review_candidate, Stand Zieldatum 2026-09-19."
gallimarkt-leer-2026-14-18-10-2026-leer,Gallimarkt Leer 2026 (14.-18.10.2026),Markt,Leer,Niedersachsen,DE,,,Frist noch nicht veröffentlicht,,,,,,,https://leer.de/Stadt-Leben/Stadt-Leer-Ostfriesland-/Gallimarkt/,leer.de,official,2026-09-16,conv-review-06-2026-09,frist_offen,"Termin bestaetigt (14.-18.10.2026), Markt wird laut Presse in Abstimmung zwischen Stadt Leer und dem Verein reisender Schausteller Ostfriesland e.V. (Friedhofstraße 26, 26789 Leer) organisiert. Keine online veröffentlichte Bewerbungsfrist gefunden; direkte Anfrage bei Stadt oder Verein noetig. Umwandlung aus review_candidate, Stand Zieldatum 2026-09-19."
gallimarkt-leer-2027-leer,Gallimarkt Leer 2027,Markt,Leer,Niedersachsen,DE,,,Frist noch nicht veröffentlicht,,,,,,,https://leer.de/Stadt-Leben/Stadt-Leer-Ostfriesland-/Gallimarkt/,leer.de,official,2026-09-19,conv-review-06-2026-09,frist_offen,"Bewerbungsfrist nicht veröffentlicht; Marktmeister Michael Meyer, 0491 9782-226, Rathausstraße 1, 26789 Leer (Eintrag ggf. bereits im Master). Umwandlung aus review_candidate, Stand Zieldatum 2026-09-19."
gartenmarkt-der-landesgartenschau-wittenberge-2027-wittenberge,Gartenmarkt der Landesgartenschau Wittenberge 2027,Gartenmarkt / Landesgartenschau,Wittenberge,Brandenburg,DE,Landesgartenschau Wittenberge,,Frist noch nicht veröffentlicht (Bewerbung über Online-Anfrageformular),21.04.-24.10.2027,online,,,,,https://www.laga-wittenberge.de/anbieter-fuer-den-gartenmarkt-der-landesgartenschau-wittenberge-2027-gesucht/,laga-wittenberge.de,official,2026-08-03,conv-review-01-2026-09,frist_offen,"Offizieller Aufruf der Landesgartenschau Wittenberge 2027 gGmbH sucht Anbieter fuer den Gartenmarkt (Garten, Pflanzen, Floristik, Kunsthandwerk, regionale Handwerkserzeugnisse) waehrend der LAGA vom 21.04.-24.10.2027, Bewerbung ueber Online-Anfrageformular. Es wird ausdruecklich kein Bewerbungsschluss genannt ('bereits jetzt' moeglich), damit fehlt die fuer eine Veroeffentlichung noetige Frist. Kontakt: Perleberger Strasse 165, 19322 Wittenberge, +49 3877 5639300, info@laga-wittenberge.de. Umwandlung aus review_candidate, Stand Zieldatum 2026-09-19."
gartenmarkt-goslar-2026-goslar,Gartenmarkt Goslar 2026,Markt,Goslar,Niedersachsen,DE,,,"Nächste Ausschreibung noch nicht veröffentlicht, letzte Frist war 22.02.2026",,,,,,,https://www.meingoslar.de/veranstaltungen/infos-fuer-aussteller,meingoslar.de,official,2026-09-12,conv-review-08-2026-09,frist_offen,"Teil der Goslarer Sammelausschreibung; Bewerbungsfrist war der 22.02.2026, bereits verstrichen. Umwandlung aus rejected_candidate, Stand Zieldatum 2026-09-19."
geisenheimer-adventszauber-2026-weihnachtsmarkt-rheingau-geisenheim,Geisenheimer Adventszauber 2026 - Weihnachtsmarkt Rheingau,Weihnachtsmarkt,Geisenheim,Hessen,DE,,,Frist noch nicht veröffentlicht,,,,,,,http://www.geisenheimer-adventszauber.de/,geisenheimer-adventszauber.de,official,2026-09-18,conv-review-07-2026-09,frist_offen,"Veranstalterin Gisela Mills bestaetigt (Tel. 0151-15548694, Standpreis 90 Euro/3 Tage fuer 3x3m), aber konkretes Datum/Frist fuer 2026 (voraussichtlich erstes Adventswochenende) auf der Seite noch nicht veröffentlicht. Umwandlung aus review_candidate, Stand Zieldatum 2026-09-19."
gemener-kirmes-borken-gemen-2026-borken,Gemener Kirmes (Borken-Gemen) 2026,Volksfest,Borken,Nordrhein-Westfalen,DE,,,Frist noch nicht veröffentlicht,,,,,,,https://buergerschuetzenverein-gemen.de/webseite_wp_2021/wordpress/informationen-fuer-schausteller/,buergerschuetzenverein-gemen.de,official,2026-09-16,conv-review-06-2026-09,frist_offen,"Veranstaltung jaehrlich am 1. Sonntag im August, Bewerbungsunterlagen (Standmasse, Anschrift, Fotos) beschrieben, aber keine Bewerbungsfrist genannt. Kontakte: Christoph Garthaus (Vertraege), Augustin-Wibbelt-Straße 12, 46325 Borken-Gemen, christoph.garthaus@buergerschützenverein-gemen.de; Robert Bollrath (Platzwart), Ahnenkamp 9, 46325 Borken-Gemen, robert.bollrath@buergerschützenverein-gemen.de. Umwandlung aus review_candidate, Stand Zieldatum 2026-09-19."
geraer-marchenmarkt-weihnachtsmarkt-2026-gera,Geraer Märchenmarkt (Weihnachtsmarkt) 2026,Weihnachtsmarkt,Gera,Thüringen,DE,,,Frist noch nicht veröffentlicht,,,,,,,https://www.gera.de/maerkte-und-feste/maerkte-sondermaerkte/haendlerinformation,gera.de,official,2026-09-16,conv-review-08-2026-09,frist_offen,"Antragsformular 'Antrag Zulassungserlaubnis Maerchenmarkt 2026' online verfuegbar, aber keine Bewerbungsfrist auf der Seite genannt. Kontakt: Marktmeister Marko Schwaberau, marktmeister@gera.de, 0175 7285981, Schlossstraße 1, 07545 Gera. Umwandlung aus review_candidate, Stand Zieldatum 2026-09-19."
germersheimer-pfingstmarkt-2026-germersheim,Germersheimer Pfingstmarkt 2026,Markt,Germersheim,Rheinland-Pfalz,DE,,,Frist noch nicht veröffentlicht,,,,,,,https://www.germersheim.eu/kultur-tourismus/feste-maerkte/pfingstmarkt/,germersheim.eu,official,2026-09-17,conv-review-08-2026-09,frist_offen,"Keine Bewerbungsfrist auf offizieller Seite gefunden. Kontakt: Stadtverwaltung Germersheim, Kolpingplatz 3, 76726 Germersheim, info@germersheim.eu, +49 7274 960-0; Tourist-Info tourist-info@germersheim.eu, +49 7274 960-301. Umwandlung aus review_candidate, Stand Zieldatum 2026-09-19."
germersheimer-weihnachtsmarkt-2026-germersheim,Germersheimer Weihnachtsmarkt 2026,Weihnachtsmarkt,Germersheim,Rheinland-Pfalz,DE,,,Frist noch nicht veröffentlicht,,,,,,,https://www.germersheim.eu/kultur-tourismus/feste-maerkte/germersheimer-maerkte/weihnachtsmarkt/,germersheim.eu,official,2026-09-19,conv-review-06-2026-09,frist_offen,"Markt 27.-29.11. und 04.-06.12.2026 (Fronte Beckers); Online-Bewerbung unter germersheim.eu/anmeldung_weihnachtsmarkt, aber keine Frist genannt. Kontakt: Tourist-Info Weißenburger Tor, 07274 960-301, tourist-info@germersheim.eu. Nachfassen. Umwandlung aus review_candidate, Stand Zieldatum 2026-09-19."
gifhorner-altstadtfest-gifhorn,Gifhorner Altstadtfest,Stadtfest,Gifhorn,Niedersachsen,DE,,,Frist noch nicht veröffentlicht,,,,,,,https://gifhorner-altstadtfest.eu/bewerbungen.html,gifhorner-altstadtfest.eu,official,2026-08-03,conv-review-06-2026-09,frist_offen,"Eigene Bewerbungsseite des Veranstalters. Die Domain war zum Pruefzeitpunkt nicht aufloesbar (DNS-Fehler), Fristen konnten nicht ermittelt werden. Umwandlung aus review_candidate, Stand Zieldatum 2026-09-19."
gmunder-weihnachtsmarkt-standplatze-schwabisch-gmund,Gmünder Weihnachtsmarkt (Standplätze),Weihnachtsmarkt,Schwäbisch Gmünd,Baden-Württemberg,DE,,,Frist noch nicht veröffentlicht,,,,,,,https://www.schwaebisch-gmuend.de/veranstaltung/gmuender-weihnachtsmarkt-4.html,schwaebisch-gmuend.de,official,2026-09-16,conv-review-06-2026-09,frist_offen,"Keine Bewerbungsfrist auf der Veranstaltungsseite gefunden. Stadt Schwäbisch Gmünd vergibt Standplätze laut anderen Ausschreibungen (z.B. Maimarkt-Krämermarkt) über eigene Ausschreibungsseiten; entsprechende Seite fuer den Weihnachtsmarkt 2026 wurde nicht gefunden. Kontakt: Touristik und Marketing GmbH Schwäbisch Gmünd, Marktplatz 37/1, 73525 Schwäbisch Gmünd. Umwandlung aus review_candidate, Stand Zieldatum 2026-09-19."
goldener-pforzheimer-weihnachtsmarkt-2026-pforzheim,Goldener Pforzheimer Weihnachtsmarkt 2026,Weihnachtsmarkt,Pforzheim,Baden-Württemberg,DE,,,Frist noch nicht veröffentlicht,,,,,,,https://maerkte.pforzheim.de/goldener-pforzheimer-weihnachtsmarkt.html,maerkte.pforzheim.de,official,2026-09-19,conv-review-06-2026-09,frist_offen,"Markt 23.11.-22.12.2026 bestätigt; Bewerbungsseite für Kunsthandwerker erwähnt, aber keine Frist abrufbar. Marktverwaltung Stadt Pforzheim, Östliche 37a, 75175 Pforzheim, Tel. 07231 39-2374 / 39-3157. Umwandlung aus review_candidate, Stand Zieldatum 2026-09-19."
gorlitzer-altstadtfest-gorlitz,Görlitzer Altstadtfest,Stadtfest,Görlitz,Sachsen,DE,,,Frist noch nicht veröffentlicht,,,,,,,https://www.altstadtfest-goerlitz.com/,altstadtfest-goerlitz.com,official,2026-09-12,conv-review-08-2026-09,frist_offen,"Termin 2026 bekannt (28.-30.08.2026), keine Bewerbungsfrist fuer Schausteller/Haendler auf der Veranstalterseite gefunden. Direkter Kontakt noch offen. Umwandlung aus review_candidate, Stand Zieldatum 2026-09-19."
gothaer-weihnachtsmarkt-2026-gotha,Gothaer Weihnachtsmarkt 2026,Weihnachtsmarkt,Gotha,Thüringen,DE,,,Frist noch nicht veröffentlicht,,,,,,,https://www.gothaer-weihnachtsmarkt.de/staende,gothaer-weihnachtsmarkt.de,official,2026-09-16,conv-review-08-2026-09,frist_offen,"Wird von der KulTourStadt Gotha GmbH organisiert (Hauptmarkt 17, 99867 Gotha, Tel. 03621 510-430); Stände-/Haendlerseite vorhanden, aber keine Bewerbungsfrist genannt. Umwandlung aus review_candidate, Stand Zieldatum 2026-09-19."
gredinger-jahrmaerkte-2027-greding,Gredinger Jahrmärkte 2027,Jahrmarkt,Greding,Bayern,DE,,,"Frist noch nicht veröffentlicht (schriftliche Bewerbung möglich, keine Frist)",,,,,,,https://www.greding.de/stadtverwaltung/aufgaben/jahrmaerkte/,greding.de,official,2026-08-03,conv-review-02-2026-09,frist_offen,"Offizielle Stadtseite ermöglicht schriftliche Bewerbungen für die Jahrmärkte, weist jedoch keine konkrete 2027-Bewerbungsfrist aus. Umwandlung aus review_candidate, Stand Zieldatum 2026-09-19."
greifswalder-weihnachtsmarkt-2026-greifswald,Greifswalder Weihnachtsmarkt 2026,Weihnachtsmarkt,Greifswald,Mecklenburg-Vorpommern,DE,,,Frist noch nicht veröffentlicht,,,,,,,https://www.greifswald.de/de/urlaub-kultur/veranstaltungen/maerkte/weihnachtsmarkt/,greifswald.de,official,2026-08-03,conv-review-06-2026-09,frist_offen,"Historischer Weihnachtsmarkt auf dem Marktplatz vom 26. November bis 21. Dezember 2026. Die Seite verweist auf ein Bewerbungsformular, nennt aber im Gegensatz zum Kunsthandwerkermarkt keine Frist. Fachbereich Märkte und Veranstaltungen, markt@greifswald.de, +49 3834 8536-4380. Umwandlung aus review_candidate, Stand Zieldatum 2026-09-19."
grosser-weihnachtsmarkt-emmendingen-lammstrasse-2026-emmendingen,Großer Weihnachtsmarkt Emmendingen (Lammstraße) 2026,Weihnachtsmarkt,Emmendingen,Baden-Württemberg,DE,,,Frist noch nicht veröffentlicht (keine Frist auf der Stadtseite),05.-06.12.2026,,,,,,https://www.emmendingen.de/kultur-freizeit/veranstaltungen-1/4561/grosser-weihnachtsmarkt-in-der-lammstrasse,emmendingen.de,official,2026-09-18,conv-review-02-2026-09,frist_offen,"Nachfass 2026-09-18: Termin 5.-6.12.2026 bestaetigt, weiterhin keine Bewerbungsfrist auf der Stadtseite. Veranstalter: Aktionsgemeinschaft Lammstrasse, Tourist-Info Tel. 07641 19433. Umwandlung aus review_candidate, Stand Zieldatum 2026-09-19."
grosskirmes-kleve-2027-kleve,Großkirmes Kleve 2027,Volksfest,Kleve,Nordrhein-Westfalen,DE,,,Frist noch nicht veröffentlicht,,,,,,,https://www.kleve.de/stadt-kleve/freizeit-und-kultur/veranstaltungen/kirmes,kleve.de,official,2026-08-03,conv-review-06-2026-09,frist_offen,"Die Stadt Kleve schreibt die Großkirmes jaehrlich aus und nimmt Platzbewerbungen über den Fachbereich Öffentliche Sicherheit und Ordnung, Minoritenplatz 1, 47533 Kleve entgegen. Fuer 2027 war zum Pruefzeitpunkt keine Ausschreibung mit Frist veröffentlicht. Umwandlung aus review_candidate, Stand Zieldatum 2026-09-19."
grunstadt-wochenmarkt-marktbeschicker-grunstadt,Grünstadt Wochenmarkt - Marktbeschicker,Wochenmarkt,Grünstadt,Rheinland-Pfalz,DE,,,Frist noch nicht veröffentlicht,,,,,,,https://www.gruenstadt.de/unsere-stadt/wochenmarkt/fuer-marktbeschicker/informationen-zur-bewerbung/,gruenstadt.de,official,2026-09-17,conv-review-08-2026-09,frist_offen,"Laufende (nicht fristgebundene) Bewerbung für Marktbeschicker auf dem Wochenmarkt möglich, kein Bewerbungsschluss-Datum vorhanden. Kontakt: Stadtverwaltung Grünstadt, Kreuzerweg 2/7, 67269 Grünstadt, stadt@gruenstadt.de, 06359/805-0. Umwandlung aus review_candidate, Stand Zieldatum 2026-09-19."
gubener-weihnachtsmarkt-2026-guben,Gubener Weihnachtsmarkt 2026,Weihnachtsmarkt,Guben,Brandenburg,DE,,,Frist noch nicht veröffentlicht,,,,,,,https://www.guben.de/de/freizeit-tourismus/guben-veranstaltungen/gubener-weihnachtsmarkt-3,guben.de,official,2026-09-19,conv-review-06-2026-09,frist_offen,"Stadtseite nennt Markt an 3. Advent, aber keine Haendler-Bewerbungsfrist gefunden (Pressemeldungs-URL lieferte 404). Kontakt: Stadt Guben, Gasstraße 4, 03172 Guben, Tel. 03561 6871-0, info@guben.de. Umwandlung aus review_candidate, Stand Zieldatum 2026-09-19."
guenzburger-jahrmarkt-2027-guenzburg,Günzburger Jahrmarkt 2027,Jahrmarkt,Günzburg,Bayern,DE,,,"Frist noch nicht veröffentlicht (Bewerbungs-PDF vorhanden, keine Frist genannt)",,,,,,08221 903-0,https://www.guenzburg.de/kultur-feste/feste-maerkte/,guenzburg.de,official,2026-09-16,conv-review-04-2026-09,frist_offen,"Stadtseite bietet einen Download 'Bewerbung Jahrmarkt' als PDF an, jedoch ohne erkennbare Bewerbungsfrist im Fliesstext. Kontakt Volksfest/Jahrmarkt: Frau Faessler, Stadtverwaltung Guenzburg, Schlossplatz 1, 89312 Guenzburg, Tel. 08221 903-0. Umwandlung aus review_candidate, Stand Zieldatum 2026-09-19."
guenzburger-volksfest-2027-guenzburg,Günzburger Volksfest 2027,Volksfest,Günzburg,Bayern,DE,,,Frist noch nicht veröffentlicht (Volksfest 2026 war 07.-16.08.2026),,,,,,,https://www.guenzburg.de/kultur-feste/volksfest/,guenzburg.de,official,2026-09-16,conv-review-04-2026-09,frist_offen,"Termin 07.-16.08.2026 bestaetigt, aber Bewerbungsverfahren/Frist fuer Schausteller nicht auf der Seite dokumentiert. Umwandlung aus review_candidate, Stand Zieldatum 2026-09-19."
gunzenhaeuser-kirchweih-und-buergerfest-2027-gunzenhausen,Gunzenhäuser Kirchweih und Bürgerfest 2027,Kirchweih,Gunzenhausen,Bayern,DE,,,Frist noch nicht veröffentlicht,,,,,touristik@gunzenhausen.de,09831 508300,https://www.gunzenhausen.info/feste/,gunzenhausen.info,official,2026-09-13,conv-review-04-2026-09,frist_offen,"Keine Bewerbungsfrist fuer Schausteller auf offizieller Seite gefunden. Kontakt: Tourist-Information Gunzenhausen, touristik@gunzenhausen.de, 09831 508300. Umwandlung aus review_candidate, Stand Zieldatum 2026-09-19."
hagener-kirmes-hagen-am-teutoburger-wald-hagen-am-teutoburger-wald,Hagener Kirmes (Hagen am Teutoburger Wald),Volksfest,Hagen am Teutoburger Wald,Niedersachsen,DE,,,Frist noch nicht veröffentlicht,,,,,,,https://hagener-kirmes.de/informationen-fuer-schausteller,hagener-kirmes.de,official,2026-08-03,conv-review-06-2026-09,frist_offen,"Abgrenzungshinweis: Diese Kirmes liegt nicht in Hagen (NRW), sondern in der Gemeinde Hagen am Teutoburger Wald in Niedersachsen. Die Seite verweist Bewerbungen an Ansprechpartner Stefan Bartling bei der Gemeinde, nennt aber weder Termin noch Frist. Fuer die Niedersachsen-Welle vormerken. Umwandlung aus review_candidate, Stand Zieldatum 2026-09-19."
hallescher-weihnachtsmarkt-2026-halle-saale,Hallescher Weihnachtsmarkt 2026,Weihnachtsmarkt,Halle (Saale),Sachsen-Anhalt,DE,,,Frist noch nicht veröffentlicht,,,,,,,https://halle.de/kultur-tourismus/veranstaltungen/maerkte/sondermaerkte/weihnachtsmarkt,halle.de,official,2026-08-03,conv-review-07-2026-09,frist_offen,"Die Stadt stellt ein Bewerbungsformular bereit, nennt auf der geprüften Seite und im Formular aber keine eindeutig bestätigte Frist. Umwandlung aus review_candidate, Stand Zieldatum 2026-09-19."
hamburger-weihnachtsmarkt-rathausmarkt-hamburg-2026,Hamburger Weihnachtsmarkt Rathausmarkt 2026,Weihnachtsmarkt,Hamburg,Hamburg,DE,Rathausmarkt,,Frist noch nicht veröffentlicht. Bewerbungen werden laut FAQ ohne Frist angenommen,,,,,,,https://www.hamburger-weihnachtsmarkt.com/faqs/,hamburger-weihnachtsmarkt.com,official,2026-09-18,conv-review-05-2026-09,frist_offen,"Nachfass 18.09.2026: Offizielle FAQ bestaetigen weiterhin ausdruecklich, dass Bewerbungen ohne Frist angenommen werden (markt-hamburg@roncalli.de). Ohne Fristdatum nicht veroeffentlichbar. Umwandlung aus review_candidate, Stand Zieldatum 2026-09-19."
hammelburger-fruehjahrsmarkt-2027-hammelburg,Hammelburger Frühjahrsmarkt 2027,Jahrmarkt,Hammelburg,Bayern,DE,,,Frist noch nicht veröffentlicht (kein Beschickeraufruf mit Frist),13.-14.03.2027,,,,,,https://touristik.hammelburg.de/fileadmin/Tourismus_Hammelburg/Jubil%C3%A4umsjahr_2027/Veranstaltungskalender_2027.pdf,touristik.hammelburg.de,official,2026-08-03,conv-review-03-2026-09,frist_offen,"Der offizielle Kalender bestätigt den Frühjahrsmarkt am 13.-14.03.2027, enthält jedoch keinen Beschickeraufruf mit Frist. Umwandlung aus review_candidate, Stand Zieldatum 2026-09-19."
hanauer-weihnachtsmarkt-2026-hanau,Hanauer Weihnachtsmarkt 2026,Weihnachtsmarkt,Hanau,Hessen,DE,,,Frist noch nicht veröffentlicht,,,,,,,https://www.hanau.de/freizeit/maerkte/weihnachtsmaerkte/index.html,hanau.de,official,2026-09-19,conv-review-06-2026-09,frist_offen,"Stadtseite listet Märkte, aber keine Bewerbungsfrist für Beschicker; Kontakt über Stadt Hanau (Marktwesen) bzw. GUDE HANAU / Stadtmarketing. Umwandlung aus review_candidate, Stand Zieldatum 2026-09-19."
hansestadtfest-bunter-hering-frankfurt-oder-frankfurt-oder,HanseStadtFest Bunter Hering Frankfurt (Oder),Stadtfest,Frankfurt (Oder),Brandenburg,DE,,,Frist noch nicht veröffentlicht (Bewerbung über eventkultur.de bzw. event@fuerst-pueckler.info),,,,,event@fuerst-pueckler.info,,https://kultursommer.frankfurt-slubice.eu/de/hansestadtfest,kultursommer.frankfurt-slubice.eu,official,2026-08-03,conv-review-01-2026-09,frist_offen,"Groesstes Stadtfest Brandenburgs mit rund 100.000 Besuchern. Bewerbungen fuer Haendler, Gastronomen und Aussteller laufen ueber eventkultur.de bzw. event@fuerst-pueckler.info. Eine kalendarische Bewerbungsfrist wird auf den offiziellen Seiten nicht genannt. Umwandlung aus review_candidate, Stand Zieldatum 2026-09-19."
harburger-weihnachtsmarkt-auf-dem-rathausplatz-2026-hamburg,Harburger Weihnachtsmarkt auf dem Rathausplatz 2026,Weihnachtsmarkt,Hamburg,Hamburg,DE,,,Frist noch nicht veröffentlicht,,,,,,,https://www.harburger-weihnachtsmarkt.de/kontakt/,harburger-weihnachtsmarkt.de,official,2026-09-18,conv-review-07-2026-09,frist_offen,"Veranstaltung bestaetigt (19.11.-28.12.2026), Veranstalter WAGS Hamburg Events GmbH, Eiffestraße 68, 20537 Hamburg, Tel. (040) 430 975 90. Bewerbungsformular als PDF verlinkt, jedoch keine konkrete Bewerbungsfrist auf der Seite genannt. Umwandlung aus review_candidate, Stand Zieldatum 2026-09-19."
hattinger-altstadtfest-2026-hattingen,Hattinger Altstadtfest 2026,Stadtfest,Hattingen,Nordrhein-Westfalen,DE,,,Frist noch nicht veröffentlicht,,,,,,,https://www.hattingen.de/stadt_hattingen/Tourismus/Events/,hattingen.de,official,2026-09-12,conv-review-07-2026-09,frist_offen,"Termin bekannt (29.-31.05.2026, bereits vorbei), keine Bewerbungsfrist fuer die naechste Ausgabe gefunden. Umwandlung aus review_candidate, Stand Zieldatum 2026-09-19."
heidenheimer-weihnachtsmarkt-2026-heidenheim-an-der-brenz,Heidenheimer Weihnachtsmarkt 2026,Weihnachtsmarkt,Heidenheim an der Brenz,Baden-Württemberg,DE,,,Frist noch nicht veröffentlicht (nur allgemeiner Hinweis auf Teilnahmebedingungen),,,,,wirtschaftsfoerderung@heidenheim.de,,"https://www.heidenheim.de/,Lde/startseite/Leben/weihnachtsmarkt.html",heidenheim.de,official,2026-09-18,conv-review-02-2026-09,frist_offen,"Nachfass 18.09.2026: Weiterhin keine konkrete Bewerbungsfrist auf offizieller Seite, nur allgemeiner Hinweis auf Teilnahmebedingungen. Kontakt: Wirtschaftsfoerderung Heidenheim, Grabenstrasse 15, 89522 Heidenheim an der Brenz, wirtschaftsfoerderung@heidenheim.de, Tel. 07321 3271081. Umwandlung aus review_candidate, Stand Zieldatum 2026-09-19."
heider-herbstjahrmarkt-2026-marktplatz-heide,Heider Herbstjahrmarkt 2026 (Marktplatz),Jahrmarkt,Heide,Schleswig-Holstein,DE,,,Frist noch nicht veröffentlicht,,,,,,,https://www.heide-stadtmarketing.de/jahrmarkt/,heide-stadtmarketing.de,official,2026-09-17,conv-review-08-2026-09,frist_offen,"Termin 2026 bekannt (22.-27.10., Herbstmarkt; Frühjahrsmarkt 13.-22.03. bereits verstrichen), keine Bewerbungsfrist auf der offiziellen Seite gefunden. Kontakt Heide Stadtmarketing GmbH, Tel. 0481 21 22 160, info@heide-stadtmarketing.de. Umwandlung aus review_candidate, Stand Zieldatum 2026-09-19."
heider-marktfrieden-2027-heide,Heider Marktfrieden 2027,Markt,Heide,Schleswig-Holstein,DE,,,Frist noch nicht veröffentlicht,,,,,,,https://www.heide.de/leben-freizeit/events-maerkte/heider-marktfrieden.html,heide.de,official,2026-09-19,conv-review-06-2026-09,frist_offen,"Stadt-Seite nennt laufenden Aufruf für Händler/Künstler 2027, aber keine Frist abrufbar; Termin widersprüchlich (Suche: 2.-4.6.2027, Vereinsseite: 2.-4.7.2027). Kontakt über heide.de bzw. heider-marktfrieden.de/kontakt.html. Umwandlung aus review_candidate, Stand Zieldatum 2026-09-19."
heilbronner-volksfest-2027-heilbronn,Heilbronner Volksfest 2027,Volksfest,Heilbronn,Baden-Württemberg,DE,,,Frist noch nicht veröffentlicht (keine Bewerbungsfrist gefunden),"Theresienwiese, 2026 ab 12.07.",,,,,,https://www.heilbronn.de/tourismus/veranstaltungskalender/detail/heilbronner-volksfest/2026-07-12-00-00.html,heilbronn.de,official,2026-09-16,conv-review-02-2026-09,frist_offen,"Termin fuer 2026 bekannt (ab 12.07.2026, damit im Recherchezeitraum bereits gelaufen), Bewerbungsverfahren fuer Schausteller nicht auf oeffentlich zugaenglicher Stadtseite gefunden; Veranstalterkontakt nicht ermittelt. Umwandlung aus review_candidate, Stand Zieldatum 2026-09-19."
heimatfest-haltern-am-see-2027-haltern-am-see,Heimatfest Haltern am See 2027,Fest,Haltern am See,Nordrhein-Westfalen,DE,,,Frist noch nicht veröffentlicht,,,,,,,https://heimatfest-haltern-am-see.de/,heimatfest-haltern-am-see.de,official,2026-09-19,conv-review-06-2026-09,frist_offen,"Heimatfest 2026 war 4.-6.09.2026; Seite nennt keine Schausteller-Bewerbungsfrist für 2027. Kontakt Heimatfest@haltern.de, Marina Jordan 02364 933335, Christian Koop 02364 933433. Umwandlung aus review_candidate, Stand Zieldatum 2026-09-19."
hellersdorfer-erntedankfest-2026-berlin,Hellersdorfer Erntedankfest 2026,Fest,Berlin,Berlin,DE,,,Frist noch nicht veröffentlicht,,,,,,,https://helle-promenade.de/Aktuelles/erntedankfest,helle-promenade.de,official,2026-09-18,conv-review-07-2026-09,frist_offen,"Veranstalter Quartiersmanagement Hellersdorfer Promenade (S.T.E.R.N. GmbH) bestaetigt, Kontakt qm-hellersdorf@stern-berlin.de, Tel. 030 99286287. Kein Schausteller-Bewerbungsformular auf der Seite; Termin in 2 Wochen, offene Bewerbung unwahrscheinlich. Umwandlung aus review_candidate, Stand Zieldatum 2026-09-19."
hennigsdorfer-weihnachtsmarkt-2026-hennigsdorf,Hennigsdorfer Weihnachtsmarkt 2026,Weihnachtsmarkt,Hennigsdorf,Brandenburg,DE,,,"Nächste Ausschreibung noch nicht veröffentlicht, letzte Frist war 31.07.2026",,,,,,,https://www.hennigsdorf.de/Startseite/Hennigsdorfer-Weihnachtsmarkt-2026.php?FID=3590.782.1&ModID=11&NavID=2713.1&object=tx%2C3590.4.1,hennigsdorf.de,official,2026-08-03,conv-review-08-2026-09,frist_offen,"Offizielle Standbewerbung vorhanden, aber der Bewerbungsschluss am 31.07.2026 war zum Recherchestand bereits verstrichen. Umwandlung aus rejected_candidate, Stand Zieldatum 2026-09-19."
herbst-martinimarkt-in-herne-nrw-18-spieltage-herne,Herbst Martinimarkt in Herne NRW 18 Spieltage,Markt,Herne,Nordrhein-Westfalen,DE,,,Frist noch nicht veröffentlicht,,,,,,,https://www.herne.de/,herne.de,official,2026-09-18,conv-review-07-2026-09,frist_offen,"Vermutlich Stadt Herne / Amt fuer öffentliche Ordnung als Veranstalter (analog Cranger Kirmes, Kontakt Dirk Reuter, Tel. 02323 162435), aber keine eigene Ausschreibungsseite mit Bewerbungsfrist fuer den 'Herbst Martinimarkt' (18 Spieltage) gefunden. Umwandlung aus review_candidate, Stand Zieldatum 2026-09-19."
herbstfest-neuenhagen-2026-neuenhagen-bei-berlin,Herbstfest Neuenhagen 2026,Volksfest,Neuenhagen bei Berlin,Brandenburg,DE,,,"Nächste Ausschreibung noch nicht veröffentlicht, letzte Frist war 14.08.2026",,,,,,,https://www.neuenhagen-bei-berlin.de/startseite-de/aktuelles/2026/neues-anmeldeverfahren-fuer-staende-und-buehnen/,neuenhagen-bei-berlin.de,official,2026-09-18,conv-review-08-2026-09,frist_offen,"Offizielle Quelle der Gemeinde Neuenhagen bei Berlin bestaetigt, Bewerbungsfrist 14.08.2026 (Marktstand) bzw. 01.07.2026 (Buehne) ist zum Pruefzeitpunkt (18.09.2026) bereits abgelaufen. Fuer die 2027er Ausgabe erneut pruefen. Umwandlung aus rejected_candidate, Stand Zieldatum 2026-09-19."
herbstfest-rosenheim-2027-rosenheim,Herbstfest Rosenheim 2027,Volksfest,Rosenheim,Bayern,DE,,,Frist noch nicht veröffentlicht (Ausschreibung durch Wirtschaftlichen Verband Rosenheim; Frist im Abruf nicht erkennbar),,,,,info@wirtschaftlicher-verband.de,08031 900 61-0,https://www.wirtschaftlicher-verband.de/herbstfest/ausschreibung.html,wirtschaftlicher-verband.de,official,2026-08-04,conv-review-04-2026-09,frist_offen,"SEHR HOHE PRIORITAET, ZEITNAH NACHFASSEN: Der Wirtschaftliche Verband der Stadt und des Landkreises Rosenheim e.V. betreibt eine eigene Seite 'Ausschreibung zum Herbstfest 2027' und kuendigt dort an: 'Alle Infos koennen Sie ab ca. Mitte August 2026 hier finden!' Die Ausschreibung erscheint also innerhalb von rund zwei Wochen nach dem Pruefdatum. Zweitgroesstes Volksfest Oberbayerns. Kontakt: Kaiserstr. 27, 83022 Rosenheim, 08031 900 61-0, info@wirtschaftlicher-verband.de. Umwandlung aus review_candidate, Stand Zieldatum 2026-09-19."
herbstkirmes-frechen-frechen,Herbstkirmes Frechen,Volksfest,Frechen,Nordrhein-Westfalen,DE,,,Frist noch nicht veröffentlicht,,,,,,,https://www.frechen.de/,frechen.de,official,2026-08-04,conv-review-06-2026-09,frist_offen,"Dreitaegige Herbstkirmes in Frechen. Weder Stadt noch Veranstalter veröffentlichen ein Bewerbungsverfahren mit Frist. Umwandlung aus review_candidate, Stand Zieldatum 2026-09-19."
herbstmarkt-pfatter-pfatter,Herbstmarkt (Pfatter),Markt,Pfatter,Bayern,DE,,,Frist noch nicht veröffentlicht,,,,,,,https://www.pfatter.de/unsere-gemeinde/alle-meldungen/?category=29666,pfatter.de,official,2026-09-18,conv-review-07-2026-09,frist_offen,"Arbeitskreis Kultur der Gemeinde Pfatter als Veranstalter, Termin 20.09.2026 bestaetigt. Kein Bewerbungsprozess/Frist fuer Aussteller/Schausteller online gefunden. Umwandlung aus review_candidate, Stand Zieldatum 2026-09-19."
herbstmarkt-taucha-2026-taucha,Herbstmarkt Taucha 2026,Markt,Taucha,Sachsen,DE,,,Frist noch nicht veröffentlicht,,,,,,,https://www.taucha.de/kalender/veranstaltungen/herbstmarkt/,taucha.de,official,2026-08-03,conv-review-07-2026-09,frist_offen,"Die Stadt bestätigt Händlerbewerbungen per E-Mail, veröffentlicht aber keinen Bewerbungsschluss. Umwandlung aus review_candidate, Stand Zieldatum 2026-09-19."
historisches-stadtmauerfest-noerdlingen-2027-noerdlingen,Historisches Stadtmauerfest Nördlingen 2027,Stadtfest,Nördlingen,Bayern,DE,,,Frist noch nicht veröffentlicht (keine konkrete Bewerbungsfrist auf offizieller Seite),,,,,,,https://www.noerdlingen.de/tourismus/veranstaltungen/historisches-stadtmauerfest,noerdlingen.de,official,2026-08-03,conv-review-03-2026-09,frist_offen,"Offizielle 2027-Veranstaltungs- und Bewerbungsinformationen sind vorhanden, aber keine konkrete Bewerbungsfrist oder ein verbindliches Zeitfenster. Umwandlung aus review_candidate, Stand Zieldatum 2026-09-19."
hochheimer-weinfest-2027-hochheim-am-main,Hochheimer Weinfest 2027,Weinfest,Hochheim am Main,Hessen,DE,,,"Frist noch nicht veröffentlicht (Stadt nimmt Bewerbungen entgegen, für 2027 keine Frist genannt)",09.-12.07.2027,,,,tourismus@hochheim.de,,https://www.hochheim-tourismus.de/veranstaltungen/hochheimer-weinfest,hochheim-tourismus.de,official,2026-08-03,conv-review-04-2026-09,frist_offen,"76. Hochheimer Weinfest vom 9. bis 12. Juli 2027. Die Stadt nimmt Bewerbungen fuer Verkaufsstaende, Bands sowie Partner und Sponsoren entgegen, nennt aber fuer 2027 kein Fristdatum. Magistrat der Stadt Hochheim am Main / Hochheim am Main Marketing, Burgeffstrasse 30, Le Pontet-Platz, 65239 Hochheim am Main, +49 6146 900-333, tourismus@hochheim.de. Umwandlung aus review_candidate, Stand Zieldatum 2026-09-19."
hofer-volksfest-2026-hof,Hofer Volksfest 2026,Volksfest,Hof,Bayern,DE,,,"Nächste Ausschreibung noch nicht veröffentlicht, letzte Frist war 15.06.2026",,,,,,,https://www.100prozenthof.de/news/hof-informiert/hofer-volksfest-2026--anmeldungen-bis-zum-15-juni-2026-moeglich,100prozenthof.de,official,2026-09-13,conv-review-08-2026-09,frist_offen,"Anmeldungen waren bis 15.06.2026 moeglich (Volksfest 24.07.-02.08.2026), Frist bereits verstrichen. Umwandlung aus rejected_candidate, Stand Zieldatum 2026-09-19."
hofgeismarer-weihnachtsmarkt-hofgeismar,Hofgeismarer Weihnachtsmarkt,Weihnachtsmarkt,Hofgeismar,Hessen,DE,,,Frist noch nicht veröffentlicht,,,,,,,https://www.hofgeismar.de/hofgeismar-erleben/veranstaltungen/weihnachtsmarkt/,hofgeismar.de,official,2026-09-16,conv-review-06-2026-09,frist_offen,"Aussteller-Bewerbungsformular auf Stadtseite vorhanden, Kontakt Stadtverwaltung Hofgeismar, Tel. 05671 999-037; kein Fristdatum fuer 2026 gefunden. Umwandlung aus review_candidate, Stand Zieldatum 2026-09-19."
hofheimer-feierabendmarkt-2027-hofheim-am-taunus,Hofheimer Feierabendmarkt 2027,Markt,Hofheim am Taunus,Hessen,DE,,,Frist noch nicht veröffentlicht,,,,,,,https://www.hofheim.de/kultur-sport-und-tourismus/maerkte-und-messen/,hofheim.de,official,2026-08-03,conv-review-07-2026-09,frist_offen,"Bewerbungen werden offiziell angenommen, aber die Termine 2027 und eine konkrete Frist sind noch nicht final veröffentlicht. Umwandlung aus review_candidate, Stand Zieldatum 2026-09-19."
hohenloher-volksfest-blaufelden-2027-blaufelden,Hohenloher Volksfest Blaufelden 2027 - Krämermarkt,Volksfest,Blaufelden,Baden-Württemberg,DE,,,"Frist noch nicht veröffentlicht (Bewerbungsformular liegt vor, kein Bewerbungsschluss)",15.-17.05.2027,,,,,,https://www.blaufelden.de/fileadmin/Dateien/Bilder/Freizeit/Bewerbungsformular_Kr%C3%A4mermarkt2027.pdf,blaufelden.de,official,2026-08-03,conv-review-02-2026-09,frist_offen,"Das offizielle Formular bestätigt den Markt vom 15.-17.05.2027 und die Bewerbungswege, enthält aber keinen verbindlichen Bewerbungsschluss. Umwandlung aus review_candidate, Stand Zieldatum 2026-09-19."
hussitenfest-bernau-2027-bernau-bei-berlin,Hussitenfest Bernau 2027,Stadtfest,Bernau bei Berlin,Brandenburg,DE,,,Frist noch nicht veröffentlicht,,,,Nele Spoenemann,hussitenfest@bernau-bei-berlin.de,03338 365-310,https://www.bernau.de/de/tourismus-kultur/veranstaltungen/hussitenfest.html,bernau.de,official,2026-08-03,conv-review-01-2026-09,frist_offen,"Offizielle Stadtseite bestaetigt die Veranstaltung und nennt eine Ansprechperson (Nele Spoenemann, 03338 365-310, hussitenfest@bernau-bei-berlin.de), aber keine kalendarische Bewerbungsfrist fuer Haendler, Gastronomen oder Schausteller. Umwandlung aus review_candidate, Stand Zieldatum 2026-09-19."
hustener-kirmes-arnsberg-2027-arnsberg,Hüstener Kirmes Arnsberg 2027,Volksfest,Arnsberg,Nordrhein-Westfalen,DE,,,Frist noch nicht veröffentlicht,,,,,,,https://www.arnsberg.de/,arnsberg.de,official,2026-08-04,conv-review-07-2026-09,frist_offen,"Termin 2026 vom 11. bis 15.09. Bereits in früherer Welle als Kandidat erfasst. Aktives Neheim / Citybuero stellt ein eigenes Schausteller-Bewerbungsformular fuer den Neheimer Markt bereit, ebenfalls ohne Frist. Umwandlung aus review_candidate, Stand Zieldatum 2026-09-19."
ilmenauer-topfermarkt-2027-ilmenau,Ilmenauer Töpfermarkt 2027,Markt,Ilmenau,Thüringen,DE,,,Frist noch nicht veröffentlicht,,,,,,,https://www.ilmenau.de/de/freizeit/feste-und-maerkte/toepfermarkt/,ilmenau.de,official,2026-08-03,conv-review-08-2026-09,frist_offen,"Termin, Zielgruppe und Kontakt sind offiziell bestätigt, jedoch ist auf der aktuellen Seite keine Bewerbungsfrist genannt. Umwandlung aus review_candidate, Stand Zieldatum 2026-09-19."
indoor-weihnachtsmarkt-horn-bad-meinberg-horn-bad-meinberg,Indoor-Weihnachtsmarkt Horn-Bad Meinberg,Weihnachtsmarkt,Horn-Bad Meinberg,Nordrhein-Westfalen,DE,,,Frist noch nicht veröffentlicht,,,,,,,https://www.hornbadmeinberg.de/kultur-veranstaltungen/maerkte-feste.html,hornbadmeinberg.de,official,2026-09-14,conv-review-07-2026-09,frist_offen,"Großer Indoor-Weihnachtsmarkt der Region laut Presse, keine Bewerbungsfrist auf offizieller Seite gefunden. Umwandlung aus review_candidate, Stand Zieldatum 2026-09-19."
ingelheimer-weihnachtsmarkt-an-der-burgkirche-2026-ingelheim-am-rhein,Ingelheimer Weihnachtsmarkt an der Burgkirche 2026,Weihnachtsmarkt,Ingelheim am Rhein,Rheinland-Pfalz,DE,,,Frist noch nicht veröffentlicht,,,,,,,https://www.ingelheimerweihnachtsmarkt.de,ingelheimerweihnachtsmarkt.de,official,2026-09-19,conv-review-06-2026-09,frist_offen,"Veranstalter Ingelheimer Weihnachtsmarkt an der Burgkirche e.V., Am Sandhöbel 8, 55218 Ingelheim, 06132 716099; keine Bewerbungsfrist auf zugänglichen Seiten gefunden (Seite nicht geprüft/erreicht). Nachfassen. Umwandlung aus review_candidate, Stand Zieldatum 2026-09-19."
ingolstaedter-buergerfest-und-fest-zum-reinen-bier-2027-ingolstadt,Ingolstädter Bürgerfest und Fest zum Reinen Bier 2027,Stadtfest,Ingolstadt,Bayern,DE,,,Frist noch nicht veröffentlicht (keine konkrete Bewerbungsfrist veröffentlicht),Termine 2027 auf Stadtseite,,,,,,https://www.ingolstadt.de/Service/Leitfaden-f%C3%BCr-Veranstalter/St%C3%A4dtische-Veranstaltungen/,ingolstadt.de,official,2026-08-03,conv-review-03-2026-09,frist_offen,"Die offizielle Stadtseite nennt 2027-Veranstaltungen, veröffentlichte dafür aber noch keine konkrete Bewerbungsfrist. Umwandlung aus review_candidate, Stand Zieldatum 2026-09-19."
internationales-fest-aalen-2027-aalen,Internationales Fest Aalen 2027,Stadtfest,Aalen,Baden-Württemberg,DE,,,Frist noch nicht veröffentlicht (Bewerbungsbeginn laut Seite im November 2026),,,,,,,https://www.aalen-kultur.de/anmeldung-standplatz-internationales-fest.176572.htm,aalen-kultur.de,official,2026-08-03,conv-review-02-2026-09,frist_offen,"Die offizielle Seite kündigt den Bewerbungsbeginn für November 2026 an, veröffentlicht aber noch keinen verbindlichen Bewerbungsschluss. Umwandlung aus review_candidate, Stand Zieldatum 2026-09-19."
italienischer-markt-heilbronn-2027-heilbronn,Italienischer Markt Heilbronn 2027,Jahrmarkt,Heilbronn,Baden-Württemberg,DE,,,Frist noch nicht veröffentlicht (keine allgemeine Bewerbungsmöglichkeit veröffentlicht),,,,,,,https://www.heilbronn.de/tourismus/veranstaltungskalender/detail/italienischer-markt.html?cHash=6bd74b62ba3e444f9854ccd96ebe0975,heilbronn.de,official,2026-08-03,conv-review-02-2026-09,frist_offen,"Die offizielle Stadtseite bestätigt den Markt 2027 mit Händlerständen, veröffentlicht aber keine allgemeine Bewerbungsmöglichkeit oder Frist. Umwandlung aus review_candidate, Stand Zieldatum 2026-09-19."
jahrmarkt-gallusmarkt-weissenhorn-weissenhorn,Jahrmarkt - Gallusmarkt (Weißenhorn),Jahrmarkt,Weißenhorn,Bayern,DE,,,"Nächste Ausschreibung noch nicht veröffentlicht, letzte Frist war 20.12.2025",,,,,,,https://www.weissenhorn.de/tourismus-und-freizeit/was-ist-los-in-weissenhorn/maerkte,weissenhorn.de,official,2026-09-18,conv-review-08-2026-09,frist_offen,"Offizielle Stadtseite Weissenhorn nennt Bewerbungsschluss 20.12.2025 fuer den Gallusmarkt am 14.10.2026 - diese Frist ist zum Recherchezeitpunkt (18.09.2026) bereits abgelaufen. Umwandlung aus rejected_candidate, Stand Zieldatum 2026-09-19."
jahrmarkt-kempten-2027-himmelfahrtsmarkt-kathreinemarkt-kempten-allgaeu,Jahrmarkt Kempten 2027 (Himmelfahrtsmarkt/Kathreinemarkt),Jahrmarkt,Kempten (Allgäu),Bayern,DE,,,Frist noch nicht veröffentlicht (Regel: Bewerbungen ca. 6 Wochen vor Marktbeginn),,,,,,,https://www.kempten.de/jahrmarkt-5313.html,kempten.de,official,2026-09-16,conv-review-04-2026-09,frist_offen,"Laut Jahrmarktsatzung/Presseauskuenften muessen Bewerbungen ca. 6 Wochen vor Marktbeginn eingehen (Dauerregel); der naechste noch nicht abgelaufene Termin (Himmelfahrtsmarkt 2027) ist am 16.09.2026 offiziell noch nicht terminiert, daher keine konkrete Frist ableitbar. Kathreinemarkt 2026 (23.-31.10.2026) hatte bereits eine verstrichene Bewerbungsfrist (~04.09.2026). Kontakt: Kempten Messe- und Veranstaltungs-Betrieb, Herr Sven Wegmann, Grosser Kornhausplatz 1, 87439 Kempten. Umwandlung aus review_candidate, Stand Zieldatum 2026-09-19."
jahrmarkt-puttlingen-2026-2027-puttlingen,Jahrmarkt Püttlingen 2026/2027,Jahrmarkt,Püttlingen,Saarland,DE,,,Frist noch nicht veröffentlicht,,,,,,,https://www.puettlingen.de/rathaus-service/aktuell/veranstaltungen/detail/jahrmarkt-puettlingen,puettlingen.de,official,2026-09-17,conv-review-08-2026-09,frist_offen,"Auf offizieller Seite kein Termin für 2026/2027 und keine Bewerbungsinformationen für Schausteller gefunden (nur Angaben zu 2023). Kontakt: Stadtverwaltung Püttlingen, Rathausplatz 1, 66346 Püttlingen, Tel. (0 68 98) 6 91-0, stadtverwaltung@puettlingen.de. Umwandlung aus review_candidate, Stand Zieldatum 2026-09-19."
jahrmarkt-rottenburg-am-neckar-am-01-03-2027-rottenburg-am-neckar,Jahrmarkt Rottenburg am Neckar am 01.03.2027,Jahrmarkt,Rottenburg am Neckar,Baden-Württemberg,DE,,,Frist noch nicht veröffentlicht (keine Frist veröffentlicht),01.03.2027,,,,,,https://www.rottenburg.de/maerkte.56.htm?lnav=9515,rottenburg.de,official,2026-08-03,conv-review-02-2026-09,frist_offen,"Die offizielle Stadtseite bestätigt den Markttermin 2027, veröffentlicht aber keine konkrete Bewerbungsfrist. Umwandlung aus review_candidate, Stand Zieldatum 2026-09-19."
jahrmarkt-rottenburg-am-neckar-am-31-05-2027-rottenburg-am-neckar,Jahrmarkt Rottenburg am Neckar am 31.05.2027,Jahrmarkt,Rottenburg am Neckar,Baden-Württemberg,DE,,,Frist noch nicht veröffentlicht (keine Frist veröffentlicht),31.05.2027,,,,,,https://www.rottenburg.de/maerkte.56.htm?lnav=9515,rottenburg.de,official,2026-08-03,conv-review-02-2026-09,frist_offen,"Die offizielle Stadtseite bestätigt den Markttermin 2027, veröffentlicht aber keine konkrete Bewerbungsfrist. Umwandlung aus review_candidate, Stand Zieldatum 2026-09-19."
jahrmarkt-und-fridolinsfest-bad-saeckingen-2027-bad-saeckingen,Jahrmarkt und Fridolinsfest Bad Säckingen 2027,Jahrmarkt,Bad Säckingen,Baden-Württemberg,DE,,,Frist noch nicht veröffentlicht (keine Bewerbungsfrist gefunden),Sonntag nach dem 6. März (neuntägig),,,,,,https://www.bad-saeckingen.de/leben-wohnen/veranstaltungen,bad-saeckingen.de,official,2026-09-16,conv-review-02-2026-09,frist_offen,"Traditionstermin (Sonntag nach 6. Maerz) bekannt, neuntaegiger Rummel mit Schaustellern, aber keine Bewerbungsfrist oder Kontakt fuer Standplatz-Bewerbung auf offizieller Stadtseite gefunden; verlinktes PDF (105_amtliche_Bekanntmachung.pdf) war inhaltlich nicht auswertbar. Umwandlung aus review_candidate, Stand Zieldatum 2026-09-19."
jahrmarkt-weil-am-rhein-fruehjahrsmarkt-und-herbstmarkt-weil-am-rhein,Jahrmarkt Weil am Rhein (Frühjahrsmarkt und Herbstmarkt),Jahrmarkt,Weil am Rhein,Baden-Württemberg,DE,,,"Frist noch nicht veröffentlicht (Bewerbung über RGE Arbeitsgemeinschaft Veranstaltung & Werbung, keine Frist gefunden)",erster Freitag im April bzw. September,,,,stephanie.drosselmeyer@weil-am-rhein.de,,https://www.weil-am-rhein.de/-/verfahren/marktwesen-bei-der-stadt-weil-am-rhein/vbid1628,weil-am-rhein.de,official,2026-09-16,conv-review-02-2026-09,frist_offen,"Stadt verweist fuer Standplatz-Bewerbungen an RGE Arbeitsgemeinschaft Veranstaltung & Werbung (jahrmarkt-suedbaden.de); dort war ueber WebFetch (Startseite und index.html) keine konkrete Bewerbungsfrist auffindbar (404 bzw. keine Frist-Angabe). Kontakt fuer Wochenmarkt: Stephanie Drosselmeyer, Rechts- und Ordnungsamt Weil am Rhein, Tel. 07621/704-301, stephanie.drosselmeyer@weil-am-rhein.de. Umwandlung aus review_candidate, Stand Zieldatum 2026-09-19."
jahrmaerkte-aichach-2027-veitsmarkt-bartholomaeusmarkt-simon-und-judaimarkt-aichach,"Jahrmärkte Aichach 2027 (Veitsmarkt, Bartholomäusmarkt, Simon- und Judaimarkt)",Jahrmarkt,Aichach,Bayern,DE,,,"Frist noch nicht veröffentlicht (schriftliche Bewerbung an das Marktamt; 2026: 14.06., 23.08., 25.10.)",,,,,dennis.schaeffler@aichach.de,08251 902-330,https://www.aichach.de/Leben/M%C3%A4rkte/Jahrm%C3%A4rkte,aichach.de,official,2026-08-03,conv-review-04-2026-09,frist_offen,"Drei Jahrmaerkte 2026: Veitsmarkt 14.06., Bartholomaeusmarkt 23.08., Simon- und Judaeimarkt 25.10. Schriftliche Bewerbung an das Marktamt, Ansprechpartner Dennis Schaeffler, 08251 902-330, dennis.schaeffler@aichach.de, Tandlmarkt 13, 86551 Aichach. Eine Bewerbungsfrist ist nicht ausgewiesen. Umwandlung aus review_candidate, Stand Zieldatum 2026-09-19."
jahrmaerkte-brakel-2027-fruehlingskirmes-annentag-nikolausmarkt-brakel,"Jahrmärkte Brakel 2027 (Frühlingskirmes, Annentag, Nikolausmarkt)",Jahrmarkt,Brakel,Nordrhein-Westfalen,DE,,,Frist noch nicht veröffentlicht (Abgabetermin steht in der jährlichen Ausschreibung (Ausschlusstermin)),,,,,b.goennewicht@brakel.de,05272 360-1200,https://www.brakel.de/index.php?NavID=3467.368,brakel.de,official,2026-08-04,conv-review-04-2026-09,frist_offen,"Drei Jahrmaerkte mit wiederkehrenden Terminen: Fruehlingskirmes von Christi Himmelfahrt bis zum folgenden Sonntag, Annentag um den ersten Augustsonntag (Freitag bis Montag), Nikolausmarkt am zweiten Adventswochenende (Donnerstag bis Sonntag). Die Stadt arbeitet mit einem Ausschlusstermin, setzt ihn aber jaehrlich neu: 'Der jaehrlich in der Ausschreibung fuer den folgenden Annentag genannte Abgabetermin fuer Bewerbungen ist ein Ausschlusstermin.' Daher keine Ableitung moeglich. Zulassungskriterien sind Attraktivitaet des Geschaefts und Bewaehrung des Betreibers; bei Gleichwertigkeit entscheidet ein oeffentliches Losverfahren. Benedikt Goennewicht, Fachbereichsleiter Buergerservice, 05272 360-1200, b.goennewicht@brakel.de, annentag@brakel.de, Postfach 1461, 33034 Brakel. Nachfassen, sobald die Ausschreibung fuer 2027 erscheint. Umwandlung aus review_candidate, Stand Zieldatum 2026-09-19."
johannisfest-eschwege-2027-festplatz-werdchen-eschwege,Johannisfest Eschwege 2027 (Festplatz Werdchen),Fest,Eschwege,Hessen,DE,,,Frist noch nicht veröffentlicht,,,,,,,https://www.eschwege.de/stadt/buergerservice/lebenslagen/dienstleistungen/johannisfest-organisation.php,eschwege.de,official,2026-09-19,conv-review-06-2026-09,frist_offen,"Termin 17.-21.06.2027 laut Suchauszug; Zulassungsantrag nur für 2026 vorhanden, keine 2027-Frist. Kontakt: Fachbereich 2.2 Sport und Kultur, Obermarkt 22, 37269 Eschwege, juliane.wieditz@eschwege-rathaus.de. Umwandlung aus review_candidate, Stand Zieldatum 2026-09-19."
kalter-markt-ellwangen-2027-ellwangen,Kalter Markt Ellwangen 2027,Jahrmarkt,Ellwangen,Baden-Württemberg,DE,,,"Frist noch nicht veröffentlicht (Krämermarkt, keine Frist für Beschicker veröffentlicht)",08.-13.01.2027,,,,,,https://www.ellwangen.de/buerger/leben-gesellschaft/veranstaltungen/der-kalte-markt,ellwangen.de,official,2026-08-03,conv-review-02-2026-09,frist_offen,"Die offizielle Stadtseite bestätigt den Termin 08.-13.01.2027 und den Krämermarkt, nennt aber keine Bewerbungsfrist für Beschicker. Umwandlung aus review_candidate, Stand Zieldatum 2026-09-19."
kandeler-christkindelmarkt-2026-kandel,Kandeler Christkindelmarkt 2026,Weihnachtsmarkt,Kandel,Rheinland-Pfalz,DE,,,Frist noch nicht veröffentlicht,,,,,,,https://www.vg-kandel.de,vg-kandel.de,official,2026-09-19,conv-review-06-2026-09,frist_offen,"Adventswochenenden mit rund 50 Hütten (Presseseite der Verbandsgemeinde 2024); keine Bewerbungsfrist gefunden. Nachfassen bei der VG Kandel. Umwandlung aus review_candidate, Stand Zieldatum 2026-09-19."
karl-may-festtage-radebeul-2027-radebeul,Karl-May-Festtage Radebeul 2027,Fest,Radebeul,Sachsen,DE,,,Frist noch nicht veröffentlicht,,,,,,,https://www.radebeul.de/karlmay/en/Retailer,radebeul.de,official,2026-09-19,conv-review-06-2026-09,frist_offen,"Händleranmeldung 2027 (Fest 07.-09.05.2027) als PDF online, aber keine Frist genannt. SG Feste und Märkte, Pestalozzistr. 6, 01445 Radebeul, markt@radebeul.de, Marktleitung Frank Jeschick 0351 8311-611. Umwandlung aus review_candidate, Stand Zieldatum 2026-09-19."
karlsruher-christkindlesmarkt-2027-karlsruhe,Karlsruher Christkindlesmarkt 2027,Weihnachtsmarkt,Karlsruhe,Baden-Württemberg,DE,,,Frist noch nicht veröffentlicht (Frist der Kunsthandwerkerhütte 2026 war 30.06.2026),,,"Marktamt Karlsruhe, Am Großmarkt 10, 76137 Karlsruhe",,,0721 133-7201,https://www.karlsruhe.de/kultur-freizeit/maerkte/bewerbungsverfahren,karlsruhe.de,official,2026-09-18,conv-review-01-2026-09,frist_offen,"fuer 2027 weiterhin keine Frist veroeffentlicht; nur die Kunsthandwerkerhuette 2026 hat eine bekannte Frist (30. Juni 2026, bereits Vorjahresausgabe). Kontakt: Marktamt Karlsruhe, Am Grossmarkt 10, 76137 Karlsruhe, Tel. 0721 133-7201. Umwandlung aus review_candidate, Stand Zieldatum 2026-09-19."
karnevalskirmes-bottrop-bottrop,Karnevalskirmes Bottrop,Volksfest,Bottrop,Nordrhein-Westfalen,DE,,,Frist noch nicht veröffentlicht,,,,,,,https://www.bottrop.de/veranstaltungen/aktuelles-zu-veranstaltungen/erste-infos-karnevalskirmes.php,bottrop.de,official,2026-09-12,conv-review-07-2026-09,frist_offen,"Termin 2026 bekannt (12.-16.02.2026, bereits vorbei), keine Bewerbungsfrist fuer die naechste Ausgabe auf der Stadtseite gefunden. Umwandlung aus review_candidate, Stand Zieldatum 2026-09-19."
kaethchen-weihnachtsmarkt-heilbronn-2026-heilbronn,Käthchen-Weihnachtsmarkt Heilbronn 2026,Weihnachtsmarkt,Heilbronn,Baden-Württemberg,DE,,,Frist noch nicht veröffentlicht (keine Bewerbungsfrist gefunden),24.11.-22.12.2026,,,,,,https://www.heilbronn-marketing.de/,heilbronn-marketing.de,official,2026-09-18,conv-review-02-2026-09,frist_offen,"Nachfass 2026-09-18: candidate_url leitet per 301 auf https://www.heilbronn.de/tourismus/heilbronn-marketing-gmbh.html weiter; keine Bewerbungsfrist im erreichbaren Inhalt gefunden. Termin 2026 (24.11.-22.12.2026) weiterhin bekannt. Kontakt: Heilbronn Marketing GmbH, Kirchbrunnenstrasse 3, 74072 Heilbronn, Tel. 07131 562270. Umwandlung aus review_candidate, Stand Zieldatum 2026-09-19."
kevelaerer-advents-und-krippenmarkt-kevelaer,Kevelaerer Advents- und Krippenmarkt,Weihnachtsmarkt,Kevelaer,Nordrhein-Westfalen,DE,,,Frist noch nicht veröffentlicht,,,,,,,https://www.wallfahrt-kevelaer.de/30-kevelaerer-advents-und-krippenmarkt/,wallfahrt-kevelaer.de,official,2026-09-13,conv-review-07-2026-09,frist_offen,"Keine Bewerbungsfrist auf offizieller Seite gefunden. Kontakt: Tourist-Information Kevelaer, tourismus@kevelaer.de, 02832 122-991; Kulturamt kultur@kevelaer.de, 02832 122-800. Umwandlung aus review_candidate, Stand Zieldatum 2026-09-19."
kiliansfest-bad-salzuflen-schoetmar-2027-bad-salzuflen,Kiliansfest Bad Salzuflen-Schötmar 2027,Stadtfest,Bad Salzuflen,Nordrhein-Westfalen,DE,,,Frist noch nicht veröffentlicht (jeweils Wochenende im September),,,,,stadt@bad-salzuflen.de,05222 952-0,https://www.stadt-bad-salzuflen.de/leben-und-freizeit/auf-einen-blick/veranstaltungen,stadt-bad-salzuflen.de,official,2026-08-04,conv-review-04-2026-09,frist_offen,"Aeltestes Stadtfest Bad Salzuflens im Stadtteil Schötmar, mit Kirmes und Flohmarkt, jeweils an einem Wochenende im September. Weder Stadt noch Veranstalter veroeffentlichen ein Bewerbungsverfahren mit Frist. Stadt Bad Salzuflen, Rudolph-Brandes-Allee 19, 32105 Bad Salzuflen, 05222 952-0, stadt@bad-salzuflen.de. Umwandlung aus review_candidate, Stand Zieldatum 2026-09-19."
kinder-weihnachtsmarkt-frankfurt-2026-frankfurt-am-main,Kinder-Weihnachtsmarkt Frankfurt 2026,Weihnachtsmarkt,Frankfurt am Main,Hessen,DE,,,Frist noch nicht veröffentlicht,,,,,,,https://www.visitfrankfurt.travel/ueber-uns/kooperationen/standplatzbewerbung,visitfrankfurt.travel,official,2026-08-03,conv-review-07-2026-09,frist_offen,"Die offizielle Veranstalterseite bestätigt ein offenes Bewerbungsverfahren, nennt aber keinen konkreten Bewerbungsschluss. Umwandlung aus review_candidate, Stand Zieldatum 2026-09-19."
kirmes-in-ringleben-ringleben,Kirmes in Ringleben,Volksfest,Ringleben,Thüringen,DE,,,Frist noch nicht veröffentlicht,,,,,,,https://ringleben.net/,ringleben.net,official,2026-09-18,conv-review-07-2026-09,frist_offen,"Ort Ringleben (Thüringen) bestaetigt, aber keine offizielle Bewerbungsinfo mit Frist gefunden - Gemeindeverwaltung Ringleben direkt kontaktieren. Umwandlung aus review_candidate, Stand Zieldatum 2026-09-19."
kirmes-viersen-2026-viersen,Kirmes Viersen 2026,Volksfest,Viersen,Nordrhein-Westfalen,DE,,,Frist noch nicht veröffentlicht,,,,,,,https://www.viersen.de/kirmes-und-jahrmarkt,viersen.de,official,2026-09-18,conv-review-07-2026-09,frist_offen,"Verfahren über Ordnungsamt Stadt Viersen bestaetigt (Postfach 101152, 41711 Viersen, Tel. 02162 101-0), offizielle Seite lieferte HTTP 403 beim Abruf. Event beginnt in ca. 2 Wochen, Frist falls vorhanden wahrscheinlich abgelaufen. Umwandlung aus review_candidate, Stand Zieldatum 2026-09-19."
kirmessen-steinfurt-2027-fruehjahrskirmes-burgsteinfurt-sommerkirmes-und-herbstkirmes-borghorst-steinfurt,"Kirmessen Steinfurt 2027 (Frühjahrskirmes Burgsteinfurt, Sommerkirmes und Herbstkirmes Borghorst)",Kirmes,Steinfurt,Nordrhein-Westfalen,DE,,,"Frist noch nicht veröffentlicht (Termine: 2. Sonntag im Mai, 1. Sonntag im August, 4. Sonntag im Oktober)",,,,,scheipers@stadt-steinfurt.de,02552 925-356,https://www.steinfurt.de/Buerger.htm/Dienstleistungen/Volksfest-Kirmes.html,steinfurt.de,official,2026-08-04,conv-review-04-2026-09,frist_offen,"Drei Kirmessen mit fest wiederkehrenden Terminen: Fruehjahrskirmes am 2. Sonntag im Mai in Burgsteinfurt, Sommerkirmes am 1. Sonntag im August und Herbstkirmes am 4. Sonntag im Oktober in Borghorst. Fuer 2027 ergibt das den 09.05., 01.08. und 24.10.2027. Die Stadt nennt keine schriftliche Bewerbungsfrist, sondern: 'Die Platzverteilung erfolgt immer am vorhergehenden Mittwoch um 15:00 Uhr', also am 05.05., 28.07. und 20.10.2027. Bewusst nicht als Eintrag angelegt, weil unklar ist, ob der Platzverteilung eine schriftliche Bewerbung vorausgeht; eine Vor-Ort-Verteilung ist etwas anderes als eine Bewerbungsfrist. Bei Frau Scheipers klaeren: 02552 925-356, scheipers@stadt-steinfurt.de, Fachdienst Sicherheit und Ordnung, Emsdettener Strasse 40, 48565 Steinfurt. Bei Bestaetigung sind drei Eintraege sofort ableitbar. Umwandlung aus review_candidate, Stand Zieldatum 2026-09-19."
kitzinger-fruehlingsfest-2027-kitzingen,Kitzinger Frühlingsfest 2027,Volksfest,Kitzingen,Bayern,DE,,,Frist noch nicht veröffentlicht (Fest 2026 war 04.-12.04.2026),,,,,,,https://www.stadt-kitzingen.de/allgemeines/veranstaltungskalender,stadt-kitzingen.de,official,2026-09-16,conv-review-04-2026-09,frist_offen,"Fruehlingsfest findet auf dem Bleichwasen statt (2026: 04.-12.04., 75. Auflage). Keine offizielle Unterseite mit Bewerbungsfrist fuer Schausteller gefunden. Stadt Kitzingen direkt kontaktieren. Umwandlung aus review_candidate, Stand Zieldatum 2026-09-19."
klaschen-weihnachtskirmes-lemgo-lemgo,Kläschen (Weihnachtskirmes) Lemgo,Weihnachtsmarkt,Lemgo,Nordrhein-Westfalen,DE,,,Frist noch nicht veröffentlicht,,,,,,,https://www.lemgo-marketing.de/veranstaltungen/infos-fuer-aussteller-und-schausteller/,lemgo-marketing.de,official,2026-09-14,conv-review-07-2026-09,frist_offen,"Keine Bewerbungsfrist auf offizieller Seite gefunden. Kontakt: Frau Bettina Sprank, Stadt Lemgo, Marktplatz 4, 32657 Lemgo, b.sprank@lemgo.de, 05261 213193. Umwandlung aus review_candidate, Stand Zieldatum 2026-09-19."
koepenicker-sommer-2027-berlin,Köpenicker Sommer 2027,Stadtfest,Berlin,Berlin,DE,Köpenick,,Frist noch nicht veröffentlicht,"2027, Termin offen",,,,,,https://www.berlin.de/en/events/3415964-2842498-koepenick-summer-festival.en.html,berlin.de,official,2026-08-03,conv-review-01-2026-09,frist_offen,"Das offizielle Berliner Veranstaltungsportal bestätigt 2027 und Angebote von Kunsthandwerk und Handel, nennt aber weder konkreten Termin noch Bewerbungsfrist. Umwandlung aus review_candidate, Stand Zieldatum 2026-09-19."
korbacher-weihnachtsmarkt-korbach-2026,Korbacher Weihnachtsmarkt 2026,Weihnachtsmarkt,Korbach,Hessen,DE,Parkplatz An der Kalkmauer,,Frist noch nicht veröffentlicht,08.12.2026,,,,,,https://www.korbach.de/Tourismus/Erlebnisse/Veranstaltungen/Weihnachtsmarkt-2026-in-Korbach.php?object=tx%2C3889.4.1&ModID=11&FID=3889.170906.1&NavID=3889.65.1&La=1,korbach.de,official,2026-09-18,conv-review-05-2026-09,frist_offen,"Nachfass 18.09.2026: Termin 08.12.2026 bestaetigt (Parkplatz An der Kalkmauer), weiterhin kein Fristdatum genannt. Kontakt: Korbach-Information, tourismus@korbach.de, Tel. 05631 53232, Prof.-Bier-Strasse 15, 34497 Korbach. Umwandlung aus review_candidate, Stand Zieldatum 2026-09-19."
kraemermarkt-ergenzingen-2027-rottenburg-am-neckar,Krämermarkt Ergenzingen 2027,Jahrmarkt,Rottenburg am Neckar,Baden-Württemberg,DE,,,"Frist noch nicht veröffentlicht (Stadtteil Ergenzingen, keine Frist veröffentlicht)",22.10.2027,,,,,,https://www.rottenburg.de/maerkte.56.htm?lnav=9515,rottenburg.de,official,2026-08-03,conv-review-02-2026-09,frist_offen,"Die offizielle Stadtseite bestätigt den Markttermin 22.10.2027, veröffentlicht aber keine konkrete Bewerbungsfrist. Umwandlung aus review_candidate, Stand Zieldatum 2026-09-19."
kreativ-kulinarik-tauberbischofsheim-2027-tauberbischofsheim,Kreativ & Kulinarik Tauberbischofsheim 2027,Fest,Tauberbischofsheim,Baden-Württemberg,DE,,,Frist noch nicht veröffentlicht,,,,,,,https://www.tourismus-tauberbischofsheim.de/veranstaltungen/kunsthandwerkermarkt,tourismus-tauberbischofsheim.de,official,2026-08-03,conv-review-06-2026-09,frist_offen,"Zwei offizielle städtische Seiten nennen widersprüchliche Veranstaltungstage im Mai 2027; deshalb lässt sich aus der Sechs-Wochen-Regel noch keine eindeutige Frist ableiten. Umwandlung aus review_candidate, Stand Zieldatum 2026-09-19."
kreuzberg-festival-2027-bergmannstrassenfest-berlin,Kreuzberg Festival 2027 (Bergmannstraßenfest),Stadtfest,Berlin,Berlin,DE,"Bergmannstraße, Kreuzberg",,Frist noch nicht veröffentlicht,"2027, Termin offen",,,,,,https://www.berlin.de/events/1934675-2229501-bergmannstrassenfest.html,berlin.de,official,2026-08-03,conv-review-01-2026-09,frist_offen,"Die offizielle Veranstaltungsseite bestätigt für 2027 zahlreiche Markt- und Gastronomiestände, veröffentlicht aber weder Veranstaltungstermin noch Bewerbungsfrist. Umwandlung aus review_candidate, Stand Zieldatum 2026-09-19."
kronacher-weihnachtsmarkt-festung-rosenberg-2026-kronach,Kronacher Weihnachtsmarkt Festung Rosenberg 2026,Weihnachtsmarkt,Kronach,Bayern,DE,,,Frist noch nicht veröffentlicht,,,,,poststelle@stadt-kronach.de,09261 97-0,https://www.kronach.de/tourismus-kultur/veranstaltungen/index.html?ev%5Bid%5D=11611,kronach.de,official,2026-09-18,conv-review-04-2026-09,frist_offen,"Nachfass 18.09.2026: Veranstaltungsseite zeigt aktuell keinen Eintrag; weiterhin keine Bewerbungsfrist auffindbar. Kontakt: Stadt Kronach, Marktplatz 5, 96317 Kronach, poststelle@stadt-kronach.de, Tel. 09261 97-0. Umwandlung aus review_candidate, Stand Zieldatum 2026-09-19."
kulmbacher-bierwoche-2027-kulmbach,Kulmbacher Bierwoche 2027,Volksfest,Kulmbach,Bayern,DE,,,Frist noch nicht veröffentlicht (Bierwoche 2026 war 25.07.-02.08.2026),,,,,,,https://www.kulmbacher-bierwoche.de/wissenswertes/faq/,kulmbacher-bierwoche.de,official,2026-09-13,conv-review-04-2026-09,frist_offen,"Termin 2026 bekannt (25.07.-02.08.2026, bereits vorbei), keine Bewerbungsfrist fuer Schausteller auf offizieller Seite gefunden. Umwandlung aus review_candidate, Stand Zieldatum 2026-09-19."
kummt-s-eina-volksmusikfest-und-markt-hirschau-2027-hirschau,Kummt's eina - Volksmusikfest und Markt Hirschau 2027,Stadtfest,Hirschau,Bayern,DE,,,Frist noch nicht veröffentlicht (keine Ausstellerfrist veröffentlicht),06.06.2027,,,,,,https://www.hirschau.de/freizeit/kummts-eina,hirschau.de,official,2026-08-03,conv-review-03-2026-09,frist_offen,"Offizielle Stadtseite bestätigt Veranstaltung und Markt am 06.06.2027; veröffentlicht ist nur ein Kontakt für Musikgruppen, keine Ausstellerfrist. Umwandlung aus review_candidate, Stand Zieldatum 2026-09-19."
kumpel-weihnachtsmakrt-bochum,Kumpel Weihnachtsmakrt,Weihnachtsmarkt,Bochum,Nordrhein-Westfalen,DE,,,Frist noch nicht veröffentlicht,,,,,,,https://www.bochum-tourismus.de/bochum-marketing-gmbh/ausstellerinformationen.html,bochum-tourismus.de,official,2026-09-18,conv-review-07-2026-09,frist_offen,"Bochum Marketing GmbH (Huestraße 21-23, 44787 Bochum, Tel. 0234 9049612) als Veranstalter bestaetigt, Termin 19.11.-23.12.2026, Bewerbungsformulare vorhanden, aber keine explizite Frist auf der Seite genannt. Umwandlung aus review_candidate, Stand Zieldatum 2026-09-19."
kunst-handwerk-design-weihnachtsmesse-karlsruhe-2027-karlsruhe,KUNST HANDWERK DESIGN Weihnachtsmesse Karlsruhe 2027,Kunsthandwerksmesse,Karlsruhe,Baden-Württemberg,DE,"Regierungspräsidium, Rondellplatz",,Frist noch nicht veröffentlicht (Ausschreibung ab Februar 2027 erwartet),09.-12.12.2027,,,,,,https://www.weihnachtsmesse-karlsruhe.de/bewerbung,weihnachtsmesse-karlsruhe.de,official,2026-09-18,conv-review-01-2026-09,frist_offen,"Seite bestaetigt weiterhin Zeitraum 9.-12.12.2027 (Regierungspraesidium Rondellplatz), Ausschreibung soll erst ab Februar 2027 verfuegbar sein. Dachorganisation: KUNST HANDWERK DESIGN Baden-Wuerttemberg e.V., www.kunsthandwerk.de. Umwandlung aus review_candidate, Stand Zieldatum 2026-09-19."
kunst-und-handwerkermarkt-plaidt-2027-plaidt,Kunst- und Handwerkermarkt Plaidt 2027,Markt,Plaidt,Rheinland-Pfalz,DE,,,Frist noch nicht veröffentlicht,,,,,,,https://kunst-und-handwerkermarkt.de/bewerbung/,kunst-und-handwerkermarkt.de,official,2026-08-03,conv-review-07-2026-09,frist_offen,"Die offizielle Veranstalterseite nimmt Bewerbungen an, nennt aber keinen eindeutigen Bewerbungsschluss für 2027. Umwandlung aus review_candidate, Stand Zieldatum 2026-09-19."
kunstfest-pankow-2027-berlin,Kunstfest Pankow 2027,Kunstfest,Berlin,Berlin,DE,Pankow,,Frist noch nicht veröffentlicht,"2027, Termin offen",,,,,,https://www.berlin.de/events/5983574-2229501-kunstfest-pankow.html,berlin.de,official,2026-08-03,conv-review-01-2026-09,frist_offen,"Die offizielle Veranstaltungsseite bestätigt die Ausgabe 2027 mit Kunst- und Kunsthandwerksangeboten, aber noch keinen Termin und keine Bewerbungsfrist. Umwandlung aus review_candidate, Stand Zieldatum 2026-09-19."
kunsthandwerkermarkt-kuhlungsborn-2027-kuhlungsborn,Kunsthandwerkermarkt Kühlungsborn 2027,Kunsthandwerkermarkt,Kühlungsborn,Mecklenburg-Vorpommern,DE,,,Frist noch nicht veröffentlicht,,,,,,,https://www.kuehlungsborn.de/kunsthandwerkermarkt/,kuehlungsborn.de,official,2026-08-03,conv-review-07-2026-09,frist_offen,"Die offizielle Seite kündigt Bewerbungen ab Oktober 2026 an, nennt aber noch keinen konkreten Anmeldeschluss für 2027. Umwandlung aus review_candidate, Stand Zieldatum 2026-09-19."
kunsthandwerkermarkt-villingen-schwenningen-2027-villingen-schwenningen,Kunsthandwerkermarkt Villingen-Schwenningen 2027,Jahrmarkt,Villingen-Schwenningen,Baden-Württemberg,DE,,,Frist noch nicht veröffentlicht (Bewerbungsphase beginnt im Januar 2027),03.-04.07.2027,,,,events@villingen-schwenningen.de,,https://www.villingen-schwenningen.de/tourismus-erleben/vs-erleben/maerkte-und-messen/,villingen-schwenningen.de,official,2026-09-16,conv-review-02-2026-09,frist_offen,"Termin 03.-04.07.2027 genannt, Bewerbungsphase beginnt laut Seite erst im Januar 2027 (kein festes Enddatum bekannt). Kontakt: VS-Mosaik / WIR Villingen-Schwenningen GmbH, Winkelstrasse 9, 78056 Villingen-Schwenningen, Tel. 07720/82-1051, events@villingen-schwenningen.de. Umwandlung aus review_candidate, Stand Zieldatum 2026-09-19."
kunstmarkt-berlin-am-zeughaus-2027-berlin,Kunstmarkt Berlin am Zeughaus 2027,Kunsthandwerkermarkt,Berlin,Berlin,DE,,,Frist noch nicht veröffentlicht,,,,,,,https://kunstmarkt-berlin.com/faq/,kunstmarkt-berlin.com,official,2026-08-03,conv-review-06-2026-09,frist_offen,"Der offizielle Veranstalter beschreibt Bewerbungen für Kunst- und Designstände grundsätzlich nur rund acht Wochen vor einem Markttermin; konkrete 2027-Termine und eine verbindliche 2027-Frist fehlen. Umwandlung aus review_candidate, Stand Zieldatum 2026-09-19."
kunstmarkt-st-georgen-kirche-wismar-2026-wismar,Kunstmarkt St.-Georgen-Kirche Wismar 2026,Kunsthandwerkermarkt,Wismar,Mecklenburg-Vorpommern,DE,,,"Nächste Ausschreibung noch nicht veröffentlicht, letzte Frist war 30.04.2026",,,,,,,https://www.wismar.de/Aktuelles-Medien/Pressemitteilungen/Interessenbekundung-31-Kunstmarkt-in-der-St-Georgen-Kirche-Wismar.php?FID=4176.2207.1&La=1&ModID=7&NavID=2634.13.1&kat=0.8&object=tx%2C4176.5.1,wismar.de,official,2026-08-03,conv-review-08-2026-09,frist_offen,"Die offizielle Bewerbungsfrist 30.04.2026 war am Recherchetag bereits abgelaufen. Umwandlung aus rejected_candidate, Stand Zieldatum 2026-09-19."
lahrer-weihnachtsmarkt-2026-museumsplatz-lahr-schwarzwald,Lahrer Weihnachtsmarkt 2026 (Museumsplatz),Weihnachtsmarkt,Lahr/Schwarzwald,Baden-Württemberg,DE,,,"Frist noch nicht veröffentlicht (Aufruf zur Teilnahme, kein Fristdatum)",Museumsplatz,,,,info@werbegemeinschaft-lahr.de,,https://www.werbegemeinschaft-lahr.de/news,werbegemeinschaft-lahr.de,official,2026-09-18,conv-review-02-2026-09,frist_offen,"Nachfass 2026-09-18: News-Seite jetzt erreichbar (kein 403 mehr), zeigt Aufruf zur Teilnahme ('dritte Runde'), aber weiterhin kein konkretes Bewerbungsfristdatum fuer 2026. Kontakt: Lahrer Werbegemeinschaft e.V., Rossgasse 5, 77933 Lahr, Tel. 07821/983087, info@werbegemeinschaft-lahr.de. Umwandlung aus review_candidate, Stand Zieldatum 2026-09-19."
landauer-weihnachtsmarkt-2026-landau-in-der-pfalz,Landauer Weihnachtsmarkt 2026,Weihnachtsmarkt,Landau in der Pfalz,Rheinland-Pfalz,DE,,,Frist noch nicht veröffentlicht,,,,,,,https://www.landau.de,landau.de,official,2026-09-19,conv-review-06-2026-09,frist_offen,"Keine Bewerbungsinformation auffindbar; Stadt Landau (Marktverwaltung) nachfassen. Umwandlung aus review_candidate, Stand Zieldatum 2026-09-19."
landsberger-christkindlmarkt-2027-landsberg-am-lech,Landsberger Christkindlmarkt 2027,Weihnachtsmarkt,Landsberg am Lech,Bayern,DE,,,Frist noch nicht veröffentlicht (Regel: jährliche Bewerbung bis Ende Februar laut Marktsatzung),,,,,,,https://www.landsberg.de/fileadmin/user_upload/download/Rathaus-Stadtrecht/231001_Marktgebuehrensatzung_Marktsatzung_Gebuehrenverzeichnis.pdf,landsberg.de,official,2026-09-18,conv-review-03-2026-09,frist_offen,"Nachfass 18.09.2026: Marktsatzung regelt jaehrliche Bewerbung bis Ende Februar, aber keine konkret auf 2027 bezogene Ausschreibung mit Datum gefunden. Umwandlung aus review_candidate, Stand Zieldatum 2026-09-19."
landsberger-veitsmarkt-kreuzmarkt-und-toepfermarkt-2027-landsberg-am-lech,"Landsberger Veitsmarkt, Kreuzmarkt und Töpfermarkt 2027",Jahrmarkt,Landsberg am Lech,Bayern,DE,,,"Frist noch nicht veröffentlicht (feste Bewerbungstage laut Marktsatzung, 2027-Termine noch nicht veröffentlicht)",,,,,,,https://www.landsberg.de/fileadmin/user_upload/download/Rathaus-Stadtrecht/231001_Marktgebuehrensatzung_Marktsatzung_Gebuehrenverzeichnis.pdf,landsberg.de,official,2026-08-03,conv-review-03-2026-09,frist_offen,"Die amtliche Satzung nennt dauerhaft verbindliche Bewerbungstage und Gebühren bis 2029, aber keine konkret veröffentlichten 2027-Veranstaltungstage für diese Märkte. Umwandlung aus review_candidate, Stand Zieldatum 2026-09-19."
landshuter-fruehjahrsdult-und-bartlmaedult-2027-landshut,Landshuter Frühjahrsdult und Bartlmädult 2027,Volksfest,Landshut,Bayern,DE,,,Frist noch nicht veröffentlicht (Bewerbungsunterlagen 2027 noch nicht veröffentlicht; am Stichtag nur Unterlagen für 2026 online),,,,,,,https://landshut.de/kultur-sport/dulten-maerkte-messen,landshut.de,official,2026-08-03,conv-review-03-2026-09,frist_offen,"Offizieller Veranstaltungsbereich vorhanden, am Stichtag aber nur mit Bewerbungsunterlagen für 2026 und ohne belegte 2027-Frist. Umwandlung aus review_candidate, Stand Zieldatum 2026-09-19."
landshuter-kunst-und-schauhandwerkermarkt-2026-landshut,Landshuter Kunst- und Schauhandwerkermarkt 2026,Markt,Landshut,Bayern,DE,,,Frist noch nicht veröffentlicht,,,,,,,https://erleben.landshut.de/adventsmarkt/,erleben.landshut.de,official,2026-08-03,conv-review-07-2026-09,frist_offen,"Die offizielle Veranstalterseite bestätigt die Bewerbungsmöglichkeit, der konkrete Bewerbungsschluss konnte dort nicht eindeutig bestätigt werden. Umwandlung aus review_candidate, Stand Zieldatum 2026-09-19."
lauterbacher-weihnachtsmarkt-lauterbach-hessen-2026,Lauterbacher Weihnachtsmarkt 2026,Weihnachtsmarkt,Lauterbach (Hessen),Hessen,DE,,,Frist noch nicht veröffentlicht,04.12.-06.12. und 11.12.-13.12.2026,,,,,,https://www.lauterbach-hessen.de/stadtleben/feste-und-maerkte/bewerbung-maerkte-kontakt.html,lauterbach-hessen.de,official,2026-09-18,conv-review-05-2026-09,frist_offen,"Nachfass 18.09.2026: Termin 04.-06. und 11.-13.12.2026 bestaetigt, weiterhin kein Fristdatum gefunden. Kontakt: Tourist-Center Stadtmuehle, Svenja Schmidt/Saskia Kreit, Marktplatz 1, 36341 Lauterbach, Tel. 06641 184-118/107. Umwandlung aus review_candidate, Stand Zieldatum 2026-09-19."
lebacher-mondscheinmarkt-2027-lebach,Lebacher Mondscheinmarkt 2027,Markt,Lebach,Saarland,DE,,,Frist noch nicht veröffentlicht,,,,,,,https://www.lebach.de/kultur-und-bildung/veranstaltungen/bewerbungsformulare-fuer-standbetreiber,lebach.de,official,2026-09-17,conv-review-08-2026-09,frist_offen,"Termin 09.04.2027 bestätigt, Bewerbungsformulare als PDF verfügbar, aber kein Fristdatum auf der Seite gefunden. Kontakt: Kulturamt der Stadt Lebach, Am Markt 1, 66822 Lebach, Tel. (06881) 59-231, kulturamt@lebach.de. Umwandlung aus review_candidate, Stand Zieldatum 2026-09-19."
lechhauser-kirchweih-augsburg-2027-augsburg,Lechhauser Kirchweih Augsburg 2027,Kirchweih,Augsburg,Bayern,DE,,,"Frist noch nicht veröffentlicht (Marktamt nennt 1. August ohne Jahresangabe, 01.08.2026 verstrichen)",,,,,,0821 324-0,https://www.augsburg.de/buergerservice-rathaus/buergerservice/dienste-a-z/aemterweise/leistungen-marktamt/informationen-fuer-beschicker-und-schausteller,augsburg.de,official,2026-08-03,conv-review-04-2026-09,frist_offen,"Das Marktamt nennt als Bewerbungsfrist den 1. August, ohne anzugeben, ob es sich um das Vorjahr oder das Veranstaltungsjahr handelt. Da der 01.08.2026 gerade verstrichen ist, laesst sich der zutreffende Jahrgang nicht eindeutig zuordnen. Beim Marktamt klaeren, 0821 324-0. Umwandlung aus review_candidate, Stand Zieldatum 2026-09-19."
leipziger-kleinmesse-herbst-2026-2027-leipzig,Leipziger Kleinmesse (Herbst) 2026/2027,Fest,Leipzig,Sachsen,DE,,,Frist noch nicht veröffentlicht,,,,,,,https://www.leipziger-kleinmesse.net/inhalt/kontakt/,leipziger-kleinmesse.net,official,2026-09-18,conv-review-07-2026-09,frist_offen,"Leipziger Schaustellerverein e.V. bestaetigt, Cottaweg 5, 04177 Leipzig, Kontakt schaustellerleipzig@gmail.com, Tel. 0163 2424231. Auf der Sammelseite genanntes Datum 25.10.2027 konnte nicht zugeordnet werden, laufendes Bewerbungsverfahren ohne feste Frist. Umwandlung aus review_candidate, Stand Zieldatum 2026-09-19."
leipziger-weihnachtsmarkt-2026-bewerbungsformular-leipzig,Leipziger Weihnachtsmarkt 2026 - Bewerbungsformular,Weihnachtsmarkt,Leipzig,Sachsen,DE,,,Frist noch nicht veröffentlicht,,,,,,,https://www.leipzig.de/service-portal/formulare/formular/weihnachtsmarkt/download,leipzig.de,official,2026-08-03,conv-review-06-2026-09,frist_offen,"Die Stadt Leipzig stellt ein Bewerbungsformular fuer den Weihnachtsmarkt 2026 im Serviceportal bereit. Ein Fristdatum ist weder auf der Haendlerseite noch beim Formular ausgewiesen. Umwandlung aus review_candidate, Stand Zieldatum 2026-09-19."
lengfelder-kerb-2026-otzberg,Lengfelder Kerb 2026,Volksfest,Otzberg,Hessen,DE,,,Frist noch nicht veröffentlicht,,,,,,,https://www.lengfelder-schnullkappe.de/,lengfelder-schnullkappe.de,official,2026-09-18,conv-review-07-2026-09,frist_offen,"Kerbverein Lengfelder Schnullkappe als Veranstalter bestätigt, Kontakt info@lengfelder-schnullkappe.de. Für 16.-19.10.2026 werden Fahrgeschäft, Kinderkarussell und Spielbude gesucht, aber ohne festen Bewerbungsschluss. Umwandlung aus review_candidate, Stand Zieldatum 2026-09-19."
lichtenfelser-weihnachtsmarkt-und-maerchenwald-2026-lichtenfels,Lichtenfelser Weihnachtsmarkt und Märchenwald 2026,Weihnachtsmarkt,Lichtenfels,Bayern,DE,,,Frist noch nicht veröffentlicht (weitere Informationen folgen),27.11.-23.12.2026,,,,rathaus@lichtenfels.de,09571 795-0,https://www.lichtenfels.de/rathaus-und-service/aktuelles/weihnachtsmarkt-und-maerchenwald,lichtenfels.de,official,2026-09-18,conv-review-04-2026-09,frist_offen,"Nachfass 18.09.2026: Termin bestaetigt (27.11.-23.12.2026), weiterhin 'weitere Informationen folgen in Kuerze', kein Fristdatum. Kontakt: Stadt Lichtenfels, Marktplatz 1 u. 5, 96215 Lichtenfels, rathaus@lichtenfels.de, Tel. 09571 795-0. Umwandlung aus review_candidate, Stand Zieldatum 2026-09-19."
lichtenrader-lichtermarkt-2026-berlin,Lichtenrader Lichtermarkt 2026,Markt,Berlin,Berlin,DE,,,Frist noch nicht veröffentlicht,,,,,,,https://www.berlin.de/ba-tempelhof-schoeneberg/aktuelles/veranstaltungen/lichtenrader-lichtermarkt/artikel.731963.php,berlin.de,official,2026-08-03,conv-review-07-2026-09,frist_offen,"Die offizielle Seite kuendigt den Anmeldestart fuer August 2026 an, nennt am 03.08.2026 aber noch keine konkrete Bewerbungsfrist. Umwandlung aus review_candidate, Stand Zieldatum 2026-09-19."
lindauer-hafenweihnacht-2027-lindau-bodensee,Lindauer Hafenweihnacht 2027,Weihnachtsmarkt,Lindau (Bodensee),Bayern,DE,,,Frist noch nicht veröffentlicht,,,,,,,"https://stadtlindau.de/B%C3%BCrger-Politik-Verwaltung/Online-B%C3%BCrgerservices/index.php?La=1&object=tx,2715.5028.1,2412.90.1&kuo=2&sub=0&NavID=2715.139&La=1",stadtlindau.de,official,2026-09-19,conv-review-06-2026-09,frist_offen,"Frist 2026 vorbei; Kulturamt veröffentlicht Bewerbungsformular jährlich zu Jahresbeginn (mind. 6 Wochen). Keine 2027-Frist bekannt. Nach Jahresbeginn 2027 nachfassen (Kulturamt Lindau). Umwandlung aus review_candidate, Stand Zieldatum 2026-09-19."
lindauer-jahrmarkt-2027-lindau-bodensee,Lindauer Jahrmarkt 2027,Jahrmarkt,Lindau (Bodensee),Bayern,DE,,,Frist noch nicht veröffentlicht (Bewerbung laut Stadt erst ab Frühjahr 2027 möglich),06.-10.11.2027,,,,marktamt@lindau.de,08382 918-319,https://www.lindau.de/lindau-erleben/veranstaltungen/lindauer-jahrmarkt/,lindau.de,official,2026-09-16,conv-review-04-2026-09,frist_offen,"Bewerbungsfrist fuer 2025/2026 ist laut Stadt Lindau bereits abgelaufen; naechste Bewerbungsmoeglichkeit laut Stadt erst ab Fruehjahr 2027 fuer den Jahrmarkt am 06.-10.11.2026 (Termin liegt vor Fruehjahr 2027, daher vermutlich fuer 2028 gemeint - auf offizieller Seite nicht eindeutig). Kontakt: Marktamt Lindau, Bregenzer Strasse 12, 88131 Lindau, Tel. 08382 918-319, marktamt@lindau.de. Umwandlung aus review_candidate, Stand Zieldatum 2026-09-19."
lippstadter-herbstwoche-2027-lippstadt,Lippstädter Herbstwoche 2027,Fest,Lippstadt,Nordrhein-Westfalen,DE,,,Frist noch nicht veröffentlicht,,,,,,,https://www.lippstadt.de/,lippstadt.de,official,2026-08-04,conv-review-07-2026-09,frist_offen,"Groesstes Volksfest Lippstadts, 2026 vom 16. bis 25.10. Der Schaustellerverein Lippstadt e.V. ist Mitveranstalter und richtet zusaetzlich die Osterkirmes aus. Ein staedtisches Bewerbungsverfahren mit Frist ist nicht veröffentlicht; naechster Ansatz ist der Schaustellerverein. Umwandlung aus review_candidate, Stand Zieldatum 2026-09-19."
lohrer-fruehlingsfest-und-rambourfest-2027-lohr-am-main,Lohrer Frühlingsfest und Rambourfest 2027,Stadtfest,Lohr am Main,Bayern,DE,,,"Frist noch nicht veröffentlicht (Standbewerbungen möglich, keine konkrete 2027-Frist)",,,,,,,https://www.lohr.de/stadtfeste,lohr.de,official,2026-08-03,conv-review-03-2026-09,frist_offen,"Die offizielle Stadtseite bestätigt jährlich wiederkehrende Stadtfeste und Standbewerbungen für Aussteller, Dienstleister und Hobbykünstler, nennt aber keine konkrete Frist für 2027. Umwandlung aus review_candidate, Stand Zieldatum 2026-09-19."
loerracher-weihnachtsmarkt-2026-loerrach,Lörracher Weihnachtsmarkt 2026,Weihnachtsmarkt,Lörrach,Baden-Württemberg,DE,,,Frist noch nicht veröffentlicht,03.-13.12.2026,,,,maerkte@loerrach.de,07621 415-132,https://www.loerrach.de/de/Loerrach-Erleben/Wirtschaft-Einkaufen/Maerkte/Maerkte/Weihnachtsmarkt,loerrach.de,official,2026-09-18,conv-review-04-2026-09,frist_offen,"Nachfass 18.09.2026: Termin bestaetigt (3.-13. Dezember 2026), weiterhin kein Fristdatum genannt. Kontakt: Stadt Loerrach, Abteilung Maerkte, maerkte@loerrach.de, Tel. 07621 415-132, Haus Sonne, Basler Strasse 170, 79539 Loerrach. Umwandlung aus review_candidate, Stand Zieldatum 2026-09-19."
loerracher-weihnachtsmarkt-2026-alter-marktplatz-loerrach,Lörracher Weihnachtsmarkt 2026 (Alter Marktplatz),Weihnachtsmarkt,Lörrach,Baden-Württemberg,DE,,,"Frist noch nicht veröffentlicht (Online-Bewerbungsformular vorhanden, kein Fristdatum)",03.-13.12.2026,,,,maerkte@loerrach.de,,https://www.loerrach.de/Bewerbung-Weihnachtsmarkt-2026,loerrach.de,official,2026-09-18,conv-review-02-2026-09,frist_offen,"Nachfass 2026-09-18: Termin 3.-13.12.2026 und Online-Bewerbungsformular weiterhin bestaetigt, aber kein Fristdatum genannt. Kontakt: Stadt Loerrach, Maerkte, Tel. 07621 415-132, maerkte@loerrach.de. Umwandlung aus review_candidate, Stand Zieldatum 2026-09-19."
lubecker-weihnachtsmarkt-2027-lubeck,Lübecker Weihnachtsmarkt 2027,Weihnachtsmarkt,Lübeck,Schleswig-Holstein,DE,,,Frist noch nicht veröffentlicht,,,,,,,https://www.dubistmirnemarke.de/zusammenarbeit/veranstalterinnen/standbetreiberinnen/luebecker-weihnachtsmarkt,dubistmirnemarke.de,official,2026-09-18,conv-review-06-2026-09,frist_offen,"Nachfass 2026-09-18: Seite nennt fuer das 2026er Verfahren 'Bewerbungsfrist 31.3.2026' (bereits verstrichen); fuer 2027 ist noch kein Datum veröffentlicht. Muster deutet auf jaehrliche Frist Ende Maerz hin, fuer 2027 aber nicht bestaetigt. Kontakt: Inke Möller, inke.möller@lübeck-tourismus.de, 0451 4091 921. Umwandlung aus review_candidate, Stand Zieldatum 2026-09-19."
luckenwalder-maerchenweihnachtsmarkt-2026-luckenwalde,Luckenwalder Märchenweihnachtsmarkt 2026,Weihnachtsmarkt,Luckenwalde,Brandenburg,DE,"Boulevard, Breite Straße",,Frist noch nicht veröffentlicht,11.-13.12.2026,,"Stadtmarketing Luckenwalde e.V., Trebbiner Straße 15, 14943 Luckenwalde",,info@city-luckenwalde.de,03371 406566,"https://www.luckenwalde.de/index.php?object=tx,4001.4.1&ModID=11&FID=4001.109.1&kuo=1",luckenwalde.de,official,2026-09-18,conv-review-01-2026-09,frist_offen,"Termin 11.-13.12.2026 (Boulevard, Breite Strasse) bestaetigt, weiterhin keine Bewerbungsfrist. Kontakt: Stadtmarketing Luckenwalde e.V., Trebbiner Strasse 15, 14943 Luckenwalde, Tel. 03371-406566, info@city-luckenwalde.de. Umwandlung aus review_candidate, Stand Zieldatum 2026-09-19."
ludwigsburger-pferdemarkt-2027-ludwigsburg,Ludwigsburger Pferdemarkt 2027,Jahrmarkt,Ludwigsburg,Baden-Württemberg,DE,,,Frist noch nicht veröffentlicht (Bewerbung für 2027 noch nicht möglich),Mai 2027,,,,n.claassen@ludwigsburg.de,,https://visit.ludwigsburg.de/start/presse+_+b2b/bewerbungsunterlagen+pferdemarkt.html,visit.ludwigsburg.de,official,2026-08-04,conv-review-02-2026-09,frist_offen,"„Aktuell können Sie sich noch nicht für den Ludwigsburger Pferdemarkt 2027 bewerben."" Veranstaltung im Mai 2027. Getrennte Zuständigkeiten: Krämer-, Kunst- und Handwerkermarkt Noelle Claaßen (n.claassen@ludwigsburg.de, 07141 910-4138), Pferdeprämierungen und Dackelrennen David Frommer, Festumzug und Showprogramm Beate Schweickhardt. Tourismus & Events Ludwigsburg, Mathildenstraße 21, 71638 Ludwigsburg. Ab Winter 2026 nachfassen - Ludwigsburg schreibt sieben Veranstaltungen getrennt aus (Wochenmarkt, Barock-Weihnachtsmarkt, Pferdemarkt, Antikmeile, Kinderfest, Venezianische Messe, Märzklopfen/Kastanienbeutelfest). Umwandlung aus review_candidate, Stand Zieldatum 2026-09-19."
ludwigshafener-weihnachtsmarkt-ludwigshafen-am-rhein,Ludwigshafener Weihnachtsmarkt,Weihnachtsmarkt,Ludwigshafen am Rhein,Rheinland-Pfalz,DE,,,Frist noch nicht veröffentlicht,,,,,,,https://lukom.com/events/weihnachtsmarkt/,lukom.com,official,2026-09-17,conv-review-08-2026-09,frist_offen,"Bewerbung als Beschicker läuft über Marktmeister Christian Diehl (diehl@lukom.com) bei LUKOM; keine Bewerbungsfrist auf der offiziellen Seite genannt. Umwandlung aus review_candidate, Stand Zieldatum 2026-09-19."
lueneburger-weihnachtsmarkt-lueneburg-2026,Lüneburger Weihnachtsmarkt 2026,Weihnachtsmarkt,Lüneburg,Niedersachsen,DE,,,Frist noch nicht veröffentlicht. Frist laut Vergaberichtlinien jeweils rechtzeitig separat ausgeschrieben; Bewerbungsportal bewerbung.hansestadtlueneburg.de,,,,,,,https://www.hansestadt-lueneburg.de/_Resources/Persistent/7/d/7/d/7d7d4b51b764e6079d9f5226ecdf692f57c90eb0/vergaberichtlinien_weihnachtsmarkt.pdf,hansestadt-lueneburg.de,official,2026-09-19,conv-review-05-2026-09,frist_offen,"PDF gelesen (Vergaberichtlinien, Stand 30.01.2018): nennt nur, dass Frist jeweils rechtzeitig separat ausgeschrieben wird; kein Datum. Bewerbungsportal bewerbung.hansestadtlueneburg.de direkt pruefen. Umwandlung aus review_candidate, Stand Zieldatum 2026-09-19."
luneburger-weihnachtsmarkt-2027-luneburg,Lüneburger Weihnachtsmarkt 2027,Weihnachtsmarkt,Lüneburg,Niedersachsen,DE,,,Frist noch nicht veröffentlicht,,,,,,,https://www.hansestadt-lueneburg.de/,hansestadt-lueneburg.de,official,2026-08-03,conv-review-07-2026-09,frist_offen,"Kommunale Hinweise zur Zulassung sind auffindbar, aber keine aktuelle offizielle Bewerbungsfrist fuer 2027. Umwandlung aus review_candidate, Stand Zieldatum 2026-09-19."
maikirmes-remscheid-2027-remscheid,Maikirmes Remscheid 2027,Volksfest,Remscheid,Nordrhein-Westfalen,DE,,,Frist noch nicht veröffentlicht,,,,,,,https://www.remscheider-kirmes.de/maikirmes-schausteller/,remscheider-kirmes.de,official,2026-08-03,conv-review-06-2026-09,frist_offen,"Veranstalter ist der Remscheider Schützenverein von 1816 Korporation. Die Schausteller-Seite nennt fuer 2026 den Termin 30.04.-10.05., aber keine Bewerbungsfrist, keinen Bewerbungsweg und keine direkten Kontaktdaten ausser einem Kontaktformular. Umwandlung aus review_candidate, Stand Zieldatum 2026-09-19."
maikirmes-und-oktoberfest-saarbruecken-2027-saarbruecken,Maikirmes und Oktoberfest Saarbrücken 2027,Kirmes,Saarbrücken,Saarland,DE,,,Frist noch nicht veröffentlicht,,,,,,,https://www.saarbruecken.de/kultur/kirmes,saarbruecken.de,official,2026-08-04,conv-review-04-2026-09,frist_offen,"Die Landeshauptstadt veranstaltet zwei Kirmessen jährlich auf den Saarterrassen, nennt aber weder Bewerbungsverfahren noch Frist. Auch das Dudweiler Frühlingsfest und die Kirmes Altenkessel laufen ohne veröffentlichte Ausschreibung. Über die Stadtverwaltung oder den Saarländischen Schaustellerverband anfragen. Umwandlung aus review_candidate, Stand Zieldatum 2026-09-19."
maimarkt-lauda-2027-lauda-koenigshofen,Maimarkt Lauda 2027,Jahrmarkt,Lauda-Königshofen,Baden-Württemberg,DE,,,"Frist noch nicht veröffentlicht (Bewerbung für Krämermarkt und Street-Food-Festival möglich, kein Bewerbungsschluss)",09.05.2027,,,,,,https://www.lauda-koenigshofen.de/kultur%2B_%2Btourismus/veranstaltungen/maimarkt,lauda-koenigshofen.de,official,2026-08-03,conv-review-02-2026-09,frist_offen,"Die offizielle Stadtseite bestätigt den Maimarkt am 09.05.2027 und Bewerbungen für Krämermarkt sowie Street-Food-Festival, nennt aber keinen Bewerbungsschluss. Umwandlung aus review_candidate, Stand Zieldatum 2026-09-19."
maimarkt-mannheim-2027-mannheim,Maimarkt Mannheim 2027,Verbrauchermesse / Volksfest,Mannheim,Baden-Württemberg,DE,,,"Frist noch nicht veröffentlicht (Bewerbemöglichkeit vorhanden, keine verbindliche Frist)",24.04.-04.05.2027,,,,,,https://www.maimarkt.de/fuer-aussteller/aussteller-werden,maimarkt.de,official,2026-08-03,conv-review-01-2026-09,frist_offen,"Der Termin 24. April bis 4. Mai 2027 und die Bewerbemöglichkeit sind offiziell, aber eine verbindliche Bewerbungsfrist fehlt. Umwandlung aus review_candidate, Stand Zieldatum 2026-09-19."
maimarkt-kramermarkt-schwabisch-gmund-2026-schwabisch-gmund,Maimarkt-Krämermarkt Schwäbisch Gmünd 2026,Jahrmarkt,Schwäbisch Gmünd,Baden-Württemberg,DE,,,Frist noch nicht veröffentlicht,,,,,,,https://www.schwaebisch-gmuend.de/ausschreibungen-2135/ausschreibung-und-aufforderung-zur-bewerbung-fuer-standplaetze-auf-dem-maimarkt-kraemermarkt-schwaebisch-gmuend-2026.html,schwaebisch-gmuend.de,official,2026-09-16,conv-review-06-2026-09,frist_offen,"URL aus Suchindex fuehrte bei direktem Abruf zu 404 (Seite evtl. saisonal offline genommen, Markt findet im Frühjahr statt und Bewerbungsfenster war zum Recherchezeitpunkt im September vermutlich bereits abgelaufen oder die Ausschreibung fuer 2027 noch nicht online). Kein Fristdatum bestaetigt. Umwandlung aus review_candidate, Stand Zieldatum 2026-09-19."
mainburger-gallimarkt-2027-mainburg,Mainburger Gallimarkt 2027,Volksfest,Mainburg,Bayern,DE,,,"Frist noch nicht veröffentlicht (2027-Frist noch nicht veröffentlicht, online nur 2026-Anmeldungen)",08.-11.10.2027,,,,,,https://www.mainburg.de/seite/390266/volksfeste.html,mainburg.de,official,2026-08-03,conv-review-03-2026-09,frist_offen,"Die offizielle Stadtseite bestätigt den Termin 08.-11.10.2027, auf der Veranstalterseite waren aber nur 2026-Anmeldungen und keine 2027-Frist veröffentlicht. Umwandlung aus review_candidate, Stand Zieldatum 2026-09-19."
mainburger-hopfenfest-2027-mainburg,Mainburger Hopfenfest 2027,Volksfest,Mainburg,Bayern,DE,,,"Frist noch nicht veröffentlicht (Schaustellerformulare auf Stadtseite, 2027-Frist noch nicht veröffentlicht)",09.-12.07.2027,,,,,,https://www.mainburg.de/seite/390266/volksfeste.html,mainburg.de,official,2026-08-03,conv-review-03-2026-09,frist_offen,"Die offizielle Stadtseite bestätigt den Termin 09.-12.07.2027 und verweist auf Schaustellerformulare, dort waren aber nur 2026-Unterlagen beziehungsweise keine 2027-Frist belegt. Umwandlung aus review_candidate, Stand Zieldatum 2026-09-19."
mainburger-jahrmaerkte-2027-mainburg,Mainburger Jahrmärkte 2027,Jahrmarkt,Mainburg,Bayern,DE,,,"Frist noch nicht veröffentlicht (allgemeines Standplatzformular vorhanden, kein Bewerbungsschluss genannt)",Termine 2027 auf Stadtseite,,,,,,https://www.mainburg.de/seite/452588/jahrm,mainburg.de,official,2026-08-03,conv-review-03-2026-09,frist_offen,"Die offizielle Stadtseite nennt 2027-Termine und ein allgemeines Standplatzformular, aber keinen verbindlichen Bewerbungsschluss für die 2027-Märkte. Umwandlung aus review_candidate, Stand Zieldatum 2026-09-19."
mainzer-weihnachtsmarkt-2027-2029-mainz,Mainzer Weihnachtsmarkt 2027-2029,Weihnachtsmarkt,Mainz,Rheinland-Pfalz,DE,,,Frist noch nicht veröffentlicht,,,,,,,https://www.mainz.de/vv/produkte/wirtschaft/weihnachtsmarkt-standplatz-beantragen.php,mainz.de,official,2026-09-19,conv-review-06-2026-09,frist_offen,"Standplätze werden nur im Dreijahresverfahren vergeben; Ausschreibung 2024-2026 lief bis 06.02.2024 (abgeschlossen). Nächster Aufruf für 2027 ff. auf der Seite noch nicht angekündigt. Kontakt: Sachgebiet Messen und Märkte, Große Bleiche 46, 55116 Mainz, 06131 12-3440. Nachfassen zum Ausschreibungsstart. Umwandlung aus review_candidate, Stand Zieldatum 2026-09-19."
malenter-weihnachtsdorf-2026-malente,Malenter Weihnachtsdorf 2026,Weihnachtsmarkt,Malente,Schleswig-Holstein,DE,,,Frist noch nicht veröffentlicht,,,,,,,https://www.holsteinischeschweiz.de/fileadmin/Mediendatenbank/TZHS/Urlaubsorte/Malente/04_Veranstaltungen/Gastronomie_Standbewerbung_Malenter_Weihnachtsdorf_2026.pdf,holsteinischeschweiz.de,official,2026-08-03,conv-review-07-2026-09,frist_offen,"Das offizielle Standbewerbungsdokument enthaelt Teilnahme- und Kontaktdaten, aber keine eindeutig benannte Bewerbungsfrist. Umwandlung aus review_candidate, Stand Zieldatum 2026-09-19."
mannheimer-weihnachtsmarkt-2027-mannheim,Mannheimer Weihnachtsmarkt 2027,Weihnachtsmarkt,Mannheim,Baden-Württemberg,DE,,,Frist noch nicht veröffentlicht (2026: Bewerbung schnellstmöglich),2026: 23.11.-23.12.2026,,"MWG Mannheimer Weihnachtsmarkt-GmbH, Xaver-Fuhr-Str. 101, 68163 Mannheim",,info@weihnachtsmarkt-mannheim.de,0621 42509-0,https://www.weihnachtsmarkt-mannheim.de/fuer-aussteller,weihnachtsmarkt-mannheim.de,official,2026-09-18,conv-review-01-2026-09,frist_offen,"Seite behandelt weiterhin nur 2026 (23.11.-23.12.2026, Bewerbung 'schnellstmoeglich'), keine 2027-Frist. Kontakt: MWG Mannheimer Weihnachtsmarkt-GmbH, Xaver-Fuhr-Str. 101, 68163 Mannheim, Tel. 0621 42509-0, info@weihnachtsmarkt-mannheim.de, Ansprechpartnerin Karin Helfert. Umwandlung aus review_candidate, Stand Zieldatum 2026-09-19."
marburger-elisabethmarkt-marburg-2026,Marburger Elisabethmarkt 2026,Jahrmarkt,Marburg,Hessen,DE,,,Frist noch nicht veröffentlicht. Bewerbungsformulare auf der Stadtseite vorhanden,10.10.-11.10.2026,,,,,,https://www.marburg.de/portal/seiten/marburger-elisabethmarkt-10-und-11-oktober-2026--900001325-23001.html,marburg.de,official,2026-09-16,conv-review-05-2026-09,frist_offen,"Termin 10.-11.10.2026 bestaetigt, Bewerbungsformulare fuer Aussteller und Gastronomen auf der Stadtseite vorhanden (Veranstalter Stadtmarketing Marburg e.V.), aber kein Bewerbungsfristdatum auf der Seite genannt. Kontakt: Universitaetsstadt Marburg, Markt 1, 35037 Marburg, Tel. 06421 201-0. Umwandlung aus review_candidate, Stand Zieldatum 2026-09-19."
marburger-weihnachtsmarkt-2026-marburg,Marburger Weihnachtsmarkt 2026,Weihnachtsmarkt,Marburg,Hessen,DE,,,Frist noch nicht veröffentlicht,,,,,,,https://www.marburg.de/portal/seiten/die-weihnachtsstadt-marburg-900001475-23001.html,marburg.de,official,2026-09-19,conv-review-06-2026-09,frist_offen,"Märkte 28.11.-23.12.2026 bestätigt; kein Bewerbungsverfahren oder Frist auf der Seite. Universitätsstadt Marburg, Tourismus/Marketing direkt ansprechen. Umwandlung aus review_candidate, Stand Zieldatum 2026-09-19."
margaretenkirmes-bruhl-bruhl,Margaretenkirmes Brühl,Volksfest,Brühl,Nordrhein-Westfalen,DE,,,Frist noch nicht veröffentlicht,,,,,,,https://wepag.de/margaretenkirmes-in-bruehl/,wepag.de,official,2026-08-04,conv-review-06-2026-09,frist_offen,"Traditionskirmes in Bruehl, organisiert unter Beteiligung der WEPAG Bruehl (Werbe- und Parkhausgesellschaft). Ein Bewerbungsverfahren mit Frist ist nicht veröffentlicht. Beispiel fuer den Fall, dass eine stadtnahe Gesellschaft und nicht das Ordnungsamt zuständig ist. Umwandlung aus review_candidate, Stand Zieldatum 2026-09-19."
maria-geburtsmarkt-2026-lebach,Mariä Geburtsmarkt 2026,Markt,Lebach,Saarland,DE,,,Frist noch nicht veröffentlicht,,,,,,,https://www.lebach.de/kultur-und-bildung/veranstaltungen/bewerbungsformulare-fuer-standbetreiber,lebach.de,official,2026-08-03,conv-review-07-2026-09,frist_offen,"Die Stadt bietet eine direkte Standbetreiberbewerbung an, nennt auf der geprüften Seite jedoch keinen Bewerbungsschluss. Umwandlung aus review_candidate, Stand Zieldatum 2026-09-19."
maritime-tage-bremerhaven-bremerhaven,Maritime Tage Bremerhaven,Hafenfest,Bremerhaven,Bremen,DE,,,Frist noch nicht veröffentlicht (Kein Bewerbungsverfahren genannt),,,Erlebnis Bremerhaven GmbH,,,,https://www.bremerhaven-erleben.de/maritimetage,bremerhaven-erleben.de,official,2026-08-03,conv-review-01-2026-09,frist_offen,"Offizielle Seite der Erlebnis Bremerhaven GmbH bestaetigt das Hafenfest, nennt jedoch kein Bewerbungsverfahren fuer Haendler oder Schausteller und keine Frist. Umwandlung aus review_candidate, Stand Zieldatum 2026-09-19."
marktoberdorfer-martinimarkt-2027-marktoberdorf,Marktoberdorfer Martinimarkt 2027,Jahrmarkt,Marktoberdorf,Bayern,DE,,,Frist noch nicht veröffentlicht (Regel: Bewerbung sechs Wochen vor Markt laut Satzung),Termin 2027 im Markttermine-PDF,,,,,,https://www.marktoberdorf.de/allgemein/Markttermine%202027.pdf,marktoberdorf.de,official,2026-08-03,conv-review-03-2026-09,frist_offen,"Termin und satzungsbasierte Sechs-Wochen-Frist sind amtlich belegbar; die Quellen bestätigen jedoch nicht ausdrücklich, dass Bewerbungen für 2027 am Stichtag bereits angenommen wurden. Umwandlung aus review_candidate, Stand Zieldatum 2026-09-19."
marktoberdorfer-urbanimarkt-2027-marktoberdorf,Marktoberdorfer Urbanimarkt 2027,Jahrmarkt,Marktoberdorf,Bayern,DE,,,Frist noch nicht veröffentlicht (Regel: Bewerbung sechs Wochen vor Markt laut Satzung),Termin 2027 im Markttermine-PDF,,,,,,https://www.marktoberdorf.de/allgemein/Markttermine%202027.pdf,marktoberdorf.de,official,2026-08-03,conv-review-03-2026-09,frist_offen,"Termin und satzungsbasierte Sechs-Wochen-Frist sind amtlich belegbar; die Quellen bestätigen jedoch nicht ausdrücklich, dass Bewerbungen für 2027 am Stichtag bereits angenommen wurden. Umwandlung aus review_candidate, Stand Zieldatum 2026-09-19."
marktoberdorfer-weihnachtsmarkt-2027-marktoberdorf,Marktoberdorfer Weihnachtsmarkt 2027,Weihnachtsmarkt,Marktoberdorf,Bayern,DE,,,Frist noch nicht veröffentlicht (2027-Bewerbungsfrist noch nicht veröffentlicht),,,,,,,https://www.marktoberdorf.de/allgemein/Markttermine%202027.pdf,marktoberdorf.de,official,2026-09-18,conv-review-03-2026-09,frist_offen,"Nachfass 18.09.2026: PDF enthaelt weiterhin keine konkrete 2027-Bewerbungsfrist, nur Metadaten. Umwandlung aus review_candidate, Stand Zieldatum 2026-09-19."
marktredwitzer-adventszauber-2026-marktredwitz,Marktredwitzer Adventszauber 2026,Weihnachtsmarkt,Marktredwitz,Bayern,DE,,,Frist noch nicht veröffentlicht,Ende November bis Ende Dezember 2026,,,,info@marktredwitz.de,09231 501-0,https://www.marktredwitz.de/aktivitaeten-und-erlebnisse/veranstaltungen/jaehrliche-veranstaltungen,marktredwitz.de,official,2026-09-18,conv-review-04-2026-09,frist_offen,"Nachfass 18.09.2026: Marktredwitzer Adventszauber (Ende November bis Ende Dezember) bestaetigt, weiterhin keine Bewerbungsfrist genannt. Kontakt: Stadt Marktredwitz, info@marktredwitz.de, Tel. 09231 501-0. Umwandlung aus review_candidate, Stand Zieldatum 2026-09-19."
marsberger-allerheiligen-markt-mit-historischem-umzug-marsberg,Marsberger Allerheiligen-Markt mit Historischem Umzug,Markt,Marsberg,Nordrhein-Westfalen,DE,,,"Nächste Ausschreibung noch nicht veröffentlicht, letzte Frist war 31.01.2026",,,,,,,https://stadtmarketing-marsberg.de/veranstaltungen/,stadtmarketing-marsberg.de,official,2026-09-18,conv-review-08-2026-09,frist_offen,"Offizielle Quelle (Stadtmarketing und Wirtschaftsfoerderung Marsberg e.V.) bestaetigt Bewerbungsschluss 31.01.2026 fuer den Markt am 15.10.2026 - diese Frist ist zum Recherchezeitpunkt (18.09.2026) bereits abgelaufen. Umwandlung aus rejected_candidate, Stand Zieldatum 2026-09-19."
martinimarkt-nottuln-2027-nottuln,Martinimarkt Nottuln 2027,Markt,Nottuln,Nordrhein-Westfalen,DE,,,Frist noch nicht veröffentlicht,,,,,,,https://www.nottuln.de/kultur-freizeit/maerkte-feste-gedenktage/martinimarkt/infos-fuer-marktbeschicker,nottuln.de,official,2026-09-19,conv-review-06-2026-09,frist_offen,"Markt 06.-08.11.2027 (2026: 07.-09.11.), Online-Bewerbungsformular vorhanden, aber keine Frist genannt. Kontakt martinimarkt@nottuln.de, 02502 942323, Stiftsplatz 7/8, 48301 Nottuln. Nachfassen. Umwandlung aus review_candidate, Stand Zieldatum 2026-09-19."
martinimarkt-parchim-parchim-2026,Martinimarkt Parchim 2026,Jahrmarkt,Parchim,Mecklenburg-Vorpommern,DE,,,Frist noch nicht veröffentlicht. Bewerbungsunterlagen für 2027 in Vorbereitung,06.11.-09.11.2026,,,,,,https://www.parchim.de/de/tourismus-kultur/veranstaltungen/martinimarkt/,parchim.de,official,2026-09-17,conv-review-05-2026-09,frist_offen,"Stadt Parchim, Fachbereich 3 / Sachgebiet Ordnung und Sicherheit, Blutstrasse 5, 19370 Parchim, Tel. 03871 71-0, kontakt@parchim.de. Markttermin 06.-09.11.2026 bestaetigt, Bewerbungsunterlagen fuer 2027 in Vorbereitung, aber kein konkretes Fristdatum fuer 2026 auf der Seite genannt. Umwandlung aus review_candidate, Stand Zieldatum 2026-09-19."
martinimarkt-rottenburg-am-neckar-2027-rottenburg-am-neckar,Martinimarkt Rottenburg am Neckar 2027,Jahrmarkt,Rottenburg am Neckar,Baden-Württemberg,DE,,,Frist noch nicht veröffentlicht (keine Frist veröffentlicht),08.11.2027,,,,,,https://www.rottenburg.de/maerkte.56.htm?lnav=9515,rottenburg.de,official,2026-08-03,conv-review-02-2026-09,frist_offen,"Die offizielle Stadtseite bestätigt den Markttermin 08.11.2027, veröffentlicht aber keine konkrete Bewerbungsfrist. Umwandlung aus review_candidate, Stand Zieldatum 2026-09-19."
marzahner-nachbarschaftsfest-2027-berlin,Marzahner Nachbarschaftsfest 2027,Stadtfest,Berlin,Berlin,DE,Marzahn,,Frist noch nicht veröffentlicht,"2027, Termin offen",,,,,,https://www.berlin.de/events/7482957-2229501-marzahner-nachbarschaftsfest.html,berlin.de,official,2026-08-03,conv-review-01-2026-09,frist_offen,"Die offizielle Veranstaltungsseite bestätigt eine Ausgabe 2027, veröffentlicht aber noch keinen Termin und keine Standbewerbungsfrist; die bekannte Frist für 2026 wurde nicht übertragen. Umwandlung aus review_candidate, Stand Zieldatum 2026-09-19."
megakirmes-wuppertal-2027-wuppertal,Megakirmes Wuppertal 2027,Volksfest,Wuppertal,Nordrhein-Westfalen,DE,,,Frist noch nicht veröffentlicht,,,,,,,https://sv-wuppertal.de/,sv-wuppertal.de,official,2026-08-03,conv-review-06-2026-09,frist_offen,"Zehntaegige Großkirmes am Zoo/Stadion, getragen vom Schausteller Verein Wuppertal. Auf der Vereinsseite ist kein Bewerbungsverfahren mit kalendarischer Frist veröffentlicht. Umwandlung aus review_candidate, Stand Zieldatum 2026-09-19."
meininger-weihnachtszauber-2026-meiningen,Meininger Weihnachtszauber 2026,Weihnachtsmarkt,Meiningen,Thüringen,DE,,,Frist noch nicht veröffentlicht,,,,,,,https://meiningen.de/meininger-innenstadt/maerkte-und-sondermaerkte,meiningen.de,official,2026-09-16,conv-review-08-2026-09,frist_offen,"Termin 2026 bekannt (23.11.-21.12.2026), aber keine Bewerbungsfrist auf offizieller Seite gefunden. Ansprechstelle: Tourist-Information Meiningen, Ernestinerstraße 2, 98617 Meiningen, 03693 4465-0. Umwandlung aus review_candidate, Stand Zieldatum 2026-09-19."
meissner-weihnachtsmarkt-2026-meissen,Meißner Weihnachtsmarkt 2026,Weihnachtsmarkt,Meißen,Sachsen,DE,,,Frist noch nicht veröffentlicht,,,,,,,https://www.meissner-weihnacht.de/,meissner-weihnacht.de,official,2026-09-12,conv-review-08-2026-09,frist_offen,"Termin bekannt (24.11.-24.12.2026), keine Bewerbungsfrist gefunden; Amt fuer Stadtmarketing, Tourismus und Kultur Meissen direkt kontaktieren. Umwandlung aus review_candidate, Stand Zieldatum 2026-09-19."
meissner-weinfest-2026-meissen,Meißner Weinfest 2026,Weinfest,Meißen,Sachsen,DE,,,Frist noch nicht veröffentlicht,,,,,,,https://www.meissner-weinfest.de/informationen.html,meissner-weinfest.de,official,2026-09-12,conv-review-08-2026-09,frist_offen,"Termin bekannt (ab 18.09.2026), keine Bewerbungsfrist fuer Schausteller auf der Veranstalterseite gefunden. Umwandlung aus review_candidate, Stand Zieldatum 2026-09-19."
meissner-weinfest-2027-meissen,Meißner Weinfest 2027,Weinfest,Meißen,Sachsen,DE,,,Frist noch nicht veröffentlicht,,,,,,,https://www.meissner-weinfest.de/,meissner-weinfest.de,official,2026-09-19,conv-review-06-2026-09,frist_offen,"Weinfest 17.-19.09.2027; Händlerinformationen beim Gewerbeverein Meißen e.V. (Burgstraße 28, 01662 Meißen, Martin Rehnus), keine Frist gefunden. Umwandlung aus review_candidate, Stand Zieldatum 2026-09-19."
memminger-jahrmarkt-2027-memmingen,Memminger Jahrmarkt 2027,Jahrmarkt,Memmingen,Bayern,DE,,,Frist noch nicht veröffentlicht (Jahrmarkt Samstag vor Galli bis Sonntag nach Galli (16.10.)),,,,,pressestelle@memmingen.de,,https://www.memmingen.de/aktuelles/singlenews-aktuelles/news/detail/News/neun-tage-voller-nervenkitzel-nostalgie-und-jahrmarktsspass.html,memmingen.de,official,2026-09-16,conv-review-04-2026-09,frist_offen,"Stadt bestaetigt jaehrlich hunderte Bewerbungen (zuletzt ca. 400) fuer den Jahrmarkt (Samstag vor Galli/16.10. bis Sonntag nach Galli), aber keine offizielle Bewerbungsfrist oder Zustaendigkeitsseite mit Formular gefunden. Kontakt: Stadt Memmingen Pressestelle, Marktplatz 1, 87700 Memmingen, pressestelle@memmingen.de. Umwandlung aus review_candidate, Stand Zieldatum 2026-09-19."
merseburger-weihnachtszauber-merseburg,Merseburger Weihnachtszauber,Weihnachtsmarkt,Merseburg,Sachsen-Anhalt,DE,,,Frist noch nicht veröffentlicht,,,,,,,https://www.merseburg.de/de/weihnachtszauber.html,merseburg.de,official,2026-09-16,conv-review-08-2026-09,frist_offen,"Veranstaltung auf offizieller Stadtseite bestaetigt, aber keine Bewerbungsinformationen fuer Schausteller/Haendler auf der Seite gefunden. Tourist-Information bzw. Stadtverwaltung Merseburg muesste direkt kontaktiert werden. Umwandlung aus review_candidate, Stand Zieldatum 2026-09-19."
merziger-weihnachtsmarkt-am-stadthaus-2026-merzig,Merziger Weihnachtsmarkt am Stadthaus 2026,Weihnachtsmarkt,Merzig,Saarland,DE,,,Frist noch nicht veröffentlicht,,,,,,,https://www.merzig.de/was-erledige-ich-wo/weihnachtsmarkt/,merzig.de,official,2026-09-17,conv-review-08-2026-09,frist_offen,"Markt findet traditionell Ende November bis 24.12. statt. Kein Bewerbungsfrist-Datum gefunden. Kontakt: Ressort 20 – Wirtschaftsförderung, Soziales, Familie und Tourismus, Poststraße 12 (Kretzschmarhaus), 66663 Merzig, Tel. 06861/85-337; alternativ info@merziger-weihnachtsmarkt.de. Umwandlung aus review_candidate, Stand Zieldatum 2026-09-19."
mittelalterlicher-weihnachtsmarkt-siegburg-siegburg,Mittelalterlicher Weihnachtsmarkt Siegburg,Weihnachtsmarkt,Siegburg,Nordrhein-Westfalen,DE,,,Frist noch nicht veröffentlicht,,,,,,,https://events.siegburg.de/,events.siegburg.de,official,2026-08-04,conv-review-06-2026-09,frist_offen,"Markt vom 21. November bis 22. Dezember 2026. Anfragen laufen über die Stadtbetriebe Siegburg, weihnachtsmarkt@stadtbetriebe-siegburg.de, 02241 10275-33. Ein Bewerbungsverfahren mit kalendarischer Frist ist nicht veröffentlicht. Umwandlung aus review_candidate, Stand Zieldatum 2026-09-19."
mittelaltermarkt-kirkel-2027-kirkel,Mittelaltermarkt Kirkel 2027,Mittelaltermarkt,Kirkel,Saarland,DE,,,Frist noch nicht veröffentlicht (Anmeldeformular bis spätestens Mitte Februar),,,,,,,https://www.kirkel.de/burgsommer/mittelaltermarkt/informationen-fuer-aussteller,kirkel.de,official,2026-08-03,conv-review-04-2026-09,frist_offen,"Markt auf der Kirkeler Burg. Die Gemeinde bittet um Einreichung des Anmeldeformulars bis spaetestens Mitte Februar; das ist eine Zeitraumangabe ohne konkretes Datum. Umwandlung aus review_candidate, Stand Zieldatum 2026-09-19."
mollner-weihnachtsmarkt-2026-molln,Möllner Weihnachtsmarkt 2026,Weihnachtsmarkt,Mölln,Schleswig-Holstein,DE,,,Frist noch nicht veröffentlicht,,,,,,,https://www.stadtmarketing-moelln.de/eventmarketing/standbetreiberinnen/anmeldung-weihnachtsmarkt-1,stadtmarketing-moelln.de,official,2026-08-03,conv-review-07-2026-09,frist_offen,"Das offizielle Online-Bewerbungsformular ist erreichbar, nennt jedoch keinen konkreten Anmeldeschluss. Umwandlung aus review_candidate, Stand Zieldatum 2026-09-19."
mondscheinmarkt-neunkirchen-neunkirchen,Mondscheinmarkt Neunkirchen,Markt,Neunkirchen,Saarland,DE,,,Frist noch nicht veröffentlicht,,,,,,,https://neunkirchen.de/index.php?L=748&id=1116,neunkirchen.de,official,2026-08-03,conv-review-06-2026-09,frist_offen,"Veranstaltung der Kreisstadt Neunkirchen im Saarland. Die offizielle Seite nennt kein Bewerbungsverfahren fuer Haendler oder Schausteller und keine Frist. Umwandlung aus review_candidate, Stand Zieldatum 2026-09-19."
moerfelder-kerb-moerfelden-walldorf-2027,Mörfelder Kerb 2027,Kerb,Mörfelden-Walldorf,Hessen,DE,,,"Frist noch nicht veröffentlicht. Letzte Frist war 01.02.2026, keine Dauerregel; Ausschreibung 2027 noch nicht veröffentlicht",,,,,,,https://www.moerfelden-walldorf.de/de/aktuelles/presse/2025/oktober/moerfelder-kerb-2025-1/,moerfelden-walldorf.de,official,2026-09-12,conv-review-05-2026-09,frist_offen,"Frist fuer 2026 (01.02.2026) bereits verstrichen, keine Dauerregel gefunden. Ausschreibung fuer 2027 noch nicht veroeffentlicht. Kontakt: Heike.Tobias@moerfelden-walldorf.de, Fachbereich Planen Bauen Umwelt, Westendstrasse 8, 64546 Moerfelden-Walldorf. Umwandlung aus review_candidate, Stand Zieldatum 2026-09-19."
mosbacher-blumenmarkt-2027-mosbach,Mosbacher Blumenmarkt 2027,Blumenmarkt,Mosbach,Baden-Württemberg,DE,,,Frist noch nicht veröffentlicht,24.04.2027,,,,,,https://mosbach.de/site/Mosbach/node/767686/index.html,mosbach.de,official,2026-08-03,conv-review-01-2026-09,frist_offen,"Der Termin 24. April 2027 ist offiziell veröffentlicht, aber keine konkrete Bewerbungsfrist für 2027. Umwandlung aus review_candidate, Stand Zieldatum 2026-09-19."
mosbacher-brot-und-genussmarkt-2027-mosbach,Mosbacher Brot- und Genussmarkt 2027,Genussmarkt,Mosbach,Baden-Württemberg,DE,,,Frist noch nicht veröffentlicht,04.09.2027,,,,,,https://mosbach.de/site/Mosbach/node/767686/index.html,mosbach.de,official,2026-08-03,conv-review-01-2026-09,frist_offen,"Der Termin 4. September 2027 ist offiziell veröffentlicht, aber keine konkrete Bewerbungsfrist für 2027. Umwandlung aus review_candidate, Stand Zieldatum 2026-09-19."
mosbacher-erntedankfest-2027-mosbach,Mosbacher Erntedankfest 2027,Erntedankfest,Mosbach,Baden-Württemberg,DE,,,Frist noch nicht veröffentlicht,10.10.2027,,,,,,https://mosbach.de/site/Mosbach/node/767686/index.html,mosbach.de,official,2026-08-03,conv-review-01-2026-09,frist_offen,"Der Termin 10. Oktober 2027 ist offiziell veröffentlicht, aber keine konkrete Bewerbungsfrist für 2027. Umwandlung aus review_candidate, Stand Zieldatum 2026-09-19."
mosbacher-fruehlingsfest-2027-mosbach,Mosbacher Frühlingsfest 2027,Frühlingsfest,Mosbach,Baden-Württemberg,DE,,,Frist noch nicht veröffentlicht,07.-10.05.2027,,,,,,https://mosbach.de/site/Mosbach/node/767686/index.html,mosbach.de,official,2026-08-03,conv-review-01-2026-09,frist_offen,"Der Termin 7. bis 10. Mai 2027 ist offiziell veröffentlicht, aber keine konkrete Bewerbungsfrist für 2027. Umwandlung aus review_candidate, Stand Zieldatum 2026-09-19."
mosbacher-kraeutermarkt-2027-mosbach,Mosbacher Kräutermarkt 2027,Kräutermarkt,Mosbach,Baden-Württemberg,DE,,,Frist noch nicht veröffentlicht,03.07.2027,,,,,,https://mosbach.de/site/Mosbach/node/767686/index.html,mosbach.de,official,2026-08-03,conv-review-01-2026-09,frist_offen,"Der Termin 3. Juli 2027 ist offiziell veröffentlicht, aber keine konkrete Bewerbungsfrist für 2027. Umwandlung aus review_candidate, Stand Zieldatum 2026-09-19."
mosbacher-kunsthandwerkermarkt-und-franzoesischer-markt-2027-mosbach,Mosbacher Kunsthandwerkermarkt und Französischer Markt 2027,Kunsthandwerkermarkt,Mosbach,Baden-Württemberg,DE,,,Frist noch nicht veröffentlicht,03.-04.04.2027,,,,,,https://mosbach.de/site/Mosbach/node/767686/index.html,mosbach.de,official,2026-08-03,conv-review-01-2026-09,frist_offen,"Der Termin 3. bis 4. April 2027 ist offiziell veröffentlicht, aber keine konkrete Bewerbungsfrist für 2027. Umwandlung aus review_candidate, Stand Zieldatum 2026-09-19."
mosbacher-mittelalter-und-kunsthandwerkermarkt-2027-mosbach,Mosbacher Mittelalter- und Kunsthandwerkermarkt 2027,Mittelaltermarkt,Mosbach,Baden-Württemberg,DE,,,Frist noch nicht veröffentlicht,06.-07.11.2027,,,,,,https://mosbach.de/site/Mosbach/node/767686/index.html,mosbach.de,official,2026-08-03,conv-review-01-2026-09,frist_offen,"Der Termin 6. bis 7. November 2027 ist offiziell veröffentlicht, aber keine konkrete Bewerbungsfrist für 2027. Umwandlung aus review_candidate, Stand Zieldatum 2026-09-19."
mosbacher-weihnachtsmarkt-2027-mosbach,Mosbacher Weihnachtsmarkt 2027,Weihnachtsmarkt,Mosbach,Baden-Württemberg,DE,,,Frist noch nicht veröffentlicht (Frist 2026 war Ende April 2026),,,Kulturabteilung mit Stadtarchiv,J. Brauss,j.brauss@mosbach.de,+49 6261 82489,https://www.mosbach.de/mosbacher%2Bweihnachtsmarkt,mosbach.de,official,2026-09-18,conv-review-01-2026-09,frist_offen,"Seite bestaetigt weiterhin nur die 2026-Frist (Bewerbungsformular bis Ende April 2026), keine 2027-Angabe. Kontakt: Frau J. Brauss, Kulturabteilung mit Stadtarchiv, Tel. +49 6261 82489, j.brauss@mosbach.de. Umwandlung aus review_candidate, Stand Zieldatum 2026-09-19."
muenchner-fruehlingsfest-2027-muenchen,Münchner Frühlingsfest 2027,Volksfest,München,Bayern,DE,,,Frist noch nicht veröffentlicht (Bewerbungsunterlagen 2027 ab November),16.04.-02.05.2027,,,,,,https://www.munich.travel/pois/maerkte-feste/fruehlingsfest-muenchen,munich.travel,official,2026-08-03,conv-review-04-2026-09,frist_offen,"Termin 16. April bis 2. Mai 2027 auf der Theresienwiese. Die Vergabe laeuft ueber das zentrale Muenchener Bewerbungsverfahren, dessen Unterlagen fuer 2027 erst ab November 2026 bereitstehen. Umwandlung aus review_candidate, Stand Zieldatum 2026-09-19."
nachbarschaftsfest-am-rathaus-schoeneberg-2027-berlin,Nachbarschaftsfest am Rathaus Schöneberg 2027,Stadtfest,Berlin,Berlin,DE,Rathaus Schöneberg,,Frist noch nicht veröffentlicht (Bewerbung voraussichtlich ab Januar 2027),05.06.2027,,,,,,https://www.berlin.de/ba-tempelhof-schoeneberg/aktuelles/veranstaltungen/nachbarschaftsfest/artikel.777132.php,berlin.de,official,2026-08-03,conv-review-01-2026-09,frist_offen,"Die offizielle Bezirksseite bestätigt den 05.06.2027 und relevante Stände einschließlich Gastronomie und Foodtrucks. Bewerbungen sollen erst ab Januar 2027 möglich sein; ein verbindliches Fristende ist nicht veröffentlicht. Umwandlung aus review_candidate, Stand Zieldatum 2026-09-19."
nachbarschaftsfest-in-reinickendorf-2027-berlin,Nachbarschaftsfest in Reinickendorf 2027,Stadtfest,Berlin,Berlin,DE,Reinickendorf,,Frist noch nicht veröffentlicht,"2027, Termin offen",,,,,,https://www.berlin.de/events/7495101-2229501-nachbarschaftsfest-in-reinickendorf.html,berlin.de,official,2026-08-03,conv-review-01-2026-09,frist_offen,"Die offizielle Veranstaltungsseite führt das Fest 2027 und lädt zu Beiträgen ein, nennt jedoch weder einen konkreten Termin noch eine verbindliche Bewerbungsfrist. Umwandlung aus review_candidate, Stand Zieldatum 2026-09-19."
neheimer-markt-2027-arnsberg,Neheimer Markt 2027,Jahrmarkt,Arnsberg,Nordrhein-Westfalen,DE,,,Frist noch nicht veröffentlicht (Schausteller-Bewerbungsformular vorhanden),,,,,,,https://arnsberg-neheim.de/pdf/mitgliederinfos/Bewerbungsformular_Schausteller.pdf,arnsberg-neheim.de,official,2026-08-03,conv-review-04-2026-09,frist_offen,"Aktives Neheim / Citybuero stellt ein eigenes Schausteller-Bewerbungsformular bereit (Neheimer Markt 2a, Arnsberg). Ein Fristdatum liess sich nicht ermitteln. Ergaenzt die frueher erfasste Huestener Kirmes im selben Stadtgebiet. Umwandlung aus review_candidate, Stand Zieldatum 2026-09-19."
neu-isenburger-altstadtfest-neu-isenburg,Neu-Isenburger Altstadtfest,Stadtfest,Neu-Isenburg,Hessen,DE,,,Frist noch nicht veröffentlicht,,,,,,,https://www.neu-isenburg.de/pressemodul/pressemitteilungen/juni/altstadtfest,neu-isenburg.de,official,2026-09-12,conv-review-06-2026-09,frist_offen,"Termin 2026 bekannt (12.-14.06.2026), keine Bewerbungsfrist fuer Schausteller auf offizieller Stadtseite gefunden. Umwandlung aus review_candidate, Stand Zieldatum 2026-09-19."
neu-ulmer-kunsthandwerkermarkt-2027-neu-ulm,Neu-Ulmer Kunsthandwerkermarkt 2027,Jahrmarkt,Neu-Ulm,Bayern,DE,,,"Frist noch nicht veröffentlicht (online noch Formular für 2026, keine 2027-Frist)",Termin 2027 auf Stadtseite,,,,,,https://nu.neu-ulm.de/neu-ulm-erleben/veranstaltungen/maerkte/kunsthandwerkermarkt,nu.neu-ulm.de,official,2026-08-03,conv-review-03-2026-09,frist_offen,"Die offizielle Seite nennt den Termin 2027, verlinkte am Stichtag aber noch ein Formular für 2026 mit alter Frist; kein belastbares offenes 2027-Fenster. Umwandlung aus review_candidate, Stand Zieldatum 2026-09-19."
neu-ulmer-stadtfest-2027-neu-ulm,Neu-Ulmer Stadtfest 2027,Stadtfest,Neu-Ulm,Bayern,DE,,,Frist noch nicht veröffentlicht (keine Bewerbungsfrist für Beschicker oder Gastronomie),Termin 2027 veröffentlicht,,,,,,https://nu.neu-ulm.de/neu-ulm-erleben/veranstaltungen/veranstaltungshoehepunkte/stadtfest,nu.neu-ulm.de,official,2026-08-03,conv-review-03-2026-09,frist_offen,"Ein offizieller Termin 2027 ist veröffentlicht, eine konkrete Bewerbungsfrist für Beschicker oder Gastronomie jedoch nicht. Umwandlung aus review_candidate, Stand Zieldatum 2026-09-19."
neumarkter-jahrmaerkte-2027-neumarkt-in-der-oberpfalz,Neumarkter Jahrmärkte 2027,Jahrmarkt,Neumarkt in der Oberpfalz,Bayern,DE,,,"Frist noch nicht veröffentlicht (Bewerbung für Fieranten möglich, kein Bewerbungsschluss genannt)",vier Jahrmarkttermine 2027,,,,,,https://www.neumarkt.de/rathaus-buergerservice/aemter-und-dienstleistungen/wo-erledige-ich-was/marktwesen/,neumarkt.de,official,2026-08-03,conv-review-03-2026-09,frist_offen,"Offizielle Stadtseite nennt die vier Jahrmarkttermine 2027 und die Bewerbungsmöglichkeit für Fieranten, aber keinen Bewerbungsschluss für Standplätze. Umwandlung aus review_candidate, Stand Zieldatum 2026-09-19."
neunkircher-mondschein-markt-2026-neunkirchen,Neunkircher Mondschein-Markt 2026,Markt,Neunkirchen,Saarland,DE,,,Frist noch nicht veröffentlicht,,,,,,,https://www.neunkirchen.de/index.php?L=1%3FL%3D1%3FL%3D1%3FL%25fileadmin%2Fuser_upload%2Fneunkirchen%2F01_Stadtmarketing%2FRechtliche_Informationen_zum_Zweitwohnsitz.pdf&id=1116,neunkirchen.de,official,2026-08-03,conv-review-07-2026-09,frist_offen,"Die offizielle Stadtseite weist auf verfügbare Standplätze und ein Anmeldeformular hin, nennt aber keine konkrete Bewerbungsfrist. Umwandlung aus review_candidate, Stand Zieldatum 2026-09-19."
neusasser-volksfest-2027-neusass,Neusäßer Volksfest 2027,Volksfest,Neusäß,Bayern,DE,,,Frist noch nicht veröffentlicht,,,,,,,https://www.neusaess.de/de/Kultur-und-Freizeit/Feste-und-Maerkte/Volksfest,neusaess.de,official,2026-09-18,conv-review-07-2026-09,frist_offen,"Offizielle Stadtseite Neusaess bestaetigt Volksfest-Programm existiert, Kontakt Florian Laritz, Kulturbuero Stadt Neusaess, Tel. 0821/4606-147, kulturbuero@neusaess.de. Fuer 2027 noch keine Bewerbungsfrist veröffentlicht, bisheriger Festwirt übernimmt den Bierzeltbetrieb nicht mehr. Umwandlung aus review_candidate, Stand Zieldatum 2026-09-19."
neusser-weihnachtsmarkt-neuss,Neusser Weihnachtsmarkt,Weihnachtsmarkt,Neuss,Nordrhein-Westfalen,DE,,,Frist noch nicht veröffentlicht,,,,,,,https://www.neuss.de/news/2023/11/23/neusser-weihnachtsmaerkte,neuss.de,official,2026-09-13,conv-review-07-2026-09,frist_offen,"Keine Bewerbungsfrist auf offizieller Stadtseite gefunden; Stadt Neuss direkt kontaktieren. Umwandlung aus review_candidate, Stand Zieldatum 2026-09-19."
neustadter-kirchweih-2027-neustadt-an-der-aisch-neustadt-an-der-aisch,Neustadter Kirchweih 2027 (Neustadt an der Aisch),Kirchweih,Neustadt an der Aisch,Bayern,DE,,,Frist noch nicht veröffentlicht,,,,,,,https://www.neustadt-aisch.de/kalender,neustadt-aisch.de,official,2026-09-13,conv-review-04-2026-09,frist_offen,"Kirchweih ist stark nachgefragt (ueber 100 Bewerbungen laut Stadt), aber kein Fristdatum auf offizieller Seite gefunden. Umwandlung aus review_candidate, Stand Zieldatum 2026-09-19."
nikolausmarkt-an-der-abtei-brauweiler-pulheim,Nikolausmarkt an der Abtei Brauweiler,Markt,Pulheim,Nordrhein-Westfalen,DE,,,Frist noch nicht veröffentlicht,,,,,,,https://www.abtei-brauweiler.eu/,abtei-brauweiler.eu,official,2026-09-18,conv-review-07-2026-09,frist_offen,"Veranstaltung im Abteipark Brauweiler (Pulheim) bestaetigt, vermutlich organisiert durch die Brauweiler Interessengemeinschaft (BIG). Kein offizieller Bewerbungsprozess mit Frist fuer Schausteller gefunden. Umwandlung aus review_candidate, Stand Zieldatum 2026-09-19."
nikolausmarkt-baunatal-baunatal-2026,Nikolausmarkt Baunatal 2026,Weihnachtsmarkt,Baunatal,Hessen,DE,,,Frist noch nicht veröffentlicht. Anmeldeformular vorhanden,04.12.-13.12.2026,,,,,,https://stadtmarketing-baunatal.de/stadtmarketing/service-aussteller-standbetreiber/,stadtmarketing-baunatal.de,official,2026-09-16,conv-review-05-2026-09,frist_offen,"Termin 04.-13.12.2026 bestaetigt, Anmeldeformular vorhanden, kein explizites Bewerbungsfristdatum genannt. Kontakt: Stadtmarketing Baunatal GmbH, Friedrich-Ebert-Allee 8a, 34225 Baunatal, Tel. 0561-953.795.80, info@stadtmarketing-baunatal.de. Umwandlung aus review_candidate, Stand Zieldatum 2026-09-19."
nikolausmarkt-gladbeck-gladbeck,Nikolausmarkt Gladbeck,Markt,Gladbeck,Nordrhein-Westfalen,DE,,,Frist noch nicht veröffentlicht,,,,,,,https://www.gladbeck.ruhr/index.asp?form=detail&db=404&id=4591,gladbeck.ruhr,official,2026-09-12,conv-review-07-2026-09,frist_offen,"Keine Bewerbungsfrist auf offizieller Seite gefunden. Kontakt: Stadt Gladbeck, Willy-Brandt-Platz 2, 45964 Gladbeck, (02043) 99-0. Umwandlung aus review_candidate, Stand Zieldatum 2026-09-19."
nikolausmarkt-haltern-am-see-2026-haltern-am-see,Nikolausmarkt Haltern am See 2026,Markt,Haltern am See,Nordrhein-Westfalen,DE,,,Frist noch nicht veröffentlicht,,,,,,,https://www.haltern.de/Inhalte/Startseite/Verwaltung_Politik/_details.asp?form=detail&db=245&id=3876,haltern.de,official,2026-09-16,conv-review-07-2026-09,frist_offen,"Termin 28.11.-14.12.2026 auf dem Marktplatz bekannt, keine Bewerbungsfrist fuer Schausteller/Standbetreiber auf offizieller Seite gefunden. Stadtagentur Haltern am See, Marktplatz, 45721 Haltern am See, stadtagentur@haltern.de, Tel. 02364 933-402. Umwandlung aus review_candidate, Stand Zieldatum 2026-09-19."
nikolausmarkt-in-zons-dormagen-2026-dormagen,Nikolausmarkt in Zons (Dormagen) 2026,Markt,Dormagen,Nordrhein-Westfalen,DE,,,"Nächste Ausschreibung noch nicht veröffentlicht, letzte Frist war 15.06.2026",,,,,,,https://www.swd-dormagen.de/tourismus/nikolausmarkt-in-zons,swd-dormagen.de,official,2026-09-13,conv-review-08-2026-09,frist_offen,"Bewerbungsfrist war der 15.06.2026 (Markt 05.-06.12.2026), bereits verstrichen. Umwandlung aus rejected_candidate, Stand Zieldatum 2026-09-19."
norderstedter-advents-markt-2026-norderstedt,Norderstedter Advents-Markt 2026,Weihnachtsmarkt,Norderstedt,Schleswig-Holstein,DE,,,Frist noch nicht veröffentlicht,,,,,,,https://advents-norderstedt.de/?page_id=29,advents-norderstedt.de,official,2026-09-19,conv-review-06-2026-09,frist_offen,"Privater Veranstalter (Hauschildt Verlag, info@hauschildt-verlag.de, 040 525 65 65); Anmeldeunterlagen vorhanden, keine Frist bestätigt. Umwandlung aus review_candidate, Stand Zieldatum 2026-09-19."
nostalgischer-weihnachtsmarkt-hattingen-2026-hattingen,Nostalgischer Weihnachtsmarkt Hattingen 2026,Weihnachtsmarkt,Hattingen,Nordrhein-Westfalen,DE,,,Frist noch nicht veröffentlicht,,,,,,,https://www.hattingen-tourismus.de/en/events/christmas-market/,hattingen-tourismus.de,official,2026-09-12,conv-review-07-2026-09,frist_offen,"Termin bekannt (23.11.-22.12.2026), Bewerbungsfrist laut Seite erst ab November verfuegbar. Kontakt: Hattingen Marketing, Haldenplatz 3, 45525 Hattingen, (02324) 204 3095. Umwandlung aus review_candidate, Stand Zieldatum 2026-09-19."
nuernberger-fruehlingsvolksfest-2027-nuernberg,Nürnberger Frühlingsvolksfest 2027,Volksfest,Nürnberg,Bayern,DE,,,Frist noch nicht veröffentlicht (keine öffentliche Bewerbungsfrist),27.03.-11.04.2027,,,,,,https://tourismus.nuernberg.de/buchen/nuernberg-card/location/nuernberger-volksfest/,tourismus.nuernberg.de,official,2026-08-03,conv-review-02-2026-09,frist_offen,"Offizielle Tourismusseite bestätigt das Volksfest vom 27.03.-11.04.2027, nennt aber keine öffentliche Bewerbungsfrist für Schausteller oder Beschicker. Umwandlung aus review_candidate, Stand Zieldatum 2026-09-19."
nuernberger-kunsthandwerkermaerkte-2027-nuernberg,Nürnberger Kunsthandwerkermärkte 2027,Kunsthandwerkermarkt,Nürnberg,Bayern,DE,,,Frist noch nicht veröffentlicht (Anmeldungen 2027 werden entgegengenommen),"15.05., 17.07. und 09.10.2027",,,,,0911 231-2649,https://www.nuernberg.de/internet/marktamt/kunsthandwerkermarkt.html,nuernberg.de,official,2026-08-03,conv-review-04-2026-09,frist_offen,"Drei Markttage 2027 am Hauptmarkt: 15.05., 17.07. und 09.10.2027. Anmeldungen fuer 2027 werden entgegengenommen, ein kalendarisches Fristdatum wird nicht genannt. Bewerbung ueber Kontaktformular mit Interessensbekundung und Fotos der Werke, offizieller Antrag folgt per Schreiben. Ansprechpartner Herr Haendl und Frau Hoffmann, 0911 231-2649 und 0911 231-8474. Umwandlung aus review_candidate, Stand Zieldatum 2026-09-19."
nuernberger-ostermarkt-2027-nuernberg,Nürnberger Ostermarkt 2027,Ostermarkt,Nürnberg,Bayern,DE,,,Frist noch nicht veröffentlicht (Bewerbungsfrist beginnt ca. Ende September),12.03.-29.03.2027,,,,,0911 231-5342,https://www.nuernberg.de/internet/marktamt/ostermarkt.html,nuernberg.de,official,2026-08-03,conv-review-04-2026-09,frist_offen,"Markt vom 12.03. bis 29.03.2027 auf dem Nuernberger Hauptmarkt. Die Nuernberger Maerkte geben an: 'Die Bewerbungsfrist fuer den Ostermarkt 2027 beginnt ca. Ende September 2026.' Das ist der Beginn, nicht das Ende der Frist; ein Fristende ist nicht genannt. Ansprechpartner Hr. Probst, 0911 231-5342, Leyher Strasse 107c, 90431 Nuernberg. Nachfassen ab Ende September 2026. Umwandlung aus review_candidate, Stand Zieldatum 2026-09-19."
nurtinger-weihnachtsmarkt-2026-nurtingen,Nürtinger Weihnachtsmarkt 2026,Weihnachtsmarkt,Nürtingen,Baden-Württemberg,DE,,,Frist noch nicht veröffentlicht,,,,,,,https://www.nuertingen.de/kultur-freizeit/erleben-entdecken/maerkte/weihnachtsmarkt,nuertingen.de,official,2026-09-19,conv-review-06-2026-09,frist_offen,"41. Markt 04.-13.12.2026; Bewerbung per Formular an veranstaltungen.stadt@nuertingen.de, aber kein Fristdatum genannt. Ansprechpartnerin Katja Luz, Amt für Stadtmarketing | Events, Tel. 07022 75-524. Umwandlung aus review_candidate, Stand Zieldatum 2026-09-19."
nussknackermarkt-engers-neuwied-2026-neuwied,Nussknackermarkt Engers (Neuwied) 2026,Markt,Neuwied,Rheinland-Pfalz,DE,,,Frist noch nicht veröffentlicht,,,,,,,https://www.nussknackermarkt.com/,nussknackermarkt.com,official,2026-09-18,conv-review-07-2026-09,frist_offen,"Veranstaltung bestaetigt (erstes Adventswochenende, Schloss/Marktplatz Engers). Offizielle Veranstalterseite vorhanden, jedoch kein direkter Kontakt oder Bewerbungsfrist fuer Aussteller 2026 auffindbar. Umwandlung aus review_candidate, Stand Zieldatum 2026-09-19."
oberlinder-kirchweih-2026-sonneberg-sonneberg,Oberlinder Kirchweih 2026 (Sonneberg),Volksfest,Sonneberg,Thüringen,DE,,,"Nächste Ausschreibung noch nicht veröffentlicht, letzte Frist war 15.06.2026",,,,,,,https://sonneberg.de/aktuelles/beitrag/nach-dem-fest-ist-vor-dem-fest-sonneberg-sucht-mitwirkende-fuer-volksfeste-und-maerkte-2026.html,sonneberg.de,official,2026-09-16,conv-review-08-2026-09,frist_offen,"Veranstaltung 17.-20. Juli 2026, Bewerbungsfrist war 15.06.2026, bereits verstrichen. Umwandlung aus rejected_candidate, Stand Zieldatum 2026-09-19."
oberurseler-weihnachtsmarkt-2026-oberursel,Oberurseler Weihnachtsmarkt 2026,Weihnachtsmarkt,Oberursel,Hessen,DE,,,Frist noch nicht veröffentlicht,,,,,,,https://www.oberursel.de/de/erleben-entdecken/veranstaltungen/weihnachtsmarkt/,oberursel.de,official,2026-08-03,conv-review-07-2026-09,frist_offen,"Die offizielle Seite bietet eine Standplatzbewerbung an, die konkrete Frist war im geprüften Seiteninhalt jedoch nicht eindeutig auslesbar. Umwandlung aus review_candidate, Stand Zieldatum 2026-09-19."
ochsenfurter-pfingstritt-2027-ochsenfurt,Ochsenfurter Pfingstritt 2027,Stadtfest,Ochsenfurt,Bayern,DE,,,Frist noch nicht veröffentlicht (keine Standbewerbungsfrist veröffentlicht),17.05.2027,,,,,,https://www.ochsenfurt.de/de/tourismus-kultur/veranstaltungen/ochsenfurter-pfingstritt,ochsenfurt.de,official,2026-08-03,conv-review-03-2026-09,frist_offen,"Die offizielle Stadtseite bestätigt die Veranstaltung am 17.05.2027 und ihre Tradition mit Verkaufsständen, veröffentlicht aber keine Standbewerbungsfrist. Umwandlung aus review_candidate, Stand Zieldatum 2026-09-19."
offenbacher-waeldchestag-offenbach-am-main-2027,Offenbacher Wäldchestag 2027,Volksfest,Offenbach am Main,Hessen,DE,,,Frist noch nicht veröffentlicht. Ordnungsamt zuständig; Bewerbermanager bewerbung.offenbach.de vorhanden,,,,,,,https://www.offenbach.de/vv/oe/verwaltung/Ordnungsamt.php,offenbach.de,official,2026-09-12,conv-review-05-2026-09,frist_offen,"Keine Bewerbungsfrist fuer Schausteller auf offizieller Seite gefunden; Ordnungsamt Offenbach zustaendig, Bewerbermanager unter bewerbung.offenbach.de vorhanden, aber Fristdaten nicht auslesbar. Umwandlung aus review_candidate, Stand Zieldatum 2026-09-19."
offenbacher-weihnachtsmarkt-standplatze-schausteller-offenbach-am-main,Offenbacher Weihnachtsmarkt (Standplätze Schausteller),Weihnachtsmarkt,Offenbach am Main,Hessen,DE,,,Frist noch nicht veröffentlicht,,,,,,,https://www.offenbach.de/vv/produkte/tsabus/festsetzung_von_messen__ausstellungen__maerkten_und_volksfesten_9106361.php,offenbach.de,official,2026-09-12,conv-review-06-2026-09,frist_offen,"Gefundene Bewerbungsfrist (bis 22. Oktober, Start 14. September) betrifft nur die Vereinshuette fuer gemeinnuetzige Vereine, nicht die Schausteller-Standplätze. Fuer Schausteller keine Frist auf offizieller Seite gefunden; Ordnungsamt Offenbach direkt kontaktieren. Umwandlung aus review_candidate, Stand Zieldatum 2026-09-19."
oehringer-weihnachtsmarkt-2026-oehringen,Öhringer Weihnachtsmarkt 2026,Weihnachtsmarkt,Öhringen,Baden-Württemberg,DE,,,"Frist noch nicht veröffentlicht (Anmeldeformular vorhanden, Frist evtl. in Marktordnung)",,,,,info@oehringen.de,,https://www.oehringen.de/freizeit-tourismus/unsere-veranstaltungen/oehringer-weihnachtsmarkt/anmeldung-verkaufsstand,oehringen.de,official,2026-09-18,conv-review-02-2026-09,frist_offen,"Nachfass 18.09.2026: Anmeldeformular weiterhin vorhanden, aber kein konkretes Fristdatum auf der Seite selbst; Details vermutlich nur im PDF 'WM_Marktordnung_und_Teilnahmebedingungen_2026'. Kontakt: Stadt Oehringen, Marktplatz 15, 74613 Oehringen, info@oehringen.de, Tel. 07941 68-0. Umwandlung aus review_candidate, Stand Zieldatum 2026-09-19."
oktoberfest-rangsdorf-2026-rangsdorf,Oktoberfest Rangsdorf 2026,Volksfest,Rangsdorf,Brandenburg,DE,,,Frist noch nicht veröffentlicht,,,,,,,https://www.rangsdorf.de/veranstaltungen/,rangsdorf.de,official,2026-09-18,conv-review-07-2026-09,frist_offen,"Veranstaltung am Strandbad Rangsdorf offiziell bestaetigt, kein Schausteller-Bewerbungsverfahren auf der Seite. Nur noch 2 Wochen bis Start, Frist falls vorhanden wahrscheinlich abgelaufen. Umwandlung aus review_candidate, Stand Zieldatum 2026-09-19."
oktoberfest-spandau-2027-berlin,Oktoberfest Spandau 2027,Volksfest,Berlin,Berlin,DE,Spandau,,Frist noch nicht veröffentlicht (Allgemeine Schaustellerbewerbungen über den Veranstalter),17.09.-23.10.2027,,,,,,https://www.wollenschlaeger-berlin.de/mitmachen/,wollenschlaeger-berlin.de,official,2026-08-03,conv-review-01-2026-09,frist_offen,"Offizielle Veranstalterseite bestaetigt 17.09.-23.10.2027 und allgemeine Schaustellerbewerbungen, aber keinen konkreten Bewerbungsschluss fuer diese Veranstaltung. Umwandlung aus review_candidate, Stand Zieldatum 2026-09-19."
ostereiermarkt-wangen-im-allgaeu-2027-wangen-im-allgaeu,Ostereiermarkt Wangen im Allgäu 2027,Jahrmarkt,Wangen im Allgäu,Baden-Württemberg,DE,,,Frist noch nicht veröffentlicht (kein Bewerbungszeitraum veröffentlicht),27.-28.02.2027,,,,,,https://www.wangen.de/wirtschaft/wirtschaftsfoerderung/stadt-und-standortmarketing/ostereiermarkt,wangen.de,official,2026-08-03,conv-review-02-2026-09,frist_offen,"Die offizielle Stadtseite bestätigt die Veranstaltung am 27. und 28.02.2027, aber keinen verbindlichen Bewerbungszeitraum für Ausstellende. Umwandlung aus review_candidate, Stand Zieldatum 2026-09-19."
paderborner-herbstlibori-2027-paderborn,Paderborner Herbstlibori 2027,Fest,Paderborn,Nordrhein-Westfalen,DE,,,Frist noch nicht veröffentlicht,,,,,,,https://www.paderborn.de/microsite/maerkte/volksfeste/herbstlibori_194486_201605.php,paderborn.de,official,2026-08-03,conv-review-07-2026-09,frist_offen,"Die Stadt nennt den 01.10.2026 bislang nur als voraussichtliche Frist; eine endgültige Ausschreibung ist noch nicht veröffentlicht. Umwandlung aus review_candidate, Stand Zieldatum 2026-09-19."
paderborner-libori-kirmes-2027-paderborn,Paderborner Libori-Kirmes 2027,Volksfest,Paderborn,Nordrhein-Westfalen,DE,,,Frist noch nicht veröffentlicht,,,,,,,https://www.paderborn.de/microsite/maerkte/volksfeste/liborikirmes_194468_201590.php,paderborn.de,official,2026-08-03,conv-review-07-2026-09,frist_offen,"Die Stadt nennt den 01.10.2026 bislang nur als voraussichtliche Frist; das Bewerbungsverfahren soll erst Ende August 2026 öffnen. Umwandlung aus review_candidate, Stand Zieldatum 2026-09-19."
parkfest-lankwitz-berlin-2026-berlin,"Parkfest Lankwitz, Berlin 2026",Fest,Berlin,Berlin,DE,,,Frist noch nicht veröffentlicht,,,,,,,https://volksfest-berlin.de/bewerbungsportal/,volksfest-berlin.de,official,2026-09-18,conv-review-07-2026-09,frist_offen,"Veranstaltung (26.09.2026) über schausteller.de gefunden. Kein spezifischer Veranstalter fuer 'Parkfest Lankwitz' identifizierbar; moeglicherweise über das allgemeine Berliner Bewerbungsportal fuer Volksfeste (volksfest-berlin.de) zu bewerben, dort jedoch keine Bestaetigung fuer dieses konkrete Fest gefunden. Umwandlung aus review_candidate, Stand Zieldatum 2026-09-19."
passauer-christkindlmarkt-2026-2027-passau,Passauer Christkindlmarkt 2026/2027,Weihnachtsmarkt,Passau,Bayern,DE,,,Frist noch nicht veröffentlicht,,,,,,,https://passauer-christkindlmarkt.de/bewerbung/,passauer-christkindlmarkt.de,official,2026-09-19,conv-review-06-2026-09,frist_offen,"Bewerbungsformular vorhanden, keine Frist und kein Termin auf der Seite. Kontakt: Stadt Passau, Rathausplatz 2, 94032 Passau, Tel. 0851 396551, veranstaltungen@passau.de. Markt 2026: 24.11.-22.12. Umwandlung aus review_candidate, Stand Zieldatum 2026-09-19."
pfingstvolksfest-und-herbstvolksfest-ingolstadt-2027-ingolstadt,Pfingstvolksfest und Herbstvolksfest Ingolstadt 2027,Volksfest,Ingolstadt,Bayern,DE,,,Frist noch nicht veröffentlicht,,,,,,,https://www.ingolstadt.de/Service/Leitfaden-f%C3%BCr-Veranstalter/St%C3%A4dtische-Veranstaltungen/,ingolstadt.de,official,2026-08-04,conv-review-04-2026-09,frist_offen,"Die Stadt Ingolstadt richtet zwei Volksfeste aus, das Pfingstvolksfest (2026 die 78. Auflage) und das Herbstvolksfest mit rund 60 Ausstellern ueber zehn Tage. Zulassungsgesuche sind schriftlich beim Kulturamt einzureichen; das entsprechende PDF nutzt eine eigene Zeichenkodierung und liess sich nicht auslesen. Sekundaerquellen nennen fuer das Herbstvolksfest eine Frist um Ende April. Vor Uebernahme beim Kulturamt klaeren. Umwandlung aus review_candidate, Stand Zieldatum 2026-09-19."
pirnaer-stadtfest-pirna,Pirnaer Stadtfest,Stadtfest,Pirna,Sachsen,DE,,,Frist noch nicht veröffentlicht,,,,,,,https://www.pirna.de/pirna-erleben/veranstaltungen/hoehepunkte/stadtfest/,pirna.de,official,2026-09-12,conv-review-08-2026-09,frist_offen,"Stadtfest 2026 fand 19.-21.06.2026 statt, auf Stadtseite keine Bewerbungsfrist fuer Schausteller/Haendler auffindbar; Ordnungsamt Pirna direkt kontaktieren (Am Markt 1/2, 01796 Pirna, +49 3501 556-226). Umwandlung aus review_candidate, Stand Zieldatum 2026-09-19."
plagwitzer-naschmarkt-leipzig-2027-leipzig,Plagwitzer Naschmarkt Leipzig 2027,Markt,Leipzig,Sachsen,DE,,,Frist noch nicht veröffentlicht,,,,,,,https://plagwitzer-naschmarkt.de/,plagwitzer-naschmarkt.de,official,2026-09-18,conv-review-07-2026-09,frist_offen,"Offizielle Veranstaltungsseite bestätigt 08.-31.01.2027 im Biergarten des Felsenkellers, Karl-Heine-Straße 32. Bewerbungen an db@honky-tonk.de; keine feste Bewerbungsfrist veröffentlicht. Umwandlung aus review_candidate, Stand Zieldatum 2026-09-19."
plattlinger-kastanienbluetenfest-2027-plattling,Plattlinger Kastanienblütenfest 2027,Stadtfest,Plattling,Bayern,DE,,,Frist noch nicht veröffentlicht (Bewerbungsweg und Frist nicht veröffentlicht),07.-08.05.2027,,,,,,https://www.plattling.de/freizeit-kultur-tourismus/veranstaltungen-und-events/plattlinger-mega-events/kastanienbluetenfest/,plattling.de,official,2026-08-03,conv-review-03-2026-09,frist_offen,"Die offizielle Stadtseite bestätigt Streetfood und Aussteller am 07.-08.05.2027, nennt jedoch weder Bewerbungsweg noch Frist. Umwandlung aus review_candidate, Stand Zieldatum 2026-09-19."
plattlinger-volksfest-2027-plattling,Plattlinger Volksfest 2027,Volksfest,Plattling,Bayern,DE,,,"Frist noch nicht veröffentlicht (2027-Ausschreibung noch nicht veröffentlicht, Seite zeigt Rückblick 2026)",,,,,,,https://www.plattling.de/freizeit-kultur-tourismus/veranstaltungen-und-events/plattlinger-mega-events/plattlinger-volksfest/,plattling.de,official,2026-08-03,conv-review-03-2026-09,frist_offen,"Offizielle Veranstaltungsseite vorhanden, am Stichtag jedoch nur mit Rückblick auf 2026 und ohne 2027-Ausschreibung oder Frist. Umwandlung aus review_candidate, Stand Zieldatum 2026-09-19."
plauener-oster-volksfest-und-vogelschiessen-2027-plauen,Plauener Oster-Volksfest und Vogelschießen 2027,Volksfest,Plauen,Sachsen,DE,,,Frist noch nicht veröffentlicht,,,,,,,https://www.volksfeste-plauen.de/schausteller,volksfeste-plauen.de,official,2026-09-19,conv-review-06-2026-09,frist_offen,"Oster-Volksfest 27.03.-04.04.2027 laut Stadtseite. Nur Formulare 2026 online, keine Frist für 2027. Kontakt Festhalle Plauen info@festhalle-plauen.de; Tourist-Information Plauen, Unterer Graben 1, touristinfo@plauen.de, 03741 291-1027. Umwandlung aus review_candidate, Stand Zieldatum 2026-09-19."
plauener-weihnachtsmarkt-2026-plauen,Plauener Weihnachtsmarkt 2026,Weihnachtsmarkt,Plauen,Sachsen,DE,,,"Nächste Ausschreibung noch nicht veröffentlicht, letzte Frist war 31.07.2026",,,,,,,https://fs.egov.sachsen.de/formserv/findform?shortname=MBWeihnachtsmarkt&formtecid=2&areashortname=14166000_Merkblatt,fs.egov.sachsen.de,official,2026-09-19,conv-review-08-2026-09,frist_offen,"Ausschreibung der Stadt Plauen (PDF gelesen): Bewerbungen bis 31.07.2026, abgelaufen. Markt 24.11.-22.12.2026. Kontakt: Stadt Plauen, Tourismus, Marktwesen und Stadtmarketing, Unterer Graben 1, 08523 Plauen. Umwandlung aus rejected_candidate, Stand Zieldatum 2026-09-19."
ploner-herbstjahrmarkt-2026-plon,Plöner Herbstjahrmarkt 2026,Jahrmarkt,Plön,Schleswig-Holstein,DE,,,Frist noch nicht veröffentlicht,,,,,,,https://www.ploen.de/PL%C3%96N-erleben/M%C3%A4rkte/Jahrmarkt/,ploen.de,official,2026-08-03,conv-review-07-2026-09,frist_offen,"Die offizielle Stadtseite bestaetigt den Veranstaltungstermin, aber keine Bewerbungsfrist fuer Standbetreiber. Umwandlung aus review_candidate, Stand Zieldatum 2026-09-19."
prenzlauer-weihnachtsmarkt-2026-prenzlau,Prenzlauer Weihnachtsmarkt 2026,Weihnachtsmarkt,Prenzlau,Brandenburg,DE,,,Frist noch nicht veröffentlicht (Seite zeigt nur Markt 2025),,,,N. Pohling (Geschäftsstraßenmanagerin),,03984 75-166,https://www.prenzlau.eu/cms/detail.php/land_bb_boa_01.c.390427.de,prenzlau.eu,official,2026-09-18,conv-review-01-2026-09,frist_offen,"Seite zeigt weiterhin nur den Markt 2025, keine 2026-Frist. Kontakt: Frau N. Pohling, Geschaeftsstrassenmanagerin, Tel. 03984 75-166, Mobil 0172/9341637. Umwandlung aus review_candidate, Stand Zieldatum 2026-09-19."
puchheimer-volksfest-auftakt-2027-puchheim,Puchheimer Volksfest AUFTAKT 2027,Volksfest,Puchheim,Bayern,DE,,,Frist noch nicht veröffentlicht (keine Bewerbungsfrist für Schausteller veröffentlicht),09.04.-18.04.2027,,,,,,https://www.puchheim.de/stadtleben/kunst-und-kultur/volksfest,puchheim.de,official,2026-08-03,conv-review-03-2026-09,frist_offen,"Der offizielle Termin 09.04.-18.04.2027 ist bestätigt, aber es ist keine Bewerbungsfrist für Schausteller veröffentlicht. Umwandlung aus review_candidate, Stand Zieldatum 2026-09-19."
radolfzeller-krautermarkt-2026-standplatzbewerbung-radolfzell,Radolfzeller Kräutermarkt 2026 (Standplatzbewerbung),Markt,Radolfzell,Baden-Württemberg,DE,,,Frist noch nicht veröffentlicht,,,,,,,https://www.radolfzell-tourismus.de/_Resources/Persistent/b81bedfae0976d40e9dabd9611db27ad0564125c/Standplatzbewerbung_Radolfzeller%20Kr%C3%A4utermarkt%202026.pdf,radolfzell-tourismus.de,official,2026-09-16,conv-review-06-2026-09,frist_offen,"Standplatzbewerbungs-PDF existiert auf offizieller Tourismus/Stadtmarketing-Domain, aber Inhalt (Frist, Datum) war per WebFetch aus dem PDF nicht extrahierbar. Ansprechpartner laut Suche: Landesverband der Schausteller und Marktkaufleute e.V., Thomas Kleiner, Tel. 07464 1496, info@wachstuecher.eu. Umwandlung aus review_candidate, Stand Zieldatum 2026-09-19."
rakoczy-fest-bad-kissingen-2027-bad-kissingen,Rakoczy-Fest Bad Kissingen 2027,Stadtfest,Bad Kissingen,Bayern,DE,,,Frist noch nicht veröffentlicht (jährlich letztes Juli-Wochenende),,,,,info@stadt.badkissingen.de,0971/807-0,https://www.badkissingen.de/kultur/rakoczy-fest,badkissingen.de,official,2026-09-16,conv-review-04-2026-09,frist_offen,"Groesstes Stadtfest Bad Kissingens, jaehrlich letztes Juli-Wochenende (2026: 24.-26.07.). Keine Unterseite mit Bewerbungsfrist fuer Schausteller/Standbetreiber gefunden. Allgemeiner Kontakt: Stadt Bad Kissingen, Rathausplatz 1, 97688 Bad Kissingen, Tel. 0971/807-0, info@stadt.badkissingen.de. Ticket-/Infohotline: 0971 8048-444, kissingen-ticket@badkissingen.de. Umwandlung aus review_candidate, Stand Zieldatum 2026-09-19."
ravensburger-christkindlesmarkt-2027-ravensburg,Ravensburger Christkindlesmarkt 2027,Weihnachtsmarkt,Ravensburg,Baden-Württemberg,DE,,,"Frist noch nicht veröffentlicht (Frist der aktuellen Ausgabe abgelaufen, keine 2027-Frist)",,,,,stadtmarketing@ravensburg.de,,https://www.ravensburg.de/rv/kultur-freizeit-einkaufen/einkaufen/maerkte.php,ravensburg.de,official,2026-09-18,conv-review-02-2026-09,frist_offen,"Nachfass 2026-09-18: Seite bestaetigt nur 'Bewerbungsfrist ist abgelaufen' (aktuelle Ausgabe), keine 2027-Frist. Kontakt: Amt fuer Tourismus und Stadtmarketing, Tel. 0751 82-2894, stadtmarketing@ravensburg.de. Umwandlung aus review_candidate, Stand Zieldatum 2026-09-19."
ravensburger-kunsthandwerkermarkt-2027-ravensburg,Ravensburger Kunsthandwerkermarkt 2027,Jahrmarkt,Ravensburg,Baden-Württemberg,DE,,,Frist noch nicht veröffentlicht (keine Frist für 2027 veröffentlicht),,,,,,,https://www.ravensburg.de/rv/kultur-freizeit-einkaufen/einkaufen/maerkte.php,ravensburg.de,official,2026-08-03,conv-review-02-2026-09,frist_offen,"Die offizielle Marktseite enthielt noch keine konkrete Bewerbungsfrist für die Ausgabe 2027; Angaben für 2026 wurden nicht hochgerechnet. Umwandlung aus review_candidate, Stand Zieldatum 2026-09-19."
ravensburger-martinimarkt-2027-ravensburg,Ravensburger Martinimarkt 2027,Jahrmarkt,Ravensburg,Baden-Württemberg,DE,,,Frist noch nicht veröffentlicht (keine Frist für 2027 veröffentlicht),,,,,,,https://www.ravensburg.de/rv/kultur-freizeit-einkaufen/einkaufen/maerkte.php,ravensburg.de,official,2026-08-03,conv-review-02-2026-09,frist_offen,"Die offizielle Marktseite enthielt noch keine konkrete Bewerbungsfrist für die Ausgabe 2027; Angaben für 2026 wurden nicht hochgerechnet. Umwandlung aus review_candidate, Stand Zieldatum 2026-09-19."
regener-altstadtfest-2027-regen,Regener Altstadtfest 2027,Stadtfest,Regen,Bayern,DE,,,Frist noch nicht veröffentlicht (Bewerbungszeitraum nicht veröffentlicht),Termin 2027 noch nicht genannt,,,,,,https://regen.de/startseite/veranstaltungen/altstadtfest.html,regen.de,official,2026-08-03,conv-review-03-2026-09,frist_offen,"Die offizielle Stadtseite kündigt das Altstadtfest 2027 mit Vereinsbeteiligung und Gastronomie an, nennt aber noch keinen konkreten Termin oder Bewerbungszeitraum. Umwandlung aus review_candidate, Stand Zieldatum 2026-09-19."
reichsstaedter-tage-aalen-2027-aalen,Reichsstädter Tage Aalen 2027,Stadtfest,Aalen,Baden-Württemberg,DE,,,Frist noch nicht veröffentlicht (Standbewerbung noch nicht veröffentlicht),10.-12.09.2027,,,,,,https://www.aalen.de/reichsstaedter-tage-2027.244395.htm,aalen.de,official,2026-08-03,conv-review-02-2026-09,frist_offen,"Die offizielle Stadtseite bestätigt den Termin 10.-12.09.2027, veröffentlicht aber noch keine Standbewerbung mit Frist. Umwandlung aus review_candidate, Stand Zieldatum 2026-09-19."
reinheimer-markt-2027-reinheim,Reinheimer Markt 2027,Markt,Reinheim,Hessen,DE,,,Frist noch nicht veröffentlicht,,,,,,,https://www.reinheim.de/wirtschaft-standort/standortmarketing/reinheimer-markt/,reinheim.de,official,2026-09-18,conv-review-07-2026-09,frist_offen,"Stadt Reinheim bestätigt Gewerbeverein und Stadt als Veranstalter, Organisation durch Ulrich Diehl Verlags- und Medienservice GmbH. Portal nennt 12.-13.06.2027 und Kontakt Angelika Giesche, angelika.giesche@udvm.de, Tel. 0171 4432482; keine feste Bewerbungsfrist. Umwandlung aus review_candidate, Stand Zieldatum 2026-09-19."
reutlinger-weihnachtsmarkt-2026-reutlingen,Reutlinger Weihnachtsmarkt 2026,Weihnachtsmarkt,Reutlingen,Baden-Württemberg,DE,,,Frist noch nicht veröffentlicht (Teilnahmebestimmungen 2025 ohne 2026-Frist),,,,,ordnungsamt@reutlingen.de,,https://weihnachtsmarkt-reutlingen.de/wp-content/uploads/2025/01/Teilnahmebestimmungen%20f%C3%BCr%20die%20Reutlinger%20Weihnachtsm%C3%A4rkte%202025.pdf,weihnachtsmarkt-reutlingen.de,official,2026-09-18,conv-review-02-2026-09,frist_offen,"Nachfass 2026-09-18: Teilnahmebestimmungen-PDF (Jahrgang 2025) weiterhin ohne explizites 2026-Fristdatum. Kontakt: Stadt Reutlingen, ordnungsamt@reutlingen.de, weihnachtsmarkt@reutlingen.de, Tel. 07121 303 2838 (Bianca Faisst). Umwandlung aus review_candidate, Stand Zieldatum 2026-09-19."
rhein-in-flammen-koblenz-kirmesbereich-koblenzer-sommerfest-koblenz,Rhein in Flammen Koblenz (Kirmesbereich Koblenzer Sommerfest),Volksfest,Koblenz,Rheinland-Pfalz,DE,,,Frist noch nicht veröffentlicht,,,,,,,https://www.koblenz-touristik.de/geschaeftsfelder/event/informationen-fuer-veranstalter,koblenz-touristik.de,official,2026-09-16,conv-review-08-2026-09,frist_offen,"Vergabe der Standplätze liegt bei Koblenz-Touristik GmbH (event@koblenz-touristik.de, Tel. 0261 201775-71), Online-Bewerbungsformular fuer Schaustellerbetriebe vorhanden, aber keine Frist genannt. Umwandlung aus review_candidate, Stand Zieldatum 2026-09-19."
rodgauer-kuerbismarkt-rodgau-2026,Rodgauer Kürbismarkt 2026,Jahrmarkt,Rodgau,Hessen,DE,Jügesheim,,Frist noch nicht veröffentlicht. Veranstalter Gewerbeverein Rodgau,26.10.2026,,,,,,https://gv-rodgau.de/rodgauer-kuerbisfest/,gv-rodgau.de,official,2026-09-12,conv-review-05-2026-09,frist_offen,"Termin bekannt (26. Oktober, Rodgau-Juegesheim), keine aktuelle Bewerbungsfrist auf der Veranstalterseite (Gewerbeverein Rodgau) gefunden; ein archivierter Anmeldeschluss war ohne Datum ('---'). Umwandlung aus review_candidate, Stand Zieldatum 2026-09-19."
rosenheimer-herbstfest-2027-rosenheim,Rosenheimer Herbstfest 2027,Volksfest,Rosenheim,Bayern,DE,,,Frist noch nicht veröffentlicht (keine Frist auf der Termine-Seite; Angebotsabfrage für Schausteller in separatem Bereich),28.08.-12.09.2027,,,,info@wirtschaftlicher-verband.de,08031 90061-0,https://www.wirtschaftlicher-verband.de/herbstfest/termine.html,wirtschaftlicher-verband.de,official,2026-09-13,conv-review-03-2026-09,frist_offen,"Termine 2026 (29.08.-13.09.) und 2027 (28.08.-12.09.) bekannt, aber keine Bewerbungsfrist auf der Termine-Seite; die 'Angebotsabfrage fuer Schausteller' liegt hinter einem separaten, nicht direkt verlinkten Bereich. Kontakt: Wirtschaftlicher Verband Rosenheim, info@wirtschaftlicher-verband.de, 08031 90061-0. Umwandlung aus review_candidate, Stand Zieldatum 2026-09-19."
rosenmarkt-laupheim-2027-laupheim,Rosenmarkt Laupheim 2027,Jahrmarkt,Laupheim,Baden-Württemberg,DE,,,"Frist noch nicht veröffentlicht (Bewerbung möglich, kein Bewerbungsschluss)",12.06.2027,,,,,,https://www.laupheim.de/freizeit-kultur/maerkte/rosenmarkt,laupheim.de,official,2026-08-03,conv-review-02-2026-09,frist_offen,"Die offizielle Stadtseite bestätigt den Veranstaltungstermin 12.06.2027 und eine Bewerbungsmöglichkeit, nennt aber keinen konkreten Bewerbungsschluss. Umwandlung aus review_candidate, Stand Zieldatum 2026-09-19."
rostocker-weihnachtsmarkt-2026-rostock,Rostocker Weihnachtsmarkt 2026,Weihnachtsmarkt,Rostock,Mecklenburg-Vorpommern,DE,,,Frist noch nicht veröffentlicht,,,,,,,https://www.rostocker-weihnachtsmarkt.de/de/index/,rostocker-weihnachtsmarkt.de,official,2026-09-18,conv-review-07-2026-09,frist_offen,"Offizielle Veranstalterseite bestätigt 23.11.-22.12.2026 und meldet, dass weiterhin Händler mit attraktiven Angeboten gesucht werden. Der reguläre Bewerbungsschluss 01.12.2025 ist zwar verstrichen, für die aktuelle Nachbesetzung wird aber kein neuer fester Stichtag genannt; deshalb Nachfasskandidat statt Eintrag. Umwandlung aus review_candidate, Stand Zieldatum 2026-09-19."
rottweiler-weihnachtsmarkt-2026-rottweil,Rottweiler Weihnachtsmarkt 2026,Weihnachtsmarkt,Rottweil,Baden-Württemberg,DE,,,Frist noch nicht veröffentlicht (keine Bewerbungsfrist gefunden),,,,,tourist-information@rottweil.de,,https://www.tourismus-rottweil.de/das-erlebnis/veranstaltungen/weihnachtsmarkt,tourismus-rottweil.de,official,2026-09-18,conv-review-02-2026-09,frist_offen,"Nachfass 18.09.2026: Weiterhin keine Bewerbungsfrist auf offizieller Seite gefunden. Kontakt: Tourist-Information Rottweil, Hauptstrasse 21, 78628 Rottweil, tourist-information@rottweil.de, Tel. 0741 494280. Umwandlung aus review_candidate, Stand Zieldatum 2026-09-19."
ruiter-weihnachtsmarkt-ostfildern-2026-ostfildern,"Ruiter Weihnachtsmarkt, Ostfildern 2026",Weihnachtsmarkt,Ostfildern,Baden-Württemberg,DE,,,Frist noch nicht veröffentlicht,,,,,,,https://www.ostfildern.de/termin/Ruiter-Weihnachtsmarkt-event-appointment4511,ostfildern.de,official,2026-09-18,conv-review-07-2026-09,frist_offen,"Veranstaltung bestaetigt (29.11.2026), Veranstalter BDS Ruit e.V. Kein direkter Kontakt (E-Mail/Telefon) oder Bewerbungsfrist auf der Stadtseite gefunden. Umwandlung aus review_candidate, Stand Zieldatum 2026-09-19."
russelsheimer-weihnachtsmarkt-2026-russelsheim,Rüsselsheimer Weihnachtsmarkt 2026,Weihnachtsmarkt,Rüsselsheim,Hessen,DE,,,Frist noch nicht veröffentlicht,,,,,,,https://www.ruesselsheim.de/vv/produkte/tsabus/standplatzgenehmigung-8965728,ruesselsheim.de,official,2026-09-19,conv-review-06-2026-09,frist_offen,"Markt 03.-06.12.2026, überwiegend Vereinsbetrieb; Tagesstände mündlich/schriftlich beantragbar, Fristdatum nicht gefunden. Stadt Rüsselsheim am Main, Marktplatz 4, 65428, Tel. 06142 83-0. Volksfeste-Formular 2026 ebenfalls ohne lesbare Frist. Umwandlung aus review_candidate, Stand Zieldatum 2026-09-19."
saalfelder-weihnachtsmarkt-2026-saalfeld,Saalfelder Weihnachtsmarkt 2026,Weihnachtsmarkt,Saalfeld,Thüringen,DE,,,Frist noch nicht veröffentlicht,,,,,,,https://www.saalfeld.de/leben_in_saalfeld/kultur_freizeit/maerkte/weihnachtsmarkt/,saalfeld.de,official,2026-09-16,conv-review-08-2026-09,frist_offen,"Keine Bewerbungsfrist fuer 2026 auf offizieller Stadtseite veröffentlicht (nur Termin 2025 gelistet). Ansprechpartner: Thomas Schilling, Stadtverwaltung Saalfeld, Tel. 03671 3595916. Umwandlung aus review_candidate, Stand Zieldatum 2026-09-19."
saarbrucker-christkindl-markt-2027-saarbrucken,Saarbrücker Christkindl-Markt 2027,Weihnachtsmarkt,Saarbrücken,Saarland,DE,,,Frist noch nicht veröffentlicht,,,,,,,https://christkindlmarkt-sb.de/,christkindlmarkt-sb.de,official,2026-09-18,conv-review-06-2026-09,frist_offen,"Nachfass 2026-09-18: Marktseite weiterhin ohne Bewerberbereich oder Frist. Verkehrsverein Saarbrücken e.V., veranstaltungen@verkehrsverein-sb.de, direkt kontaktieren. Umwandlung aus review_candidate, Stand Zieldatum 2026-09-19."
saarbruecker-christkindlmarkt-saarbruecken-2027,Saarbrücker Christkindlmarkt 2027,Weihnachtsmarkt,Saarbrücken,Saarland,DE,Bahnhofstraße und St. Johanner Markt,,Frist noch nicht veröffentlicht. Veranstalter Verkehrsverein Saarbrücken e.V.,,,,,,,https://christkindlmarkt-sb.de/,christkindlmarkt-sb.de,official,2026-08-03,conv-review-05-2026-09,frist_offen,"Ueber 80 Verkaufsstaende in der Fussgaengerzone Bahnhofstrasse und auf dem St. Johanner Markt, Veranstalter Verkehrsverein Saarbruecken e.V., Bahnhofstr. 31, 66111 Saarbruecken, +49 681 9380913, veranstaltungen@verkehrsverein-sb.de. Die offizielle Marktseite enthaelt keinen Bewerberbereich und keine Frist; das Saarland bleibt mit vier Eintraegen das am duennsten erfasste Bundesland. Umwandlung aus review_candidate, Stand Zieldatum 2026-09-19."
santas-weihnachtsmarkt-im-mediapark-koln-2026-koln,Santas Weihnachtsmarkt im MediaPark Köln 2026,Weihnachtsmarkt,Köln,Nordrhein-Westfalen,DE,,,Frist noch nicht veröffentlicht,,,,,,,https://santas-weihnachtsmarkt.de/,santas-weihnachtsmarkt.de,official,2026-09-18,conv-review-07-2026-09,frist_offen,"Eigene Veranstalter-Domain bestaetigt, Kontakt info@santas-weihnachtsmarkt.de, Im MediaPark 50670 Köln. Bewerbung laeuft fortlaufend bis Stände ausgebucht sind, keine feste Deadline. Umwandlung aus review_candidate, Stand Zieldatum 2026-09-19."
schlachte-zauber-bremen-2027-bremen,Schlachte-Zauber Bremen 2027,Weihnachtsmarkt,Bremen,Bremen,DE,Schlachte,,"Frist noch nicht veröffentlicht (Bewerbungsrichtlinien-PDF vorhanden, Frist nicht auslesbar)",,,M3B GmbH / Großmarkt Bremen,,kontakt@grossmarkt-bremen.de,,https://www.marktwelt-bremen.de/markt/schlachte-zauber/,marktwelt-bremen.de,official,2026-09-19,conv-review-01-2026-09,frist_offen,"Bewerbungsrichtlinien-PDF (M3B/Großmarkt Bremen) existiert, Frist im PDF nicht extrahierbar. Kontakt kontakt@grossmarkt-bremen.de. Umwandlung aus review_candidate, Stand Zieldatum 2026-09-19."
schlesischer-christkindelmarkt-gorlitz-gorlitz,Schlesischer Christkindelmarkt Görlitz,Weihnachtsmarkt,Görlitz,Sachsen,DE,,,Frist noch nicht veröffentlicht,,,,,,,https://www.schlesischer-christkindelmarkt-goerlitz.de/,schlesischer-christkindelmarkt-goerlitz.de,official,2026-09-12,conv-review-08-2026-09,frist_offen,"Termin 2026/27 bekannt (20.11.2026-03.01.2027), keine Bewerbungsfrist auf der Veranstalterseite gefunden. Umwandlung aus review_candidate, Stand Zieldatum 2026-09-19."
schramberger-weihnachtsmarkt-2026-schramberg,Schramberger Weihnachtsmarkt 2026,Weihnachtsmarkt,Schramberg,Baden-Württemberg,DE,,,"Nächste Ausschreibung noch nicht veröffentlicht, letzte Frist war 31.07.2026",,,,,,,https://www.schramberg.de/de/tourismus/weihnachtsmarkt/weihnachtsmarkt.php,schramberg.de,official,2026-08-03,conv-review-08-2026-09,frist_offen,"Die offizielle Bewerbungsfrist 31.07.2026 war am Recherchetag bereits abgelaufen. Umwandlung aus rejected_candidate, Stand Zieldatum 2026-09-19."
schutzenfest-hildesheim-2027-hildesheim,Schützenfest Hildesheim 2027,Fest,Hildesheim,Niedersachsen,DE,,,Frist noch nicht veröffentlicht,,,,,,,https://sfhi.de/schaustellerinfo/,sfhi.de,official,2026-08-03,conv-review-06-2026-09,frist_offen,"Verein Hildesheimer Volksfest e. V., Johannes-Stelzer-Weg 15, 31137 Hildesheim. Der Termin 24.-27. Juni 2027 ist auf der Schaustellerinfo bestaetigt. Eine Bewerbungsfrist wird nicht genannt, nur der Hinweis, dass Bewerber ohne Vertrag bis 31.01.2026 nicht beruecksichtigt wurden. Bewerbungen per E-Mail oder SMS werden nicht bearbeitet. Umwandlung aus review_candidate, Stand Zieldatum 2026-09-19."
schwalbacher-adventszauber-2026-schwalbach,Schwalbacher Adventszauber 2026,Weihnachtsmarkt,Schwalbach,Saarland,DE,,,Frist noch nicht veröffentlicht,,,,,,,https://www.schwalbach-saar.de/buergerservice/was-erledige-ich-wo/item/weihnachtsmarkt,schwalbach-saar.de,official,2026-09-17,conv-review-08-2026-09,frist_offen,"Markt findet am ersten Adventswochenende im Rathausgarten (Hauptstraße 92, 66773 Schwalbach) statt; konkrete Unterseite zu Bewerbungsinformationen für Standbetreiber bei Abruf nicht erreichbar (404). Kein Fristdatum bestätigt. Umwandlung aus review_candidate, Stand Zieldatum 2026-09-19."
schwandorfer-volksfest-2027-schwandorf,Schwandorfer Volksfest 2027,Volksfest,Schwandorf,Bayern,DE,,,"Frist noch nicht veröffentlicht (Fest im Juni 2027 geplant, genaue Informationen folgen)",Juni 2027,,,,info@schwandorf.de,09431 45-0,https://www.schwandorf.de/Kultur-Tourismus/Veranstaltungen/Volksfest-Schwandorf/Ausschreibungsunterlagen-Volksfest-Schwandorf-2026-und-2027.php,schwandorf.de,official,2026-09-16,conv-review-04-2026-09,frist_offen,"Stadt Schwandorf schreibt auf ihrer offiziellen Seite: 'Das 87. Schwandorfer Volksfest ist im Juni 2027 geplant. Sobald genaue Informationen vorliegen, werden diese hier veroeffentlicht.' Ausschreibungsunterlagen fuer 2027 zum Zeitpunkt der Recherche noch nicht online. Allgemeiner Kontakt: info@schwandorf.de, Tel. 09431 45-0. Umwandlung aus review_candidate, Stand Zieldatum 2026-09-19."
schwedenfest-wismar-2027-wismar,Schwedenfest Wismar 2027,Stadtfest,Wismar,Mecklenburg-Vorpommern,DE,,,Frist noch nicht veröffentlicht (Fest 2026 war 20.-23.08.2026),,,,,,,https://schwedenfest-wismar.de/,schwedenfest-wismar.de,official,2026-08-04,conv-review-04-2026-09,frist_offen,"Größtes historisches Stadtfest der Region, 2026 vom 20. bis 23. August, mit Fahrgeschäften am Alten Hafen. Seit dem Interessenbekundungsverfahren organisiert msi (Michael Sonnenberg Industrievermarktung e.K.) das Fest, nicht die Stadt. Bewerbungsfrist nicht veröffentlicht - direkt bei msi anfragen. Umwandlung aus review_candidate, Stand Zieldatum 2026-09-19."
schweriner-weihnachtsmarkt-2026-schwerin,Schweriner Weihnachtsmarkt 2026,Weihnachtsmarkt,Schwerin,Mecklenburg-Vorpommern,DE,,,Frist noch nicht veröffentlicht,,,,,,,https://mobil.schwerin.de/kultur-tourismus/veranstaltungen/Veranstaltungsmanagement/,mobil.schwerin.de,official,2026-08-03,conv-review-07-2026-09,frist_offen,"Die offizielle Stadtseite bestaetigt den Zeitraum 23.11.-30.12.2026, nennt jedoch keine Bewerbungsfrist fuer Standbetreiber. Umwandlung aus review_candidate, Stand Zieldatum 2026-09-19."
schweriner-weihnachtsmarkt-schwerin-2027,Schweriner Weihnachtsmarkt 2027,Weihnachtsmarkt,Schwerin,Mecklenburg-Vorpommern,DE,,,Frist noch nicht veröffentlicht. Kontakt für Standbetreiber laut FAQ,,,,,,,https://www.weihnachtsmarkt-schwerin.de/fragen-und-antworten/,weihnachtsmarkt-schwerin.de,official,2026-09-13,conv-review-05-2026-09,frist_offen,"Keine Bewerbungsfrist auf offizieller Seite gefunden. Umwandlung aus review_candidate, Stand Zieldatum 2026-09-19."
seehasenfest-friedrichshafen-2027-friedrichshafen,Seehasenfest Friedrichshafen 2027 - Standplätze,Stadtfest,Friedrichshafen,Baden-Württemberg,DE,,,Frist noch nicht veröffentlicht (Bewerbungsformular angekündigt),15.-19.07.2027,,,,,,https://www.seehasenfest.de/rund-ums-seehasenfest/standplaetze/,seehasenfest.de,official,2026-08-03,conv-review-02-2026-09,frist_offen,"Die offizielle Seite bestätigt das Fest vom 15. bis 19.07.2027 und kündigt das Bewerbungsformular an, veröffentlicht aber noch keinen konkreten Bewerbungsschluss für 2027. Umwandlung aus review_candidate, Stand Zieldatum 2026-09-19."
seifenkistenrennen-und-badstrassenfest-2027-berlin,Seifenkistenrennen und Badstraßenfest 2027,Stadtfest,Berlin,Berlin,DE,"Badstraße, Gesundbrunnen",,Frist noch nicht veröffentlicht (Bewerbungszeitraum noch nicht genannt),Sommer 2027,,,,,,https://badpank-mitte.de/neuigkeiten/das-seifenkistenrennen-kehrt-zurueck/,badpank-mitte.de,official,2026-08-03,conv-review-01-2026-09,frist_offen,"Das offizielle Geschäftsstraßenmanagement plant für Sommer 2027 Markt-, Informations- und Gastronomiestände, nennt bislang aber weder Bewerbungszeitraum noch Frist. Umwandlung aus review_candidate, Stand Zieldatum 2026-09-19."
sendlinger-bergweihnacht-munchen-2026-munchen,Sendlinger Bergweihnacht München 2026,Weihnachtsmarkt,München,Bayern,DE,,,Frist noch nicht veröffentlicht,,,,,,,https://www.sendlinger-bergweihnacht.de/,sendlinger-bergweihnacht.de,official,2026-09-18,conv-review-07-2026-09,frist_offen,"Offizielle Veranstalterseite bestätigt 20.11.-23.12.2026 am Harras. Veranstalter Schwertfeger Veranstaltungen, kontakt@sendlinger-bergweihnacht.de, Tel. 01522 1713329; Bewerbungen möglich, aber kein fester Stichtag. Umwandlung aus review_candidate, Stand Zieldatum 2026-09-19."
senftenberger-weihnachtsmarkt-2026-senftenberg,Senftenberger Weihnachtsmarkt 2026,Weihnachtsmarkt,Senftenberg,Brandenburg,DE,,,Frist noch nicht veröffentlicht,,,,,,,https://www.senftenberg.de/weihnachtsmarkt/,senftenberg.de,official,2026-09-17,conv-review-06-2026-09,frist_offen,"Offizielle Stadtseite mit Veranstaltungsinfos, aber keine Bewerbungsfrist für Schausteller gefunden. Kontakt: Büro Bürgermeister, Markt 1, 01968 Senftenberg, Tel. 03573 701-110. Umwandlung aus review_candidate, Stand Zieldatum 2026-09-19."
siegburg-sommer-live-siegburg,Siegburg Sommer Live,Fest,Siegburg,Nordrhein-Westfalen,DE,,,Frist noch nicht veröffentlicht,,,,,,,https://tourismus-siegburg.de/events/,tourismus-siegburg.de,official,2026-08-04,conv-review-06-2026-09,frist_offen,"Konzertreihe mittwochs auf dem Siegburger Marktplatz von Juni bis August, organisiert von der Agentur MS Events. Standplatzrelevant fuer Gastronomie. Keine Frist veröffentlicht. Teil des MS-Events-Verbunds, der auch Attendorn, Lennestadt, Olpe, Sankt Augustin, Altenkirchen und Werder betreut. Umwandlung aus review_candidate, Stand Zieldatum 2026-09-19."
siegener-stadtfest-2026-siegen,Siegener Stadtfest 2026,Stadtfest,Siegen,Nordrhein-Westfalen,DE,,,Frist noch nicht veröffentlicht,,,,,,,https://www.siegen.de/kultur-tourismus/kultursiegen/hier-ist-was-los/siegener-stadtfest-2026,siegen.de,official,2026-08-04,conv-review-06-2026-09,frist_offen,"Stadtfest vom 28. bis 30. August 2026, Veranstalterin Stadtmarketing Siegen GmbH, Kornmarkt 2, 57072 Siegen, 0176 72014052, kl@visitsiegen.de. Ein Bewerbungsformular 2026 liegt unter stadtfest-siegen.de bereit; die Ausschreibung nennt Zulassungskriterien, auf der staedtischen Seite ist jedoch kein Fristdatum ausgewiesen. Besonderheit: Getraenkestände nur fuer Bewerber aus Siegen und Gemeinden im Umkreis von 30 Kilometern. Umwandlung aus review_candidate, Stand Zieldatum 2026-09-19."
siegener-weihnachtsmarkt-siegen,Siegener Weihnachtsmarkt,Weihnachtsmarkt,Siegen,Nordrhein-Westfalen,DE,,,Frist noch nicht veröffentlicht,,,,,,,https://weihnachtsmarkt-in-siegen.de/agb/,weihnachtsmarkt-in-siegen.de,official,2026-09-18,conv-review-06-2026-09,frist_offen,"Nachfass 2026-09-18: AGB nennen weiterhin nur eine jaehrlich neu festgelegte Deadline ohne konkretes Datum im veröffentlichten Text. Veranstalterin: 3e-Märkte GmbH, info@3e-märkte.de, 0271 38468620. Umwandlung aus review_candidate, Stand Zieldatum 2026-09-19."
sinsheimer-weihnachtsmarkt-2026-sinsheim,Sinsheimer Weihnachtsmarkt 2026,Weihnachtsmarkt,Sinsheim,Baden-Württemberg,DE,,,Frist noch nicht veröffentlicht (keine 2026-Frist veröffentlicht),,,,,,,https://www.sinsheim.de/freizeit-kultur/veranstaltungen-feste-maerkte/feste-maerkte/sinsheimer-weihnachtsmarkt,sinsheim.de,official,2026-09-18,conv-review-02-2026-09,frist_offen,"Nachfass 2026-09-18: Seite zeigt weiterhin nur die Ausgabe 2025 (29.-30.11.2025), keine 2026-Bewerbungsfrist. Kontakt: Amt fuer Wirtschaftsfoerderung, Tourismus und Oeffentlichkeitsarbeit, Wilhelmstrasse 14-18, 74889 Sinsheim, Tel. 07261 404-119. Umwandlung aus review_candidate, Stand Zieldatum 2026-09-19."
sommerdaer-kunstweihnachtsmarkt-2026-sommerda,Sömmerdaer Kunstweihnachtsmarkt 2026,Weihnachtsmarkt,Sömmerda,Thüringen,DE,,,Frist noch nicht veröffentlicht,,,,,,,https://www.soemmerda.de/tourismus-kultur/veranstaltungen/einzelansicht/18-kunstweihnachtsmarkt,soemmerda.de,official,2026-09-16,conv-review-08-2026-09,frist_offen,"Wird von der Stadt- und Kreisbibliothek Soemmerda mit Kunsthandwerkern im Dreyse-Haus ausgerichtet, kein klassischer Schausteller-/Kirmes-Markt; keine Bewerbungsfrist oder Schausteller-spezifische Ausschreibung gefunden. Umwandlung aus review_candidate, Stand Zieldatum 2026-09-19."
sommergewinn-eisenach-2027-eisenach,Sommergewinn Eisenach 2027,Fest,Eisenach,Thüringen,DE,,,Frist noch nicht veröffentlicht,,,,,,,https://www.sommergewinn-eisenach.de/kontakt/schausteller-und-haendler.html,sommergewinn-eisenach.de,official,2026-09-19,conv-review-06-2026-09,frist_offen,"Bewerbungen werden ab September 2026 angenommen, kein Enddatum genannt. Termine 2027: Marktplatz 5.-8.03., Katharinenstraße 6. und 17.03. Förderverein Sommergewinn Eisenach e.V., Frankfurter Str. 128, 99817 Eisenach, foerderverein@sommergewinn-eisenach.de, 03691 742144 (Christel Heider, Peter Apel). Umwandlung aus review_candidate, Stand Zieldatum 2026-09-19."
spandauer-weihnachtsmarkt-2027-berlin,Spandauer Weihnachtsmarkt 2027,Weihnachtsmarkt,Berlin,Berlin,DE,Spandauer Altstadt,,Frist noch nicht veröffentlicht (Unterlagen nur für 2026 (23.11.-22.12.2026)),,,Partner für Spandau GmbH,,,,https://partner-fuer-spandau.de/haendler/,partner-fuer-spandau.de,official,2026-09-18,conv-review-01-2026-09,frist_offen,"Seite enthaelt weiterhin nur Bewerbungsunterlagen fuer 2026 (23.11.-22.12.2026); keine 2027-Frist. Kontakt ueber https://partner-fuer-spandau.de/kontakt, Partner fuer Spandau GmbH. Umwandlung aus review_candidate, Stand Zieldatum 2026-09-19."
spaeth-er-fruehling-2027-berlin,Späth'er Frühling 2027,Frühlingsfest,Berlin,Berlin,DE,"Späthsches Arboretum, Treptow",,Frist noch nicht veröffentlicht (über 100 Ausstellende),"2027, Termin offen",,,,,,https://www.berlin.de/events/3045821-2229501-fruehlingsfest-spaether-fruehling.html,berlin.de,official,2026-08-03,conv-review-01-2026-09,frist_offen,"Das offizielle Berliner Veranstaltungsportal bestätigt die Ausgabe 2027 mit mehr als 100 Ausstellenden, jedoch ohne Termin und ohne Bewerbungsfrist. Umwandlung aus review_candidate, Stand Zieldatum 2026-09-19."
spekulatiusmarkt-buttgen-kaarst-2026-kaarst,Spekulatiusmarkt Büttgen (Kaarst) 2026,Markt,Kaarst,Nordrhein-Westfalen,DE,,,Frist noch nicht veröffentlicht,,,,,,,https://www.ig-buettgen.eu/unsere-veranstaltungen/spekulatiusmarkt/,ig-buettgen.eu,official,2026-09-18,conv-review-07-2026-09,frist_offen,"Veranstaltung bestaetigt (2. Adventswochenende, Kirche/Rathaus Büttgen). Veranstalter Interessengemeinschaft Büttgen e.V., Gutenbergstr. 2, 41564 Kaarst-Büttgen, Tel. 02131 92390, info@ig-büttgen.eu. Keine Bewerbungsfrist auf der Seite genannt. Umwandlung aus review_candidate, Stand Zieldatum 2026-09-19."
speyerer-weihnachts-und-neujahrsmarkt-2026-2027-speyer,Speyerer Weihnachts- und Neujahrsmarkt 2026/2027,Weihnachtsmarkt,Speyer,Rheinland-Pfalz,DE,,,"Nächste Ausschreibung noch nicht veröffentlicht, letzte Frist war 30.04.2026",,,,,,,https://www.speyer.de/de/veranstaltungen/messen-maerkte-und-veranstaltungen/weihnachts-neujahrsmarkt/,speyer.de,official,2026-08-03,conv-review-08-2026-09,frist_offen,"Die offizielle Bewerbungsfrist 30.04.2026 war am Recherchestichtag bereits abgelaufen. Umwandlung aus rejected_candidate, Stand Zieldatum 2026-09-19."
sprodentalkirmes-krefeld-krefeld,Sprödentalkirmes Krefeld,Volksfest,Krefeld,Nordrhein-Westfalen,DE,,,Frist noch nicht veröffentlicht,,,,,,,https://www.krefeld.de/sproedentalkirmes,krefeld.de,official,2026-09-13,conv-review-07-2026-09,frist_offen,"Findet zweimal jaehrlich statt (120-130 Beschicker), keine Bewerbungsfrist auf offizieller Seite gefunden. Umwandlung aus review_candidate, Stand Zieldatum 2026-09-19."
stader-winzerfest-2027-stade,Stader Winzerfest 2027,Weinfest,Stade,Niedersachsen,DE,,,Frist noch nicht veröffentlicht (Standbetreiberseite ohne Frist),15.-18.07.2027,,,,,,https://stade-tourismus.de/de/veranstaltungen-stade/stadtfeste/stader-winzerfest/,stade-tourismus.de,official,2026-08-03,conv-review-04-2026-09,frist_offen,"Termin 15. bis 18. Juli 2027 bereits veroeffentlicht. STADE Marketing und Tourismus unterhaelt eine eigene Standbetreiberseite, auf der jedoch keine Frist ausgewiesen ist. Zweite Stader Veranstaltung neben dem bereits erfassten Altstadtfest. Umwandlung aus review_candidate, Stand Zieldatum 2026-09-19."
stadt-und-museumsfest-2026-sonneberg-sonneberg,Stadt- und Museumsfest 2026 (Sonneberg),Fest,Sonneberg,Thüringen,DE,,,"Nächste Ausschreibung noch nicht veröffentlicht, letzte Frist war 15.07.2026",,,,,,,https://sonneberg.de/aktuelles/beitrag/nach-dem-fest-ist-vor-dem-fest-sonneberg-sucht-mitwirkende-fuer-volksfeste-und-maerkte-2026.html,sonneberg.de,official,2026-09-16,conv-review-08-2026-09,frist_offen,"Veranstaltung 25.-27. September 2026, Bewerbungsfrist war 15.07.2026, bereits verstrichen. Umwandlung aus rejected_candidate, Stand Zieldatum 2026-09-19."
stadtfest-attendorn-2026-attendorn,Stadtfest Attendorn 2026,Stadtfest,Attendorn,Nordrhein-Westfalen,DE,,,Frist noch nicht veröffentlicht,,,,,,,https://www.stadtfest-attendorn.de/,stadtfest-attendorn.de,official,2026-08-04,conv-review-06-2026-09,frist_offen,"Stadtfest am 12. und 13. September 2026. Bewerbungen laufen ausschliesslich über stadtfest-attendorn.de, da die Veranstaltungsagentur MS Event organisiert. Kein Fristdatum ausgewiesen. Umwandlung aus review_candidate, Stand Zieldatum 2026-09-19."
stadtfest-langenhagen-2027-langenhagen,Stadtfest Langenhagen 2027,Stadtfest,Langenhagen,Niedersachsen,DE,,,Frist noch nicht veröffentlicht,,,,,,,https://grimm-veranstaltung.de/,grimm-veranstaltung.de,official,2026-09-12,conv-review-06-2026-09,frist_offen,"Stadtfest 2026 (17.-19.07.2026) bereits vorbei, Ausschreibung fuer 2027 noch nicht veröffentlicht. Organisator Grimm-Veranstaltung, Tel. 0511 9999 5555, betreut auch Floh- und Antikmärkte in Celle, Laatzen und Garbsen. Umwandlung aus review_candidate, Stand Zieldatum 2026-09-19."
stadtfest-neustadt-am-rubenberge-neustadt-am-rubenberge,Stadtfest Neustadt am Rübenberge,Stadtfest,Neustadt am Rübenberge,Niedersachsen,DE,,,Frist noch nicht veröffentlicht,,,,,,,https://www.neustadt-a-rbge.de/buergerservice/leistungen/NIS:entry:8665615:032410012012/standplatzgenehmigung/,neustadt-a-rbge.de,official,2026-09-12,conv-review-06-2026-09,frist_offen,"Seite beschreibt nur das generelle Standplatzgenehmigungsverfahren, keine konkrete Frist fuer ein bestimmtes Fest; Stadtverwaltung direkt kontaktieren. Umwandlung aus review_candidate, Stand Zieldatum 2026-09-19."
stadtfest-olpe-2026-olpe,Stadtfest Olpe 2026,Stadtfest,Olpe,Nordrhein-Westfalen,DE,,,Frist noch nicht veröffentlicht,,,,,,,https://www.stadtfest-olpe.de/bewerbungen,stadtfest-olpe.de,official,2026-08-04,conv-review-06-2026-09,frist_offen,"Stadtfest vom 15. bis 17. Mai 2026, Veranstalter olpe aktiv. Ein Bewerbungsformular 2026 steht zum Download bereit, ein Fristdatum ist auf der Bewerbungsseite nicht ausgewiesen. Umwandlung aus review_candidate, Stand Zieldatum 2026-09-19."
stadtfest-schweinfurt-schweinfurt,Stadtfest Schweinfurt,Stadtfest,Schweinfurt,Bayern,DE,,,Frist noch nicht veröffentlicht,,,,,,,https://www.stadtfest-schweinfurt.de/bewerben/bewerben,stadtfest-schweinfurt.de,official,2026-08-03,conv-review-06-2026-09,frist_offen,"Bewerbungen fuer Gastronomie, Messemeile und Ehrenamtsmesse sind aktuell über das Veranstalterportal moeglich, Walking Acts per E-Mail an Stadtfest@2-contact.de. Weder Frist noch Veranstaltungstermin sind ausgewiesen. Umwandlung aus review_candidate, Stand Zieldatum 2026-09-19."
stadtfest-weingarten-2027-weingarten,Stadtfest Weingarten 2027,Stadtfest,Weingarten,Baden-Württemberg,DE,,,Frist noch nicht veröffentlicht,,,,,,,https://www.weingarten-online.de/stadtfest,weingarten-online.de,official,2026-08-03,conv-review-06-2026-09,frist_offen,"Eine konkrete Standbewerbungsfrist für eine bestätigte Ausgabe 2027 war auf der offiziellen Stadtseite noch nicht veröffentlicht; Vorjahresdaten wurden nicht hochgerechnet. Umwandlung aus review_candidate, Stand Zieldatum 2026-09-19."
stadtfest-zwickau-2027-zwickau,Stadtfest Zwickau 2027,Stadtfest,Zwickau,Sachsen,DE,,,Frist noch nicht veröffentlicht (Fristen nur in den jeweiligen Ausschreibungen),,,,,,0375 834101,https://www.zwickau.de/de/politik/verwaltung/aemter/dezernat1/kulturamt/dienstleistungen/41_02_Stadtfesthaendler.php,zwickau.de,official,2026-08-04,conv-review-04-2026-09,frist_offen,"Die Stadt bündelt Händler- und Schaustelleranmeldungen auf einer Dienstleistungsseite, veröffentlicht die Fristen aber nur in den jeweiligen Ausschreibungen. Für 2025 lag der Stichtag beim 31. März 2025. Zuständig: Kulturamt, Dr. Bianca Dommes, 0375 834101, Kolpingstraße 8, 08058 Zwickau. Ab Januar 2027 nachfassen. Umwandlung aus review_candidate, Stand Zieldatum 2026-09-19."
staufer-spektakel-waiblingen-2027-waiblingen,Staufer Spektakel Waiblingen 2027,Stadtfest,Waiblingen,Baden-Württemberg,DE,,,"Frist noch nicht veröffentlicht (Bewerbungsphase 2026 beendet, Infos für 2027 angekündigt)",,,,,,,https://www.staufer-spektakel.de/de/bewerbung,staufer-spektakel.de,official,2026-08-03,conv-review-02-2026-09,frist_offen,"Die offizielle Veranstalterseite kennzeichnet die Bewerbungsphase 2026 als beendet und kündigt Informationen für 2027 nur an; eine Frist fehlt. Umwandlung aus review_candidate, Stand Zieldatum 2026-09-19."
sterkrader-fronleichnamskirmes-2027-oberhausen,Sterkrader Fronleichnamskirmes 2027,Volksfest,Oberhausen,Nordrhein-Westfalen,DE,,,Frist noch nicht veröffentlicht,,,,,,,https://www.oberhausen.de/de/index/rathaus/verwaltung/burgerservice-offentliche-ordnung-personal-und-it/oeffentliche-ordnung/allg-ordnungsangelegenheiten/veranstaltungen.php,oberhausen.de,official,2026-08-03,conv-review-07-2026-09,frist_offen,"Die offizielle Seite nimmt Bewerbungen entgegen, veröffentlicht aber keine konkrete Bewerbungsfrist für 2027. Umwandlung aus review_candidate, Stand Zieldatum 2026-09-19."
sterkrader-fronleichnamskirmes-oberhausen-2026-oberhausen,Sterkrader Fronleichnamskirmes Oberhausen 2026,Volksfest,Oberhausen,Nordrhein-Westfalen,DE,,,Frist noch nicht veröffentlicht,,,,,,,https://www.fronleichnamskirmes.de/service/kirmesbuero.php,fronleichnamskirmes.de,official,2026-09-12,conv-review-07-2026-09,frist_offen,"Termin bekannt (03.-08.06.2026), kein Fristdatum gefunden. Kirmesbuero im Technischen Rathaus, Bahnhofstraße 66, Tel. 0151 7467 1292. Umwandlung aus review_candidate, Stand Zieldatum 2026-09-19."
sternschnuppenmarkt-weihnachtsmarkt-emsdetten-2026-emsdetten,Sternschnuppenmarkt (Weihnachtsmarkt) Emsdetten 2026,Weihnachtsmarkt,Emsdetten,Nordrhein-Westfalen,DE,,,"Nächste Ausschreibung noch nicht veröffentlicht, letzte Frist war 01.09.2026",,,,,,,https://www.vvemsdetten.de/sternschnuppenmarkt/,vvemsdetten.de,official,2026-09-16,conv-review-08-2026-09,frist_offen,"Bewerbungsfrist fuer 2026 war der 01.09.2026 (Standplatzbewerbung, Veranstaltung 04.-06.12.2026), zum Zeitpunkt der Recherche (16.09.2026) bereits verstrichen. Veranstalter: Verkehrsverein Emsdetten e.V., Friedrichstraße 2, 48282 Emsdetten, l.tecklenborg@vvemsdetten.de, Tel. 02572/93070. Umwandlung aus rejected_candidate, Stand Zieldatum 2026-09-19."
stralsunder-weihnachtsmarkt-stralsund-2026,Stralsunder Weihnachtsmarkt 2026,Weihnachtsmarkt,Stralsund,Mecklenburg-Vorpommern,DE,,,Frist noch nicht veröffentlicht. Online-Bewerbungsformular ohne Fristdatum,,,,,,,https://www.stralsunder-weihnachtsmarkt.de/fuer-aussteller/jetzt-bewerben,stralsunder-weihnachtsmarkt.de,official,2026-09-18,conv-review-05-2026-09,frist_offen,"Nachfass 18.09.2026: Online-Bewerbungsformular weiterhin ohne konkretes Fristdatum. Kontakt: SWS Stadtwerke Stralsund GmbH, Frankendamm 7, 18439 Stralsund, Tel. 03831/2410, weihnachtsmarkt@stadtwerke-stralsund.de. Umwandlung aus review_candidate, Stand Zieldatum 2026-09-19."
straubinger-gaubodenvolksfest-2027-straubing,Straubinger Gäubodenvolksfest 2027,Volksfest,Straubing,Bayern,DE,,,Frist noch nicht veröffentlicht,,,,,,,https://www.straubing.de/entdecken-erleben/veranstaltungen/gaeubodenvolksfest/179.Das-Straubinger-Gaeubodenvolksfest-mit-Ostbayernschau.html,straubing.de,official,2026-08-03,conv-review-07-2026-09,frist_offen,"Auf der offiziellen Stadtseite wurde keine aktuelle Bewerbungsfrist für Schausteller oder Standbetreiber des Jahres 2027 gefunden. Umwandlung aus review_candidate, Stand Zieldatum 2026-09-19."
stunikenmarkt-hamm-2027-hamm,Stunikenmarkt Hamm 2027,Markt,Hamm,Nordrhein-Westfalen,DE,,,Frist noch nicht veröffentlicht,,,,,,,https://www.hamm.de/veranstaltungen/stunikenmarkt,hamm.de,official,2026-08-03,conv-review-06-2026-09,frist_offen,"Offizielle Stadtseite bestaetigt die Veranstaltung, nennt aber kein Bewerbungsverfahren fuer Schausteller und keine Frist. Umwandlung aus review_candidate, Stand Zieldatum 2026-09-19."
stuttgarter-fruehlingsfest-2027-stuttgart,Stuttgarter Frühlingsfest 2027,Volksfest,Stuttgart,Baden-Württemberg,DE,,,Frist noch nicht veröffentlicht (eigenes Bewerbungsformular; Frist 14.10.2026 nicht gesichert),,,,,,,https://www.cannstatter-volksfest.de/fileadmin/stuttgarter-fruehlingsfest/bewerbung/Bewerbung_Fruehlingsfest_2027.pdf,cannstatter-volksfest.de,official,2026-08-03,conv-review-04-2026-09,frist_offen,"Eigenes Bewerbungsformular der in.Stuttgart Veranstaltungsgesellschaft mbH & Co. KG fuer das Fruehlingsfest 2027, parallel zum Cannstatter Volksfest. Ob die Frist 14.10.2026 des Volksfests auch fuer das Fruehlingsfest gilt, ist auf der Bewerbungsseite nicht eindeutig ausgewiesen. Beim Veranstalter klaeren: Thomas Heibel, +49 711 9554 3303. Umwandlung aus review_candidate, Stand Zieldatum 2026-09-19."
stuttgarter-weihnachtsmarkt-2027-stuttgart,Stuttgarter Weihnachtsmarkt 2027,Weihnachtsmarkt,Stuttgart,Baden-Württemberg,DE,,,Frist noch nicht veröffentlicht (Bewerbungsfenster laut Betreiber im Herbst),,,,,,,https://www.stuttgarter-weihnachtsmarkt.de/de/bewerbung/,stuttgarter-weihnachtsmarkt.de,official,2026-09-13,conv-review-02-2026-09,frist_offen,"Bewerbungsfenster soll laut Betreiber 'im Herbst' oeffnen, am Recherchetag noch kein konkretes Datum veroeffentlicht. Umwandlung aus review_candidate, Stand Zieldatum 2026-09-19."
sudstadtfest-koln-2027-koln,Südstadtfest Köln 2027,Stadtfest,Köln,Nordrhein-Westfalen,DE,,,Frist noch nicht veröffentlicht,,,,,,,https://www.suedstadtfest-koeln.de/,suedstadtfest-koeln.de,official,2026-09-18,conv-review-07-2026-09,frist_offen,"Offizielle Veranstaltungsseite bestätigt 12.-13.06.2027 auf der Bonner Straße. RutWiess Events kündigt die Ausstelleranmeldung erst für später an; Kontakt anmeldung@rutwiess-events.de, noch keine Frist veröffentlicht. Umwandlung aus review_candidate, Stand Zieldatum 2026-09-19."
suhler-chrisamelmart-weihnachtsmarkt-suhl-2026-suhl,Sühler Chrisamelmart (Weihnachtsmarkt Suhl) 2026,Weihnachtsmarkt,Suhl,Thüringen,DE,,,Frist noch nicht veröffentlicht,,,,,,,https://www.suhl.eu/maerkte-feste,suhl.eu,official,2026-09-16,conv-review-08-2026-09,frist_offen,"Antragsformulare ('Antrag auf Standzuweisung', Marktsatzung, Marktgebührensatzung) vorhanden, aber keine Bewerbungsfrist fuer den Suehler Chrisamelmart genannt. Kontakt: Stadtverwaltung Suhl, Marktplatz 1, 98527 Suhl, poststelle@stadtsuhl.de, 03681 74-0. Umwandlung aus review_candidate, Stand Zieldatum 2026-09-19."
taenzelfest-kaufbeuren-2027-kaufbeuren,Tänzelfest Kaufbeuren 2027,Volksfest,Kaufbeuren,Bayern,DE,,,Frist noch nicht veröffentlicht (Schausteller-Belegung 2027 steht noch nicht fest),,,,,info@taenzelfest.de,,https://www.taenzelfest.de/besuchen/festplatz/schausteller,taenzelfest.de,official,2026-09-16,conv-review-04-2026-09,frist_offen,"Offizielle Seite des Taenzelfestvereins bestaetigt, dass die Schausteller-Belegung fuer 2027 noch nicht feststeht; kein Bewerbungsformular oder Frist veroeffentlicht. Kontakt: Taenzelfestverein e.V., Tel. +49 8341 2828, info@taenzelfest.de. Umwandlung aus review_candidate, Stand Zieldatum 2026-09-19."
tauberbischofsheimer-schlossweihnacht-2027-tauberbischofsheim,Tauberbischofsheimer Schlossweihnacht 2027,Weihnachtsmarkt,Tauberbischofsheim,Baden-Württemberg,DE,,,Frist noch nicht veröffentlicht (Bewerbung formlos beim Ordnungsamt),03.-05.12.2027 und 10.-12.12.2027,,,,info@tauberbischofsheim.de,,https://www.tauberbischofsheim.de/start/wirtschaft%2B_%2Binfrastruktur/maerkte.html,tauberbischofsheim.de,official,2026-09-18,conv-review-02-2026-09,frist_offen,"Nachfass 2026-09-18: Termine 3.-5.12. und 10.-12.12.2027 bestaetigt, Bewerbung laut Seite formlos ans Ordnungsamt, weiterhin kein Fristdatum. Kontakt: Ordnungsamt Tauberbischofsheim, Marktplatz 8, 97941 Tauberbischofsheim, Tel. 09341 803-0, info@tauberbischofsheim.de. Umwandlung aus review_candidate, Stand Zieldatum 2026-09-19."
teschenmarkt-hoyerswerda-hoyerswerda,Teschenmarkt Hoyerswerda,Markt,Hoyerswerda,Sachsen,DE,,,Frist noch nicht veröffentlicht,,,,,,,https://www.lausitzhalle.de/teschenmarkt/,lausitzhalle.de,official,2026-09-12,conv-review-08-2026-09,frist_offen,"Weihnachtsmarkt findet traditionell am dritten Adventswochenende statt, keine Bewerbungsfrist fuer Haendler/Schausteller auf offizieller Seite gefunden. Kontakt: Lausitzhalle Hoyerswerda, Lausitzer Platz 4, 02977 Hoyerswerda, (03571) 904106. Umwandlung aus review_candidate, Stand Zieldatum 2026-09-19."
theelfeschd-lebach-2027-lebach,TheelFeschd Lebach 2027,Fest,Lebach,Saarland,DE,,,Frist noch nicht veröffentlicht,,,,,,,https://www.lebach.de/kultur-und-bildung/veranstaltungen/bewerbungsformulare-fuer-standbetreiber,lebach.de,official,2026-09-17,conv-review-08-2026-09,frist_offen,"Termin 25.-26.06.2027 bestätigt, kein Fristdatum gefunden. Kontakt: Kulturamt der Stadt Lebach, Am Markt 1, 66822 Lebach, Tel. (06881) 59-231, kulturamt@lebach.de. Umwandlung aus review_candidate, Stand Zieldatum 2026-09-19."
tollwood-winterfestival-2026-muenchen,Tollwood Winterfestival 2026,Festival / Markt,München,Bayern,DE,,,"Frist noch nicht veröffentlicht (Online-Formular für Marktbewerbung, Frist nicht ausgewiesen)",,,,,,,https://www.tollwood.de/kontakt/marktbewerbung/formular-marktbewerbung/,tollwood.de,official,2026-08-03,conv-review-04-2026-09,frist_offen,"Tollwood betreibt ein eigenes Online-Formular fuer Marktbewerbungen zu Sommer- und Winterfestival. Ein Fristdatum ist im Formularbereich nicht ausgewiesen. Umwandlung aus review_candidate, Stand Zieldatum 2026-09-19."
torgauer-marktweihnacht-torgau,Torgauer Marktweihnacht,Weihnachtsmarkt,Torgau,Sachsen,DE,,,Frist noch nicht veröffentlicht,,,,,,,https://www.torgau-tourismus.de/torgau-erleben/kulturell/veranstaltungshoehepunkte,torgau-tourismus.de,official,2026-09-12,conv-review-08-2026-09,frist_offen,"Weihnachtsmarkt im Dezember bekannt, keine Bewerbungsfrist fuer Haendler/Schausteller auf offizieller Seite gefunden. Umwandlung aus review_candidate, Stand Zieldatum 2026-09-19."
traditionelles-volksfest-vilshofen-an-der-donau-2027-vilshofen-an-der-donau,Traditionelles Volksfest Vilshofen an der Donau 2027,Volksfest,Vilshofen an der Donau,Bayern,DE,,,Frist noch nicht veröffentlicht,,,,,info@vilshofen.de,08541 208-0,https://www.vilshofen.de/freizeit-geniessen/was-ist-los-in-vilshofen/veranstaltungs-highlights/volksfest,vilshofen.de,official,2026-09-16,conv-review-04-2026-09,frist_offen,"Stadtseite verweist auf ein Dokument 'Schaustellerbetriebe-Fieranten_2026.pdf' (bereits zugelassene Betriebe), aber kein Bewerbungsformular oder Frist fuer neue Bewerbungen auffindbar. Kontakt: Rathaus Vilshofen, Stadtplatz 27, Tel. 08541 208-0, info@vilshofen.de. Umwandlung aus review_candidate, Stand Zieldatum 2026-09-19."
traunsteiner-fruehlingsfest-2027-traunstein,Traunsteiner Frühlingsfest 2027,Volksfest,Traunstein,Bayern,DE,,,Frist noch nicht veröffentlicht (2027-Bewerbungsfrist noch nicht veröffentlicht),30.04.-09.05.2027,,,,,,https://www.traunstein.de/kultur-brauchtum/kultur/konzertreihen-veranstaltungen/traunsteiner-fruehlingsfest/,traunstein.de,official,2026-08-03,conv-review-03-2026-09,frist_offen,"Der offizielle Termin 30.04.-09.05.2027 ist vorhanden, jedoch keine konkrete 2027-Bewerbungsfrist; ältere Ausschreibungen sind nicht übertragbar. Umwandlung aus review_candidate, Stand Zieldatum 2026-09-19."
trierer-weihnachtsmarkt-trier-2027,Trierer Weihnachtsmarkt 2027,Weihnachtsmarkt,Trier,Rheinland-Pfalz,DE,,,Frist noch nicht veröffentlicht. Bewerbungsformular vorhanden,2026: 20.11.-22.12.2026 (46. Ausgabe),,,,,,https://www.trierer-weihnachtsmarkt.de/,trierer-weihnachtsmarkt.de,official,2026-09-13,conv-review-05-2026-09,frist_offen,"46. Ausgabe 2026 bekannt (20.11.-22.12.2026), Bewerbungsformular vorhanden, aber kein Fristdatum gefunden. ARGE Trierer Weihnachtsmarkt direkt kontaktieren. Umwandlung aus review_candidate, Stand Zieldatum 2026-09-19."
tuebinger-weihnachtsmarkt-2027-tuebingen,Tübinger Weihnachtsmarkt 2027,Weihnachtsmarkt,Tübingen,Baden-Württemberg,DE,,,"Frist noch nicht veröffentlicht (Seite behandelt nur 2026 (11.-13.12.), keine 2027-Frist)",,,,,,,https://www.tuebingen.de/weihnachtsmarkt,tuebingen.de,official,2026-09-18,conv-review-02-2026-09,frist_offen,"Nachfass 2026-09-18: Seite behandelt weiterhin nur 2026 (11.-13.12.), keine 2027-Bewerbungsfrist veroeffentlicht. Umwandlung aus review_candidate, Stand Zieldatum 2026-09-19."
tulpenfest-potsdam-potsdam,Tulpenfest Potsdam,Stadtfest,Potsdam,Brandenburg,DE,,,Frist noch nicht veröffentlicht (Anmeldeformular als PDF beim Veranstalter COEX),,,"COEX Veranstaltungs GmbH & Co. KG, Madlower Hauptstr. 10, 03050 Cottbus",,coex-gmbh@t-online.de,0171 3762430,https://coex-gmbh.de/index.php/stadtfeste-und-maerkte-2026/,coex-gmbh.de,official,2026-08-03,conv-review-01-2026-09,frist_offen,"Veranstalter COEX Veranstaltungs GmbH & Co. KG (Madlower Hauptstr. 10, 03050 Cottbus, 0171 3762430, coex-gmbh@t-online.de) stellt Anmeldeformulare als PDF bereit, nennt aber auf Uebersichts- und Kontaktseite keine Anmeldefrist. Umwandlung aus review_candidate, Stand Zieldatum 2026-09-19."
ueberlinger-promenadenfest-2027-ueberlingen,Überlinger Promenadenfest 2027,Stadtfest,Überlingen,Baden-Württemberg,DE,,,Frist noch nicht veröffentlicht (keine Bewerbungsfrist gefunden),,,,,,,https://www.ueberlingen-bodensee.de/promenadenfest,ueberlingen-bodensee.de,official,2026-09-16,conv-review-02-2026-09,frist_offen,"Stadtfest am Bodensee bekannt, aber keine Schausteller-Bewerbungsseite oder Frist auf offiziellem Tourismusportal ueberlingen-bodensee.de gefunden. Umwandlung aus review_candidate, Stand Zieldatum 2026-09-19."
ulmer-volksfest-2027-ulm,Ulmer Volksfest 2027,Volksfest,Ulm,Baden-Württemberg,DE,,,Frist noch nicht veröffentlicht (letzte bekannte Frist 07.11.2024 für früheren Jahrgang),,,,,info@vmvgmbh.de,,https://ulmer-volksfest.de/bewerbung/,ulmer-volksfest.de,official,2026-09-16,conv-review-02-2026-09,frist_offen,"Seite nennt Bewerbungsschluss 07.11.2024 (bezogen auf einen frueheren Jahrgang); kein aktuelles Datum fuer den naechsten Turnus auf der Seite erkennbar. Kontakt: VMV GmbH, Stefan Scheller, Marktplatz 8, 89073 Ulm, info@vmvgmbh.de bzw. post@ulmer-volksfest.de, Tel. 0731 940 236 27/26. Umwandlung aus review_candidate, Stand Zieldatum 2026-09-19."
ulmer-weihnachtsmarkt-ulm-2027,Ulmer Weihnachtsmarkt 2027,Weihnachtsmarkt,Ulm,Baden-Württemberg,DE,,,"Frist noch nicht veröffentlicht. Bewerbungsphase 2026 abgeschlossen, Termin für 2027 noch offen",,,,,,,https://www.ulmer-weihnachtsmarkt.de/bewerbung/,ulmer-weihnachtsmarkt.de,official,2026-09-13,conv-review-05-2026-09,frist_offen,"Bewerbungsphase fuer 2026 laut Seite bereits abgeschlossen, kein Datum fuer 2027 gefunden. Kontakt: weihnachtsmarkt@ulm-messe.de. Umwandlung aus review_candidate, Stand Zieldatum 2026-09-19."
vallendarer-weihnachtsmarkt-2026-vallendar,Vallendarer Weihnachtsmarkt 2026,Weihnachtsmarkt,Vallendar,Rheinland-Pfalz,DE,,,Frist noch nicht veröffentlicht,,,,,,,https://www.vallendar-rhein.de/stadt/weihnachtsmarkt-vallendar/bewerbungsformular-zur-teilnahme-weihnachtsmarkt-2026-der-stadt-vallendar.pdf?cid=3o4,vallendar-rhein.de,official,2026-08-03,conv-review-07-2026-09,frist_offen,"Das offizielle Bewerbungsformular ist online und nennt den Veranstaltungstermin, aber keine konkrete Bewerbungsfrist. Umwandlung aus review_candidate, Stand Zieldatum 2026-09-19."
veedelsadvent-koln-lindenthal-2026-koln,VeedelsAdvent Köln-Lindenthal 2026,Weihnachtsmarkt,Köln,Nordrhein-Westfalen,DE,,,Frist noch nicht veröffentlicht,,,,,,,https://rutwiess-events.de/events,rutwiess-events.de,official,2026-09-18,conv-review-07-2026-09,frist_offen,"RutWiess Events ist als Veranstalter bestätigt, Kontakt info@rutwiess-events.de. Portalgesuch und offizielle Seite widersprechen sich beim Jahr/Standort: Portal nennt Köln-Lindenthal 2026, Veranstalterseite aktuell VeedelsAdvent an der Severinstorburg 2027. Vor Aufnahme klären; keine Frist. Umwandlung aus review_candidate, Stand Zieldatum 2026-09-19."
vegesacker-hafenfest-2027-vegesack,Vegesacker Hafenfest 2027,Stadtfest,Vegesack,Bremen,DE,,,Frist noch nicht veröffentlicht,,,,,,,https://vegesack.de/freizeit/festivitaeten/hafenfest/,vegesack.de,official,2026-08-03,conv-review-06-2026-09,frist_offen,"Veranstalter ist der Verein Vegesacker Hafenfest e.V. (info@vegesacker-hafenfest.de). Die offizielle Seite ist nicht aktuell gepflegt und nennt kein Bewerbungsverfahren und keine Frist fuer 2027. Umwandlung aus review_candidate, Stand Zieldatum 2026-09-19."
venezianische-messe-ludwigsburg-2026-ludwigsburg,Venezianische Messe Ludwigsburg 2026,Fest,Ludwigsburg,Baden-Württemberg,DE,,,"Nächste Ausschreibung noch nicht veröffentlicht, letzte Frist war 06.09.2026",,,,,,,https://visit.ludwigsburg.de/start/presse+_+b2b/bewerbungsunterlagen+venezianische+messe.html,visit.ludwigsburg.de,official,2026-08-04,conv-review-08-2026-09,frist_offen,"„Die Bewerbungsfrist für die Venezianische Messe ist abgelaufen."" Veranstaltung 4. bis 6.9.2026. Die Messe findet nur alle zwei Jahre statt. Kontakt: Nölle Claaßen, n.claassen@ludwigsburg.de, 07141 910-4138. Umwandlung aus rejected_candidate, Stand Zieldatum 2026-09-19."
viva-victoria-stadtteilfest-2027-berlin,Viva Victoria Stadtteilfest 2027,Stadtfest,Berlin,Berlin,DE,Lichtenberg,,Frist noch nicht veröffentlicht (27. Ausgabe),"2027, Termin offen",,,,,,https://www.berlin.de/events/7467849-2229501-viva-victoria-stadtteilfest-in-lichtenbe.html,berlin.de,official,2026-08-03,conv-review-01-2026-09,frist_offen,"Die offizielle Veranstaltungsseite bestätigt die 27. Ausgabe 2027 mit Flohmarkt- und Essensständen, aber weder Termin noch Bewerbungsfrist. Umwandlung aus review_candidate, Stand Zieldatum 2026-09-19."
volksfest-ebersberg-2027-ebersberg,Volksfest Ebersberg 2027,Volksfest,Ebersberg,Bayern,DE,,,Frist noch nicht veröffentlicht (Feld Bewerbungsschluss ohne Datum; Fest 2026 war 07.-17.08.2026),,,,,Festwirt@volksfest-ebersberg.de,,https://volksfest-ebersberg.de/schausteller/,volksfest-ebersberg.de,official,2026-08-04,conv-review-04-2026-09,frist_offen,"Die Schaustellerseite führt das Feld „Bewerbungsschluss"" ohne Datum. Veranstaltung 7. bis 17. August 2026. Veranstalter sind die Ebenkofler Festbetrieb GmbH und der Volksfestverein Ebersberg, Festwirt@volksfest-ebersberg.de, Gasteig 20a, 85567 Grafing bei München. Umwandlung aus review_candidate, Stand Zieldatum 2026-09-19."
volksfest-freyung-2027-freyung,Volksfest Freyung 2027,Volksfest,Freyung,Bayern,DE,,,Frist noch nicht veröffentlicht,25.-29.06.2027,,,,touristinfo@freyung.de,,https://www.freyung.de/de/kultur-und-kulinarik/feste/volksfest.html,freyung.de,official,2026-09-16,conv-review-04-2026-09,frist_offen,"Naechster Termin 25.-29.06.2027 bestaetigt, aber keine Bewerbungsfrist oder Kontakt fuer Schausteller auf der Stadtseite gefunden. Kontakt: Tourist-Info Freyung, Stadtplatz 10, 94078 Freyung, Tel. +49 8551 588150, touristinfo@freyung.de. Umwandlung aus review_candidate, Stand Zieldatum 2026-09-19."
volksfest-goslar-2027-goslar,Volksfest Goslar 2027,Volksfest,Goslar,Niedersachsen,DE,,,Frist noch nicht veröffentlicht,,,,,,,https://www.volksfest-goslar.de/schausteller-2/,volksfest-goslar.de,official,2026-08-03,conv-review-06-2026-09,frist_offen,"Volksfest Goslar e.V., Postfach 3447, 38634 Goslar. Rund 900 Bewerbungen jaehrlich, Auswertung nach einem Kriterienkatalog, Ausschreibung erfolgt über die Fachzeitschrift Der Komet. Auf der Webseite ist keine Bewerbungsfrist ausgewiesen, Bewerbung nur schriftlich per Post. Umwandlung aus review_candidate, Stand Zieldatum 2026-09-19."
volksfest-landau-an-der-isar-2027-landau-an-der-isar,Volksfest Landau an der Isar 2027,Volksfest,Landau an der Isar,Bayern,DE,,,Frist noch nicht veröffentlicht (Termin Wochenende Peter und Paul (Ende Juni)),,,,,stadt.landau@landau-isar.de,,https://www.landau-isar.de/feste-und-feiern/,landau-isar.de,official,2026-09-16,conv-review-04-2026-09,frist_offen,"Termin (Wochenende Peter und Paul, Ende Juni, Festwiese Harburger Strasse) bekannt, aber keine Bewerbungsfrist auf offizieller Stadtseite gefunden. Kontakt: Gewerbeamt Stadt Landau a.d.Isar, Tel. (09951) 941-0, stadt.landau@landau-isar.de. Umwandlung aus review_candidate, Stand Zieldatum 2026-09-19."
volksfest-tirschenreuth-2027-tirschenreuth,Volksfest Tirschenreuth 2027,Volksfest,Tirschenreuth,Bayern,DE,,,Frist noch nicht veröffentlicht,,,,,einwohner@stadt-tirschenreuth.de,09631 609-16,https://www.stadt-tirschenreuth.de/leben-in-tirschenreuth/maerkte,stadt-tirschenreuth.de,official,2026-09-16,conv-review-04-2026-09,frist_offen,"Volksfest am Festplatz Tirschenreuth existiert laut Stadtseite/Veranstaltungshinweisen, aber keine Unterseite mit Bewerbungsfrist fuer Schausteller gefunden. Zustaendig: Buerger- und Ordnungsamt Tirschenreuth, Maximilianplatz 35, 95643 Tirschenreuth, Tel. 09631 609-16, einwohner@stadt-tirschenreuth.de. Umwandlung aus review_candidate, Stand Zieldatum 2026-09-19."
volksmusiktage-mittendrin-und-mittendrin-markt-eichstaett-2027-eichstaett,Volksmusiktage MITTENDRIN und Mittendrin-Markt Eichstätt 2027,Stadtfest,Eichstätt,Bayern,DE,,,"Frist noch nicht veröffentlicht (erste Marktanmeldungen laufen bereits, kein verbindlicher Bewerbungsschluss)",Termin 2027 auf Stadtseite,,,,,,https://www.eichstaett.de/veranstaltungen/volksmusik_mittendrin_in_eichs-798055/,eichstaett.de,official,2026-08-03,conv-review-03-2026-09,frist_offen,"Die offizielle Seite bestätigt Termin und bereits laufende erste Marktanmeldungen, nennt aber keinen verbindlichen Bewerbungsschluss. Umwandlung aus review_candidate, Stand Zieldatum 2026-09-19."
wadgasser-weihnachtsmarkt-am-abteihof-2026-wadgassen,Wadgasser Weihnachtsmarkt am Abteihof 2026,Weihnachtsmarkt,Wadgassen,Saarland,DE,,,Frist noch nicht veröffentlicht,,,,,,,https://www.wadgassen.de/veranstaltung,wadgassen.de,official,2026-09-17,conv-review-08-2026-09,frist_offen,"Markt findet traditionell am ersten Adventswochenende statt (2025: 28.-30.11.), 2026-Termin und Bewerbungsinformationen für Schausteller/Standbetreiber auf offizieller Seite nicht gefunden. Kontakt: Gemeinde Wadgassen, Lindenstraße 114, 66787 Wadgassen, Tel. (0 68 34) 9 44-0. Umwandlung aus review_candidate, Stand Zieldatum 2026-09-19."
waldsassener-buergerfest-2027-waldsassen,Waldsassener Bürgerfest 2027,Stadtfest,Waldsassen,Bayern,DE,,,Frist noch nicht veröffentlicht (kein offener Aufruf mit Frist),04.07.2027,,,,,,https://www.tourismus.waldsassen.de/aktivitaeten/empfehlungen/buergerfest-am-4-juli-2027,tourismus.waldsassen.de,official,2026-08-03,conv-review-03-2026-09,frist_offen,"Offizielle Tourismusseite bestätigt das Bürgerfest am 04.07.2027 mit Vereins-, Speise- und Getränkeangeboten, aber keinen offenen Aufruf mit Frist. Umwandlung aus review_candidate, Stand Zieldatum 2026-09-19."
waldshuter-chilbi-2027-waldshut-tiengen,Waldshuter Chilbi 2027,Kirmes,Waldshut-Tiengen,Baden-Württemberg,DE,,,Frist noch nicht veröffentlicht (keine Bewerbungsfrist auf Stadtseite),drittes August-Wochenende,,,,,,https://www.waldshut-tiengen.de/freizeit/veranstaltungen/brauchtum-und-feste/waldshuter-chilbi,waldshut-tiengen.de,official,2026-09-16,conv-review-02-2026-09,frist_offen,"Traditionstermin (drittes August-Wochenende) bekannt, aber keine Bewerbungsfrist oder Bewerbungsseite fuer Schausteller auf der offiziellen Stadtseite gefunden. Zustaendig laut Recherche: Ordnungsamt Waldshut-Tiengen, Ralph Albrecht, Wallstrasse 26-28, 79761 Waldshut-Tiengen. Umwandlung aus review_candidate, Stand Zieldatum 2026-09-19."
wallensteintage-stralsund-2027-stralsund,Wallensteintage Stralsund 2027,Stadtfest,Stralsund,Mecklenburg-Vorpommern,DE,,,Frist noch nicht veröffentlicht (Bewerbung ab sofort ohne Stichtag),,,,,cerdmann@stralsund.de,,https://www.wallensteintage.de/haendlerinformationen/,wallensteintage.de,official,2026-08-04,conv-review-04-2026-09,frist_offen,"Bewerbung „ab sofort"" möglich, aber ohne Stichtag. Zuständig: Hansestadt Stralsund, Amt für Kultur, Welterbe und Medien, Abteilung Kultur und Öffentlichkeitsarbeit, Claudia Erdmann, cerdmann@stralsund.de. Gesucht werden Schausteller, Gastronomen, Händler, Kunsthandwerker und Künstler. Nachfassen, sobald ein Termin für 2027 steht. Umwandlung aus review_candidate, Stand Zieldatum 2026-09-19."
wambacher-kerb-schlangenbad-2026-schlangenbad,"Wambacher Kerb, Schlangenbad 2026",Volksfest,Schlangenbad,Hessen,DE,,,Frist noch nicht veröffentlicht,,,,,,,https://kerbegesellschaft-wambach.de/kerb/,kerbegesellschaft-wambach.de,official,2026-09-18,conv-review-07-2026-09,frist_offen,"Veranstaltung bestaetigt (16.-18.10.2026), Veranstalter Kerbegesellschaft Wambach 1976 e.V. Kein direkter E-Mail/Telefonkontakt oder Bewerbungsfrist fuer Schausteller auf der Vereinsseite gefunden. Umwandlung aus review_candidate, Stand Zieldatum 2026-09-19."
warendorfer-weihnachtswaldchen-2026-warendorf,Warendorfer Weihnachtswäldchen 2026,Weihnachtsmarkt,Warendorf,Nordrhein-Westfalen,DE,,,Frist noch nicht veröffentlicht,,,,,,,https://www.warendorf.de/de/kultur/veranstaltungen/maerkte-feste-und-highlights/warendorfer-weihnachtswaeldchen/,warendorf.de,official,2026-09-16,conv-review-07-2026-09,frist_offen,"Termin 27.11.-20.12.2026 bekannt, Bewerbungsformular ('Bewerbung Warendorfer Weihnachtsmarkt') und Weihnachtsmarktordnung stehen zum Download bereit, aber keine explizite Bewerbungsfrist auf der Seite genannt. Stadt Warendorf, Kulturamt/Team Veranstaltungen & Stadtwerbung, Markt 1, 48231 Warendorf, stadt@warendorf.de, Tel. 02581 54-0. Umwandlung aus review_candidate, Stand Zieldatum 2026-09-19."
weihnachten-am-meer-wilhelmshaven-wilhelmshaven-2026,Weihnachten am Meer Wilhelmshaven 2026,Weihnachtsmarkt,Wilhelmshaven,Niedersachsen,DE,Valoisplatz,,Frist noch nicht veröffentlicht. Veranstalter Wilhelmshaven Touristik & Freizeit GmbH,23.11.-28.12.2026,,,,,,https://www.wilhelmshaven-touristik.de/veranstaltungen/weihnachten-am-meer,wilhelmshaven-touristik.de,official,2026-09-16,conv-review-05-2026-09,frist_offen,"Termin 23.11.-28.12.2026 am Valoisplatz genannt, Veranstalter Wilhelmshaven Touristik & Freizeit GmbH (Ebertstr. 110, 26382 Wilhelmshaven, Tel. 04421 913000). Keine Bewerbungsfrist oder Standplatz-Ausschreibung auf der Seite gefunden; Seite verweist auf spaeter folgendes Detailprogramm. Hinweis: Der kleinere, privat organisierte ""KiezZauber"" in der Suedstadt (Buergerverein Sued e.V. u.a.) ist kein staedtischer Veranstalter und wurde deshalb nicht als Kandidat aufgenommen. Umwandlung aus review_candidate, Stand Zieldatum 2026-09-19."
weihnachtliches-schwedt-2026-schwedt-oder,Weihnachtliches Schwedt 2026,Weihnachtsmarkt,Schwedt/Oder,Brandenburg,DE,,,Frist noch nicht veröffentlicht (Seite zeigt nur Programm 2025),,,,,,03332 446-0,https://www.schwedt.eu/de/219629,schwedt.eu,official,2026-09-18,conv-review-01-2026-09,frist_offen,"Seite dokumentiert nur 2025-Programm, weiterhin keine Bewerbungsfrist fuer 2026. Kontakt: Stadt Schwedt/Oder, Tel. 03332 446-0. Umwandlung aus review_candidate, Stand Zieldatum 2026-09-19."
weihnachtsgans-auguste-markt-oranienburg-2026-oranienburg,Weihnachtsgans-Auguste-Markt Oranienburg 2026,Weihnachtsmarkt,Oranienburg,Brandenburg,DE,,,Frist noch nicht veröffentlicht (Programm folgt),,,"Tourist-Information Oranienburg, Schlossplatz 2, 16515 Oranienburg",,info@oranienburg-erleben.de,03301 5220-040,https://www.oranienburg-erleben.de/weihnachtsmarkt/,oranienburg-erleben.de,official,2026-09-18,conv-review-01-2026-09,frist_offen,"Seite zeigt nur 'Programm folgt...', weiterhin keine Bewerbungsfrist fuer Standbetreiber. Kontakt: Tourist-Information Oranienburg, Schlossplatz 2, 16515 Oranienburg, Tel. 03301 5220-040, info@oranienburg-erleben.de. Umwandlung aus review_candidate, Stand Zieldatum 2026-09-19."
weihnachtsmarkt-weihnachtswald-goslar-2026-goslar,Weihnachtsmarkt & Weihnachtswald Goslar 2026,Weihnachtsmarkt,Goslar,Niedersachsen,DE,,,"Nächste Ausschreibung noch nicht veröffentlicht, letzte Frist war 28.02.2026",,,,,,,https://www.meingoslar.de/fileadmin/media-goslar/erlebnis/veranstaltungen/2026/weihnachtsmarkt/zulassungsrichtlinien_weihnachtsmarkt_2026.pdf,meingoslar.de,official,2026-09-12,conv-review-08-2026-09,frist_offen,"Teil der Goslarer Sammelausschreibung (GOSLAR marketing gmbh); Bewerbungsfrist war der 28.02.2026, bereits verstrichen. Sammelseite mit 6 Veranstaltungen bestaetigt das in PLAN.md dokumentierte Muster; Nachfassdatum laut WORKLOG.md ist Februar 2027. Umwandlung aus rejected_candidate, Stand Zieldatum 2026-09-19."
weihnachtsmarkt-am-koelner-dom-koeln-2026,Weihnachtsmarkt am Kölner Dom 2026,Weihnachtsmarkt,Köln,Nordrhein-Westfalen,DE,Roncalliplatz,,Frist noch nicht veröffentlicht. Kölner Weihnachtsgesellschaft hat Zuschlag 2026-2030,,,,,,,https://www.koelnerweihnachtsmarkt.com/de/,koelnerweihnachtsmarkt.com,official,2026-08-03,conv-review-05-2026-09,frist_offen,"Die Koelner Weihnachtsgesellschaft hat den Zuschlag fuer 2026 bis 2030 erhalten und nimmt Bewerbungen von Kunsthandwerk und Haendlern unter info@koelner-weihnachtsgesellschaft.de entgegen. Eine kalendarische Bewerbungsfrist wird nicht genannt. Umwandlung aus review_candidate, Stand Zieldatum 2026-09-19."
weihnachtsmarkt-am-see-konstanz-2026-konstanz,Weihnachtsmarkt am See Konstanz 2026,Weihnachtsmarkt,Konstanz,Baden-Württemberg,DE,,,"Frist noch nicht veröffentlicht (Bewerbung über eigene Unterseite, kein Fristdatum)",26.11.-23.12.2026,,,,info@weihnachtsmarkt-am-see.de,,https://weihnachtsmarkt-am-see.de/,weihnachtsmarkt-am-see.de,official,2026-09-18,conv-review-02-2026-09,frist_offen,"Nachfass 2026-09-18: Startseite verweist weiterhin nur auf separate Unterseite 'Bewerbung Aussteller' ohne im Volltext sichtbares Fristdatum. Kontakt: info@weihnachtsmarkt-am-see.de, Tel. +49 7531 23763. Umwandlung aus review_candidate, Stand Zieldatum 2026-09-19."
weihnachtsmarkt-auf-burg-wissem-troisdorf-2027-troisdorf,Weihnachtsmarkt auf Burg Wissem Troisdorf 2027,Weihnachtsmarkt,Troisdorf,Nordrhein-Westfalen,DE,,,Frist noch nicht veröffentlicht,,,,,,,https://www.troisdorf.de/de/freizeit-familie/innenstadtfeste/weihnachtsmarkt/bewerbung-standplatz-weihnachtsmarkt-fuer-aussteller-innen/,troisdorf.de,official,2026-08-04,conv-review-06-2026-09,frist_offen,"Die Stadt Troisdorf betreibt ein Online-Bewerbungsformular mit umfangreichen Downloads (Standspezifikationen, Satzungen, Gebührenordnung, Gaststaettenantrag). Fuer 2026 gilt die Frist 16. November 2026 bei Markt vom 11. bis 13. Dezember; sie ist bereits als Eintrag erfasst. Die Stadt weist die Frist jedoch nicht als Dauerregel aus, daher wurde fuer 2027 nichts abgeleitet. Stadt Troisdorf, Kölner Straße 176, 53840 Troisdorf, 02241 900-0, rathaus@troisdorf.de. Umwandlung aus review_candidate, Stand Zieldatum 2026-09-19."
weihnachtsmarkt-auf-dem-karlsplatz-sigmaringen-2026-sigmaringen,Weihnachtsmarkt auf dem Karlsplatz Sigmaringen 2026,Weihnachtsmarkt,Sigmaringen,Baden-Württemberg,DE,,,Frist noch nicht veröffentlicht (keine Frist für 2026 gefunden),erstes Adventswochenende,,,,,,https://www.sigmaringen.de/de/Buerger-Rathaus/Aktuelles-Stadtinfo/Aktuelles/2024-04/Traditioneller-Weihnachtsmarkt-auf-dem-Karlsplatz-zum-ersten-Adventswochenende.html,sigmaringen.de,official,2026-09-18,conv-review-02-2026-09,frist_offen,"Nachfass 18.09.2026: Quelle bezieht sich weiterhin nur auf den Jahrgang 2024, keine Bewerbungsfrist fuer 2026 gefunden. Kontakt: Stadt Sigmaringen, Marktamt, Fuerst-Wilhelm-Str. 15, 72488 Sigmaringen, Tel. 07571 106-222. Umwandlung aus review_candidate, Stand Zieldatum 2026-09-19."
weihnachtsmarkt-bad-kreuznach-bad-kreuznach,Weihnachtsmarkt Bad Kreuznach,Weihnachtsmarkt,Bad Kreuznach,Rheinland-Pfalz,DE,,,Frist noch nicht veröffentlicht,,,,,,,https://www.bad-kreuznach.de/buergerservice/leistungen/RLP:entry:72313:ANLR-VLR/weihnachtsmarkt/,bad-kreuznach.de,official,2026-09-16,conv-review-08-2026-09,frist_offen,"Eigene Leistungsseite der Stadt vorhanden, verweist auf Sachgebiet Messen und Märkte; kein Fristdatum fuer den Weihnachtsmarkt gefunden (andere Veranstaltung als der bereits im Master erfasste Jahrmarkt mit Frist 15.10.). Kontakt: Stadtverwaltung Bad Kreuznach, Kornmarkt 5, 55543 Bad Kreuznach, Tel. 0671 800-0, stadtverwaltung@bad-kreuznach.de. Umwandlung aus review_candidate, Stand Zieldatum 2026-09-19."
weihnachtsmarkt-bad-oeynhausen-innenstadt-und-kurpark-bad-oeynhausen,Weihnachtsmarkt Bad Oeynhausen (Innenstadt und Kurpark),Weihnachtsmarkt,Bad Oeynhausen,Nordrhein-Westfalen,DE,,,Frist noch nicht veröffentlicht,,,,,,,https://www.staatsbad-oeynhausen.de/stadtleben/weihnachtsmarkt/standbewerbung-weihnachtsmarkt,staatsbad-oeynhausen.de,official,2026-09-14,conv-review-07-2026-09,frist_offen,"Wird von der Staatsbad Bad Oeynhausen GmbH organisiert, eigene Bewerbungsseiten fuer Weihnachtsmarkt- und Kunsthandwerkermarkt-Standplätze vorhanden, aber kein Fristdatum gefunden. Umwandlung aus review_candidate, Stand Zieldatum 2026-09-19."
weihnachtsmarkt-birkenfeld-2026-birkenfeld,Weihnachtsmarkt Birkenfeld 2026,Weihnachtsmarkt,Birkenfeld,Rheinland-Pfalz,DE,,,Frist noch nicht veröffentlicht,,,,,,,https://www.stadt-birkenfeld.de/leben-in-bir/aemter-was-erledige-ich-wo/item/maerkte.html,stadt-birkenfeld.de,official,2026-09-18,conv-review-07-2026-09,frist_offen,"Stadt Birkenfeld bestätigt Marktmeister Jürgen Schug (Tel. 06782 9899291 bzw. 0151 11562356) als Ansprechpartner. Portal nennt 04.-07.12.2026 und marktmeister-bir@t-online.de; keine feste Bewerbungsfrist veröffentlicht. Umwandlung aus review_candidate, Stand Zieldatum 2026-09-19."
weihnachtsmarkt-bremervorde-bremervorde,Weihnachtsmarkt Bremervörde,Weihnachtsmarkt,Bremervörde,Niedersachsen,DE,,,Frist noch nicht veröffentlicht,,,,,,,https://www.bremervoerde.de/rathaus-buergerservice/buergerservice/was-erledige-ich-wo-dienstleistungen/550-weihnachtsmaerkte,bremervoerde.de,official,2026-09-18,conv-review-06-2026-09,frist_offen,"Nachfass 2026-09-18: weiterhin kein Fristdatum auf der Seite. Kontakt: Jenny Prinz-Claussen, Neue Str. 33 / Rathausmarkt 1, 27432 Bremervoerde, 04761 987-147. Umwandlung aus review_candidate, Stand Zieldatum 2026-09-19."
weihnachtsmarkt-bunde-bunde,Weihnachtsmarkt Bünde,Weihnachtsmarkt,Bünde,Nordrhein-Westfalen,DE,,,Frist noch nicht veröffentlicht,,,,,,,https://www.buende.de/Freizeit-I-Tourismus/Events/Weihnachtsmarkt/,buende.de,official,2026-09-14,conv-review-07-2026-09,frist_offen,"Keine Bewerbungsfrist auf offizieller Stadtseite gefunden. Umwandlung aus review_candidate, Stand Zieldatum 2026-09-19."
weihnachtsmarkt-cloppenburg-2026-cloppenburg,Weihnachtsmarkt Cloppenburg 2026,Weihnachtsmarkt,Cloppenburg,Niedersachsen,DE,,,Frist noch nicht veröffentlicht,,,,,,,https://www.cloppenburg.de/portal/seiten/weihnachtsmarkt-2025-900000323-31040.html,cloppenburg.de,official,2026-09-18,conv-review-06-2026-09,frist_offen,"Nachfass 2026-09-18: weiterhin nur 2025er-Seite auffindbar, keine 2026er-Ausschreibung mit Frist. Kontakt: Stadt Cloppenburg, 04471 185-0, rathaus@cloppenburg.de. Umwandlung aus review_candidate, Stand Zieldatum 2026-09-19."
weihnachtsmarkt-der-1000-lichter-hassloch-2026-hassloch,Weihnachtsmarkt der 1000 Lichter Haßloch 2026,Weihnachtsmarkt,Haßloch,Rheinland-Pfalz,DE,,,"Nächste Ausschreibung noch nicht veröffentlicht, letzte Frist war 31.08.2026",,,,,,,https://www.hassloch.de/gv_hassloch/Tourismus/Feste%20&%20Veranstaltungen/Weihnachtsmarkt/Bewerbung%20f%C3%BCr%20Weihnachtsmarkt%202026.pdf,hassloch.de,official,2026-09-17,conv-review-08-2026-09,frist_offen,"Bewerbungsfrist für Beschicker (Kontakt: Gunther Metz, 06324 935 238, veranstaltungen@hassloch.de) endete laut Bewerbungsformular am 31.08.2026 und ist damit bereits verstrichen (heute: 17.09.2026). Für 2027 noch kein neues Formular veröffentlicht. Umwandlung aus rejected_candidate, Stand Zieldatum 2026-09-19."
weihnachtsmarkt-der-1000-sterne-cottbus-2026-cottbus,Weihnachtsmarkt der 1000 Sterne Cottbus 2026,Weihnachtsmarkt,Cottbus,Brandenburg,DE,,,Frist noch nicht veröffentlicht,23.-24.11.2026,,,,,0355 7542444,https://cottbus.de/veranstaltungen/weihnachtsmarkt-der-1000-sterne-in-cottbus/,cottbus.de,official,2026-09-18,conv-review-01-2026-09,frist_offen,"Seite weiterhin ohne Bewerbungsfrist fuer Schausteller. Termin 23.-24.11.2026 bestaetigt. Kontakt unveraendert: Cottbus Service, Tel. 0355 7542444, cottbus-tourismus.de. Umwandlung aus review_candidate, Stand Zieldatum 2026-09-19."
weihnachtsmarkt-der-stadt-bergen-auf-rugen-2026-04-06-12-2026-bergen-auf-rugen,Weihnachtsmarkt der Stadt Bergen auf Rügen 2026 (04.-06.12.2026),Weihnachtsmarkt,Bergen auf Rügen,Mecklenburg-Vorpommern,DE,,,Frist noch nicht veröffentlicht,,,,,,,"https://www.stadt-bergen-auf-ruegen.de/index.php?object=tx,3331.4&ModID=11&FID=3331.722.1",stadt-bergen-auf-ruegen.de,official,2026-09-19,conv-review-06-2026-09,frist_offen,"Offizielle Stadtseite bestaetigt Termin 04.-06.12.2026, nennt aber keine Bewerbungsfrist/-weg. Kontakt: Stadt Bergen auf Rügen, Markt 5/6, 18528 Bergen auf Rügen, Tel. 03838 811-0, info@stadt-bergen-auf-rügen.de. Umwandlung aus review_candidate, Stand Zieldatum 2026-09-19."
weihnachtsmarkt-eisenhuttenstadt-vorm-city-center-eisenhuttenstadt,Weihnachtsmarkt Eisenhüttenstadt vorm City Center,Weihnachtsmarkt,Eisenhüttenstadt,Brandenburg,DE,,,Frist noch nicht veröffentlicht,,,,,,,https://www.eisenhuettenstadt.de/,eisenhuettenstadt.de,official,2026-09-18,conv-review-07-2026-09,frist_offen,"Erster Weihnachtsmarkt der Stadt Eisenhuettenstadt vor dem City Center bestaetigt (23.11.-19.12.2026, Suche nach Baeckerei, Suesswaren, Imbiss, Spielgeschäften), aber kein offizieller Bewerbungsprozess mit Frist auf der Stadtseite gefunden. Umwandlung aus review_candidate, Stand Zieldatum 2026-09-19."
weihnachtsmarkt-eitorf-2026-eitorf,Weihnachtsmarkt Eitorf 2026,Weihnachtsmarkt,Eitorf,Nordrhein-Westfalen,DE,,,"Nächste Ausschreibung noch nicht veröffentlicht, letzte Frist war 30.04.2026",,,,,,,https://www.eitorf.de/aktuelles/jjjj-2/,eitorf.de,official,2026-08-03,conv-review-08-2026-09,frist_offen,"Die Gemeinde Eitorf bat um Bewerbungen bis zum 30.04.2026. Frist abgelaufen. Umwandlung aus rejected_candidate, Stand Zieldatum 2026-09-19."
weihnachtsmarkt-frankfurt-oder-frankfurt-oder,Weihnachtsmarkt Frankfurt (Oder),Weihnachtsmarkt,Frankfurt (Oder),Brandenburg,DE,,,Frist noch nicht veröffentlicht,,,,,,,https://www.frankfurt-oder.de/,frankfurt-oder.de,official,2026-09-17,conv-review-06-2026-09,frist_offen,"Keine spezifischen Suchtreffer zu einer offiziellen Bewerbungsseite oder Frist für Schausteller in Frankfurt (Oder) gefunden; Stadtverwaltung direkt kontaktieren. Umwandlung aus review_candidate, Stand Zieldatum 2026-09-19."
weihnachtsmarkt-garbsen-garbsen,Weihnachtsmarkt Garbsen,Weihnachtsmarkt,Garbsen,Niedersachsen,DE,,,Frist noch nicht veröffentlicht,,,,,,,https://www.garbsen.de/portal/seiten/weihnachtszauber-2087056654-21200.html,garbsen.de,official,2026-09-18,conv-review-06-2026-09,frist_offen,"Nachfass 2026-09-18: Seite beschreibt weiterhin nur das Besucherprogramm, keine Bewerbungsfrist. Organisator Mr. Max Food Festivals (reservierungen@max-festivals.de) direkt kontaktieren. Umwandlung aus review_candidate, Stand Zieldatum 2026-09-19."
weihnachtsmarkt-gendarmenmarkt-2027-2031-berlin,Weihnachtsmarkt Gendarmenmarkt 2027-2031,Weihnachtsmarkt,Berlin,Berlin,DE,Gendarmenmarkt,,"Frist noch nicht veröffentlicht (Interessenbekundungsverfahren angekündigt, noch keine Einreichungsfrist)",,,,,,,https://www.berlin.de/ba-mitte/politik-und-verwaltung/aemter/strassen-und-gruenflaechenamt/strassenverwaltung/artikel.1681925.php,berlin.de,official,2026-08-03,conv-review-01-2026-09,frist_offen,"Das offizielle Interessenbekundungsverfahren ist angekuendigt, aber auf der geprueften Seite noch nicht mit einer konkreten offenen Einreichungsfrist veroeffentlicht. Umwandlung aus review_candidate, Stand Zieldatum 2026-09-19."
weihnachtsmarkt-gerhart-hauptmann-platz-hamburg-mitte-hamburg-2026,Weihnachtsmarkt Gerhart-Hauptmann-Platz Hamburg-Mitte 2026,Weihnachtsmarkt,Hamburg,Hamburg,DE,Gerhart-Hauptmann-Platz,,Frist noch nicht veröffentlicht. Drucksache enthält nur Platzhalter für Frist,,,,,,,https://bv-hh.de/hamburg-mitte/documents/auswahlverfahren-fuer-die-veranstaltung-weihnachtsmarkt-gerhart-hauptmann-platz-168785,bv-hh.de,official,2026-09-18,conv-review-05-2026-09,frist_offen,"Nachfass 18.09.2026: Drucksache enthaelt weiterhin nur den Platzhalter 'bis zum XX.XX.202X, 12:00 Uhr' als Frist; kein konkretes Datum. Kontakt: Christin Carstens, Management des oeffentlichen Raumes, Tel. 040 42854-2777, Caffamacherreihe 1-3, 20355 Hamburg. Umwandlung aus review_candidate, Stand Zieldatum 2026-09-19."
weihnachtsmarkt-grevenbroich-grevenbroich,Weihnachtsmarkt Grevenbroich,Weihnachtsmarkt,Grevenbroich,Nordrhein-Westfalen,DE,,,Frist noch nicht veröffentlicht,,,,,,,https://www.grevenbroich.de/leben-in-grevenbroich/kultur-freizeit/brauchtum/weihnachtsmarkt,grevenbroich.de,official,2026-09-13,conv-review-07-2026-09,frist_offen,"Keine Bewerbungsfrist auf offizieller Stadtseite gefunden. Umwandlung aus review_candidate, Stand Zieldatum 2026-09-19."
weihnachtsmarkt-grimma-2026-grimma,Weihnachtsmarkt Grimma 2026,Weihnachtsmarkt,Grimma,Sachsen,DE,,,Frist noch nicht veröffentlicht,,,,,,,https://www.grimma.de/portal/htmlformularpro/anmeldung-weihnachtsmarkt-900000064-27290.html,grimma.de,official,2026-09-12,conv-review-08-2026-09,frist_offen,"Laut Stadtseite ist die Voranmeldephase fuer den Weihnachtsmarkt 2026 (27.11.-13.12.2026) bereits abgeschlossen, konkretes Fristdatum nicht auffindbar. Umwandlung aus review_candidate, Stand Zieldatum 2026-09-19."
weihnachtsmarkt-hamburg-harburg-2026-hamburg,Weihnachtsmarkt Hamburg-Harburg 2026,Weihnachtsmarkt,Hamburg,Hamburg,DE,,,Frist noch nicht veröffentlicht,,,,,,,https://www.harburger-weihnachtsmarkt.de/kontakt/,harburger-weihnachtsmarkt.de,official,2026-09-18,conv-review-07-2026-09,frist_offen,"Veranstalter WAGS Hamburg Events GmbH, Eiffestraße 68, 20537 Hamburg, Tel. 040 430 975 90. Bewerbungsformular als PDF verlinkt, keine Frist genannt. Umwandlung aus review_candidate, Stand Zieldatum 2026-09-19."
weihnachtsmarkt-heiligenhaus-2026-heiligenhaus,Weihnachtsmarkt Heiligenhaus 2026,Weihnachtsmarkt,Heiligenhaus,Nordrhein-Westfalen,DE,,,Frist noch nicht veröffentlicht,,,,,,,https://www.heiligenhaus.de/kultur-tourismus/weihnachtsmarkt,heiligenhaus.de,official,2026-08-03,conv-review-07-2026-09,frist_offen,"Die offizielle Seite kündigt die Bewerbungsphase an, führt bei der Bewerbungsfrist aber noch 'Info folgt in Kürze'. Umwandlung aus review_candidate, Stand Zieldatum 2026-09-19."
weihnachtsmarkt-helmstedt-helmstedt,Weihnachtsmarkt Helmstedt,Weihnachtsmarkt,Helmstedt,Niedersachsen,DE,,,Frist noch nicht veröffentlicht,,,,,,,https://www.helmstedtaktuell.de/schausteller/,helmstedtaktuell.de,official,2026-09-18,conv-review-06-2026-09,frist_offen,"Nachfass 2026-09-18: weiterhin kein Fristdatum, nur Postanschrift fuer schriftliche Bewerbungen (Helmstedt aktuell/Stadtmarketing e.V., Markt 7/8, 38350 Helmstedt, Fax 05351 399348). Umwandlung aus review_candidate, Stand Zieldatum 2026-09-19."
weihnachtsmarkt-hessisch-oldendorf-hessisch-oldendorf,Weihnachtsmarkt Hessisch Oldendorf,Weihnachtsmarkt,Hessisch Oldendorf,Niedersachsen,DE,,,Frist noch nicht veröffentlicht,,,,,,,https://www.hessisch-oldendorf.de/portal/htmlformularpro/taetigkeit-als-markthaendler-in-oder-schausteller-in-aufnahme-900000040-33910.html,hessisch-oldendorf.de,official,2026-09-18,conv-review-06-2026-09,frist_offen,"Nachfass 2026-09-18: Online-Anmeldeformular weiterhin ohne Fristangabe. Umwandlung aus review_candidate, Stand Zieldatum 2026-09-19."
weihnachtsmarkt-holzminden-holzminden-2026,Weihnachtsmarkt Holzminden 2026,Weihnachtsmarkt,Holzminden,Niedersachsen,DE,,,Frist noch nicht veröffentlicht. Seite: Informationen folgen in Kürze,,,,,,,https://weihnachtsmarkt-holzminden.de/,weihnachtsmarkt-holzminden.de,official,2026-09-13,conv-review-05-2026-09,frist_offen,"Seite verweist auf 'Informationen folgen in Kuerze', kein Fristdatum vorhanden. Umwandlung aus review_candidate, Stand Zieldatum 2026-09-19."
weihnachtsmarkt-im-schlosspark-detmold-2026-kunsthandwerker-detmold,Weihnachtsmarkt im Schlosspark Detmold 2026 (Kunsthandwerker),Weihnachtsmarkt,Detmold,Nordrhein-Westfalen,DE,,,"Nächste Ausschreibung noch nicht veröffentlicht, letzte Frist war 31.08.2026",,,,,,,https://serviceportal-detmold.de/detail/-/vr-bis-detail/dienstleistung/27020/show,serviceportal-detmold.de,official,2026-09-14,conv-review-08-2026-09,frist_offen,"Bewerbungsfrist fuer die Kunsthandwerker-Kategorie war der 31.08.2026, bereits verstrichen. Umwandlung aus rejected_candidate, Stand Zieldatum 2026-09-19."
weihnachtsmarkt-im-stadtmuseum-schleswig-2026-schleswig,Weihnachtsmarkt im Stadtmuseum Schleswig 2026,Weihnachtsmarkt,Schleswig,Schleswig-Holstein,DE,,,Frist noch nicht veröffentlicht,,,,,,,https://www.stadtmuseum-schleswig.de/50-events/213-weihnachtsmarkt-im-stadtmuseum,stadtmuseum-schleswig.de,official,2026-08-03,conv-review-07-2026-09,frist_offen,"Die offizielle Seite nennt Veranstaltung und Bewerbungsweg, aber keinen konkreten Bewerbungsschluss. Umwandlung aus review_candidate, Stand Zieldatum 2026-09-19."
weihnachtsmarkt-im-tiergarten-neustrelitz-neustrelitz,Weihnachtsmarkt im Tiergarten Neustrelitz,Weihnachtsmarkt,Neustrelitz,Mecklenburg-Vorpommern,DE,,,Frist noch nicht veröffentlicht,,,,,,,https://www.neustrelitz.de/,neustrelitz.de,official,2026-09-17,conv-review-06-2026-09,frist_offen,"Stadtinformation Neustrelitz, Am Markt 1, 17235 Neustrelitz, Tel. 03981 253-119; Tiergarten Neustrelitz, Am Tiergarten 14, 17235 Neustrelitz, Tel. 03981 204490. Keine Bewerbungsfrist fuer Schausteller auf offizieller Seite gefunden. Umwandlung aus review_candidate, Stand Zieldatum 2026-09-19."
weihnachtsmarkt-im-zechenpark-kamp-lintfort,Weihnachtsmarkt im Zechenpark,Weihnachtsmarkt,Kamp-Lintfort,Nordrhein-Westfalen,DE,,,Frist noch nicht veröffentlicht,,,,,,,https://www.kamp-lintfort.de/,kamp-lintfort.de,official,2026-09-18,conv-review-07-2026-09,frist_offen,"Stadt Kamp-Lintfort als Ausrichter des Weihnachtsmarkts im Zechenpark Friedrich Heinrich bestaetigt (Quartiersplatz), aber kein Bewerbungsprozess/Frist fuer Schausteller auf der Stadtseite gefunden. Umwandlung aus review_candidate, Stand Zieldatum 2026-09-19."
weihnachtsmarkt-in-der-innenstadt-bad-mergentheim-2026-bad-mergentheim,Weihnachtsmarkt in der Innenstadt Bad Mergentheim 2026,Weihnachtsmarkt,Bad Mergentheim,Baden-Württemberg,DE,,,Frist noch nicht veröffentlicht (kein Fristdatum bestätigt),,,,,,,https://www.bad-mergentheim.de/de/stadtleben/veranstaltungen/weihnachtsmarkt-in-der-innenstadt-id_238512/,bad-mergentheim.de,official,2026-09-18,conv-review-02-2026-09,frist_offen,"Nachfass 18.09.2026: Offizielle Seite weiterhin nicht abrufbar (HTTP 403); kein Fristdatum bestaetigt. Kontakt: Stadt Bad Mergentheim, Bahnhofsplatz 1, 97980 Bad Mergentheim, Tel. 07931 570; Tourist-Information Marktplatz 1, Tel. 07931 574815. Umwandlung aus review_candidate, Stand Zieldatum 2026-09-19."
weihnachtsmarkt-lingen-2026-lingen,Weihnachtsmarkt Lingen 2026,Weihnachtsmarkt,Lingen,Niedersachsen,DE,,,"Nächste Ausschreibung noch nicht veröffentlicht, letzte Frist war 12.07.2026",,,,,,,https://www.tourismus-lingen.de/veranstaltungen/weihnachtsmarkt/informationen-fuer-aussteller/informationen-fuer-weihnachtsmarkt-aussteller.html,tourismus-lingen.de,official,2026-08-03,conv-review-08-2026-09,frist_offen,"Die offizielle Bewerbungsfrist 12.07.2026 war am Recherchetag bereits abgelaufen. Umwandlung aus rejected_candidate, Stand Zieldatum 2026-09-19."
weihnachtsmarkt-made-in-krefeld-special-miks-2026-krefeld,Weihnachtsmarkt Made in Krefeld Special (MIKS) 2026,Weihnachtsmarkt,Krefeld,Nordrhein-Westfalen,DE,,,"Nächste Ausschreibung noch nicht veröffentlicht, letzte Frist war 30.04.2026",,,,,,,https://www.krefeld.de/weihnachtsmarkt-miks,krefeld.de,official,2026-09-13,conv-review-08-2026-09,frist_offen,"Bewerbungsfrist war der 30.04.2026, Markt laut Stadt bereits vollständig ausgebucht und Anmeldungen nicht mehr moeglich. Umwandlung aus rejected_candidate, Stand Zieldatum 2026-09-19."
weihnachtsmarkt-marktoberdorf-2026-marktoberdorf,Weihnachtsmarkt Marktoberdorf 2026,Weihnachtsmarkt,Marktoberdorf,Bayern,DE,,,Frist noch nicht veröffentlicht,,,,,,,https://www.marktoberdorf.de/maerkte,marktoberdorf.de,official,2026-09-18,conv-review-07-2026-09,frist_offen,"Veranstaltung bestaetigt (04.-13.12.2026), gesucht werden laut Ausschreibung vor allem Kunsthandwerker. Kontakt allgemein: Stadt Marktoberdorf, Richard-Wengenmeier-Platz 1, 87616 Marktoberdorf, Tel. 08342 4008-0. Kein konkretes Bewerbungsformular oder Frist auf der Übersichtsseite gefunden. Umwandlung aus review_candidate, Stand Zieldatum 2026-09-19."
weihnachtsmarkt-meppen-meppen-2026,Weihnachtsmarkt Meppen 2026,Weihnachtsmarkt,Meppen,Niedersachsen,DE,Alter Markt / Hasestraße / Windthorstplatz,,Frist noch nicht veröffentlicht. Bewerbung nur schriftlich,23.11.-30.12.2026,,,,,,https://www.wim-meppen.de/portal/seiten/weihnachtsmarkt-meppen-23-november-30-dezember-2026-900000422-24701.html,wim-meppen.de,official,2026-09-19,conv-review-05-2026-09,frist_offen,"Seite 2026-09-19 erneut geprueft: kein Fristdatum, Bewerbung nur schriftlich; Kontakt Ansgar Limbeck 05931 153-295, ansgar.limbeck@meppen.de, Katja Wocken 05931 153-296. Umwandlung aus review_candidate, Stand Zieldatum 2026-09-19."
weihnachtsmarkt-neuwied-neuwied,Weihnachtsmarkt Neuwied,Weihnachtsmarkt,Neuwied,Rheinland-Pfalz,DE,,,Frist noch nicht veröffentlicht,,,,,,,https://www.neuwied.de/6091.html,neuwied.de,official,2026-09-16,conv-review-08-2026-09,frist_offen,"Stadt Neuwied fuehrt einheitliches Bewerbungsverfahren mit eigenem Formular fuer alle Märkte/Feste; Kontakt kirmes@neuwied.de, Amt fuer Stadtmarketing, 56562 Neuwied; kein konkretes Fristdatum fuer den Weihnachtsmarkt gefunden (Formular auch fuer die bereits im Master erfasste Heddesdorfer Pfingstkirmes zuständig). Umwandlung aus review_candidate, Stand Zieldatum 2026-09-19."
weihnachtsmarkt-osterode-am-harz-osterode-am-harz,Weihnachtsmarkt Osterode am Harz,Weihnachtsmarkt,Osterode am Harz,Niedersachsen,DE,,,Frist noch nicht veröffentlicht,,,,,,,https://www.h-w-w.de/aktuelles/news/weihnachtsmaerkte-in-osterode-und-northeim-am-2122023,h-w-w.de,official,2026-09-18,conv-review-06-2026-09,frist_offen,"Nachfass 2026-09-18: verlinkter Artikel behandelt inhaltlich nur Northeim, keine Angaben zu Osterode am Harz oder einer Frist. Kontakt: Tourismus und Marketing Osterode am Harz e.V., info@HARZimpuls.de, 05522 9541800. Umwandlung aus review_candidate, Stand Zieldatum 2026-09-19."
weihnachtsmarkt-recklinghausen-recklinghausen,Weihnachtsmarkt Recklinghausen,Weihnachtsmarkt,Recklinghausen,Nordrhein-Westfalen,DE,,,Frist noch nicht veröffentlicht,,,,,,,https://www.recklinghausen.de/,recklinghausen.de,official,2026-08-04,conv-review-07-2026-09,frist_offen,"Über ein Schausteller-Portal als Platzangebot fuer Getraenke und Speisen entdeckt. Vollständige Bewerbungen mit Bildern und exakten Massen inklusive Dachüberstand, Deichsel und Strombedarf sind gefordert. Eine offizielle Seite mit Frist konnte nicht gefunden werden. Umwandlung aus review_candidate, Stand Zieldatum 2026-09-19."
weihnachtsmarkt-schloss-agathenburg-2026-agathenburg,Weihnachtsmarkt Schloss Agathenburg 2026,Weihnachtsmarkt,Agathenburg,Niedersachsen,DE,,,Frist noch nicht veröffentlicht (Bewerbungsformular vorhanden),05.-06.12.2026,,,,info@schlossagathenburg.de,04141 54220,https://www.schlossagathenburg.de/aktuelles/618/detailreich-2023-bewerbung-fuer-ausstellerinnen/,schlossagathenburg.de,official,2026-09-18,conv-review-04-2026-09,frist_offen,"Nachfass 18.09.2026: Markt am 5./6. Dezember 2026 bestaetigt, Bewerbungsformular vorhanden, weiterhin kein Abgabedatum genannt. Kontakt: Kulturstiftung Schloss Agathenburg, info@schlossagathenburg.de, Tel. 04141 54220. Umwandlung aus review_candidate, Stand Zieldatum 2026-09-19."
weihnachtsmarkt-schloss-benrath-2026-dusseldorf,Weihnachtsmarkt Schloss Benrath 2026,Weihnachtsmarkt,Düsseldorf,Nordrhein-Westfalen,DE,,,"Nächste Ausschreibung noch nicht veröffentlicht, letzte Frist war 15.05.2026",,,,,,,https://www.schloss-benrath.de/weihnachtsmarkt,schloss-benrath.de,official,2026-08-03,conv-review-08-2026-09,frist_offen,"Offizielle Bewerbungsfrist 15.05.2026 ist am Recherchestichtag bereits abgelaufen. Umwandlung aus rejected_candidate, Stand Zieldatum 2026-09-19."
weihnachtsmarkt-schwenningen-2027-villingen-schwenningen,Weihnachtsmarkt Schwenningen 2027,Weihnachtsmarkt,Villingen-Schwenningen,Baden-Württemberg,DE,Schwenningen,,Frist noch nicht veröffentlicht (Bewerbungsphase startet im Januar 2027),,,"Stabsstelle Stadtmarketing, Winkelstraße 9, 78056 Villingen-Schwenningen",,,,https://www.villingen-schwenningen.de/tourismus-erleben/vs-erleben/maerkte-und-messen/,villingen-schwenningen.de,official,2026-09-18,conv-review-01-2026-09,frist_offen,"Seite bestaetigt explizit 'Die Bewerbungsphase fuer die Weihnachtsmaerkte 2026 ist beendet. Fuer 2027 startet die Bewerbungsphase im Januar' - ohne konkretes Datum. Kontakt: Stabsstelle Stadtmarketing, Winkelstrasse 9, 78056 Villingen-Schwenningen, Tel. 07720/82-1051, events@villingen-schwenningen.de. Umwandlung aus review_candidate, Stand Zieldatum 2026-09-19."
weihnachtsmarkt-und-laternenfest-halle-saale-halle-saale-2027,Weihnachtsmarkt und Laternenfest Halle (Saale) 2027,Weihnachtsmarkt,Halle (Saale),Sachsen-Anhalt,DE,,,Frist noch nicht veröffentlicht. Händlerausschreibung jährlich über Ausschreibungsportal und Pressemitteilung,,,,,,,https://halle.de/verwaltung-stadtrat/stadtpolitik-und-ortsrecht/ausschreibungen-und-vergaben/ausschreibungen,halle.de,official,2026-08-03,conv-review-05-2026-09,frist_offen,"Die Stadt Halle veroeffentlicht Haendlerausschreibungen fuer Weihnachtsmarkt und Laternenfest ueber ihr Ausschreibungsportal und ruft Haendler jaehrlich per Pressemitteilung auf. Die 2026er Ausschreibungsseite war zum Pruefzeitpunkt nicht mehr abrufbar (HTTP 404), ein 2027-Aufruf ist noch nicht veroeffentlicht. Umwandlung aus review_candidate, Stand Zieldatum 2026-09-19."
weihnachtsmarkt-und-lichterglanz-bremerhaven-2026-bremerhaven,Weihnachtsmarkt und Lichterglanz Bremerhaven 2026,Weihnachtsmarkt,Bremerhaven,Bremen,DE,,,Frist noch nicht veröffentlicht,23.11.-30.12.2026,,Erlebnis Bremerhaven GmbH,,touristik@erlebnis-bremerhaven.de,0471 80936100,https://www.bremerhaven-erleben.de/weihnachtsmarkt,bremerhaven-erleben.de,official,2026-09-18,conv-review-01-2026-09,frist_offen,"Seite bestaetigt weiterhin Zeitraum 23.11.-30.12.2026, keine Bewerbungsfrist fuer Standbetreiber. Kontakt: Erlebnis Bremerhaven GmbH, Tel. 0471 80936100, touristik@erlebnis-bremerhaven.de. Umwandlung aus review_candidate, Stand Zieldatum 2026-09-19."
weihnachtsmarkt-verden-verden,Weihnachtsmarkt Verden,Weihnachtsmarkt,Verden,Niedersachsen,DE,,,Frist noch nicht veröffentlicht,,,,,,,https://weihnachtsmarkt-verden.de/wp-content/uploads/2020/01/Bewerbung-VfV-2020-Schausteller-und-Gastro.pdf,weihnachtsmarkt-verden.de,official,2026-09-18,conv-review-06-2026-09,frist_offen,"Nachfass 2026-09-18: PDF-URL liefert HTTP 404, Formular nicht mehr erreichbar. 'Veranstaltung fuer Verden e.V.' direkt kontaktieren. Umwandlung aus review_candidate, Stand Zieldatum 2026-09-19."
weihnachtsmarkt-waren-muritz-waren-muritz,Weihnachtsmarkt Waren (Müritz),Weihnachtsmarkt,Waren (Müritz),Mecklenburg-Vorpommern,DE,,,Frist noch nicht veröffentlicht,,,,,,,https://www.innenstadt-waren.de/,innenstadt-waren.de,official,2026-09-17,conv-review-06-2026-09,frist_offen,"Veranstalter Innenstadt Waren e.V., Friedensstraße 4, 17192 Waren (Mueritz). Markt findet im Dezember statt, ca. 25 Beschicker, aber keine Bewerbungsfrist oder Bewerbungsformular auf der Vereinsseite gefunden. Umwandlung aus review_candidate, Stand Zieldatum 2026-09-19."
weihnachtsmarkt-wittenberge-2026-wittenberge,Weihnachtsmarkt Wittenberge 2026,Weihnachtsmarkt,Wittenberge,Brandenburg,DE,Paul-Lincke-Platz,,"Frist noch nicht veröffentlicht (Für ein kleines Riesenrad wird gesucht, ohne Frist)",09.-13.12.2026,,,,goettsching@kfh-wbge.de,03877 929-174,https://www.wittenberge.de/veranstaltungen/2836470/2026/12/09/weihnachtsmarkt-wittenberge.html,wittenberge.de,official,2026-09-18,conv-review-01-2026-09,frist_offen,"Kultur-, Sport- und Tourismusbetrieb der Stadt Wittenberge bestätigt 09.-13.12.2026 auf dem Paul-Lincke-Platz. Kontakt goettsching@kfh-wbge.de, Tel. 03877 929-174; für ein kleines Riesenrad wird gesucht, aber ohne Bewerbungsfrist. Umwandlung aus review_candidate, Stand Zieldatum 2026-09-19."
weihnachtsmarkt-xanten-igx-xanten,Weihnachtsmarkt Xanten (IGX),Weihnachtsmarkt,Xanten,Nordrhein-Westfalen,DE,,,Frist noch nicht veröffentlicht,,,,,,,https://igx-xanten.de/,igx-xanten.de,official,2026-09-13,conv-review-07-2026-09,frist_offen,"Bewerbungsformular über die IGX-Xanten-Seite (Werbegemeinschaft) vorhanden, kein Fristdatum gefunden. Umwandlung aus review_candidate, Stand Zieldatum 2026-09-19."
weihnachtsmarkt-zeven-zeven,Weihnachtsmarkt Zeven,Weihnachtsmarkt,Zeven,Niedersachsen,DE,,,Frist noch nicht veröffentlicht,,,,,,,https://www.zeven.de/,zeven.de,official,2026-09-18,conv-review-06-2026-09,frist_offen,"Nachfass 2026-09-18: Startseite der Samtgemeinde Zeven weiterhin ohne Hinweise zu einer Bewerbungsfrist. Kontakt: 04281 716-0. Umwandlung aus review_candidate, Stand Zieldatum 2026-09-19."
weihnachtsstadt-attendorn-2026-attendorn,Weihnachtsstadt Attendorn 2026,Weihnachtsmarkt,Attendorn,Nordrhein-Westfalen,DE,,,Frist noch nicht veröffentlicht,,,,,,,https://www.erlebe-attendorn.de/news/wer-mochte-einen-stand-betreiben,erlebe-attendorn.de,official,2026-09-18,conv-review-06-2026-09,frist_offen,"Nachfass 2026-09-18: Anmeldungen laut Seite 'ab sofort moeglich', weiterhin kein konkretes Fristdatum. Kontakt: Attendorner Stadtmarketing, 02722/64-144, stadtmarketing@attendorn.org. Umwandlung aus review_candidate, Stand Zieldatum 2026-09-19."
weihnachtsstadt-bad-homburg-2026-bad-homburg-vor-der-hoehe,Weihnachtsstadt Bad Homburg 2026,Weihnachtsmarkt,Bad Homburg vor der Höhe,Hessen,DE,,,"Frist noch nicht veröffentlicht (Bewerbungsverfahren gestartet, kein Fristdatum)",,,,,,026-10-31,https://www.bad-homburg.de/de/stadt/aktuelles/bewerbungsverfahren-fuer-die-weihnachtsstadt-bad-homburg-startet-bja3lnv8o4,bad-homburg.de,official,2026-09-18,conv-review-04-2026-09,frist_offen,"Nachfass 18.09.2026: Meldung zum Start des Bewerbungsverfahrens weiterhin ohne konkretes Fristdatum im abrufbaren Content. Laternenfest Bad Homburg 2027 desselben Veranstalters mit Frist 2026-10-31 bereits im Master; Weihnachtsstadt eigenstaendig weiterhin offen. Umwandlung aus review_candidate, Stand Zieldatum 2026-09-19."
weihnachtsstadt-peine-2026-peine,Weihnachtsstadt Peine 2026,Weihnachtsmarkt,Peine,Niedersachsen,DE,,,"Nächste Ausschreibung noch nicht veröffentlicht, letzte Frist war 01.07.2026",,,,,,,https://www.peine-erleben.de/service/gut-zu-wissen/bewerbung-weihnachtsstadt-peine-2026/,peine-erleben.de,official,2026-09-12,conv-review-08-2026-09,frist_offen,"Bewerbungsfrist war der 01.07.2026, bereits verstrichen. Umwandlung aus rejected_candidate, Stand Zieldatum 2026-09-19."
weihnachtszauber-mayen-2026-mayen,Weihnachtszauber Mayen 2026,Weihnachtsmarkt,Mayen,Rheinland-Pfalz,DE,,,Frist noch nicht veröffentlicht,,,,,,,https://my-gemeinschaft.de/weihnachtszauber-2026/,my-gemeinschaft.de,official,2026-08-03,conv-review-07-2026-09,frist_offen,"Die offizielle Veranstalterseite sucht Aussteller, veröffentlicht aber keinen konkreten Bewerbungsschluss. Umwandlung aus review_candidate, Stand Zieldatum 2026-09-19."
weihnachtszauber-wiesloch-2026-wiesloch,Weihnachtszauber Wiesloch 2026,Weihnachtsmarkt,Wiesloch,Baden-Württemberg,DE,,,Frist noch nicht veröffentlicht (keine Frist für Schausteller veröffentlicht),27.11.-20.12.2026,,,,info@wiesloch.de,,https://www.wiesloch.de/weihnachtszauber,wiesloch.de,official,2026-09-18,conv-review-02-2026-09,frist_offen,"Nachfass 2026-09-18: Termin 27.11.-20.12.2026 bestaetigt, weiterhin keine Bewerbungsfrist fuer Schausteller. Veranstalter: Stadtmarketing Wiesloch e.V., info@wiesloch.de, Tel. 0 62 22 84-1. Umwandlung aus review_candidate, Stand Zieldatum 2026-09-19."
weinfest-am-bleimer-schloss-mit-kunst-hand-markt-2027-greding,Weinfest am Bleimer Schloss mit Kunst.Hand.Markt 2027,Stadtfest,Greding,Bayern,DE,,,Frist noch nicht veröffentlicht (kein öffentlicher Bewerbungsaufruf),03.-06.06.2027,,,,,,https://www.greding.de/veranstaltungen/weinfest_am_bleimer_schloss-843083/,greding.de,official,2026-08-03,conv-review-02-2026-09,frist_offen,"Offizieller Veranstaltungskalender bestätigt das Weinfest vom 03.-06.06.2027 einschließlich Kunst.Hand.Markt, enthält aber keinen öffentlichen Bewerbungsaufruf mit Frist. Umwandlung aus review_candidate, Stand Zieldatum 2026-09-19."
weinfest-am-salzhof-bad-salzuflen-2027-bad-salzuflen,Weinfest am Salzhof Bad Salzuflen 2027,Weinfest,Bad Salzuflen,Nordrhein-Westfalen,DE,,,Frist noch nicht veröffentlicht (jeweils zweites Augustwochenende),,,,,,,https://www.werbegemeinschaft-bad-salzuflen.de/,werbegemeinschaft-bad-salzuflen.de,official,2026-08-04,conv-review-04-2026-09,frist_offen,"Jeweils am zweiten Augustwochenende von Donnerstag bis Sonntag am Salzhof, mit 18 Winzern aus sechs Weinregionen und zehn regionalen Gastronomiebetrieben. Veranstalterin ist die Werbegemeinschaft Bad Salzuflen e.V.; ein Bewerbungsverfahren mit Frist ist auf der Seite nicht ausgewiesen. Zweite Veranstaltung derselben Werbegemeinschaft, daher lohnt eine Direktanfrage. Umwandlung aus review_candidate, Stand Zieldatum 2026-09-19."
weinfest-der-mittelmosel-2027-bernkastel-kues,Weinfest der Mittelmosel 2027,Weinfest,Bernkastel-Kues,Rheinland-Pfalz,DE,,,Frist noch nicht veröffentlicht,,,,,,,https://www.bernkastel.de/weinfest-der-mittelmosel/mitwirken,bernkastel.de,official,2026-08-03,conv-review-04-2026-09,frist_offen,"Eigene Mitwirken-Seite des Veranstalters fuer Standbetreiber und Beteiligte. Eine Bewerbungsfrist ist dort nicht ausgewiesen. Umwandlung aus review_candidate, Stand Zieldatum 2026-09-19."
weinheimer-weihnachtsmarkt-2026-weinheim,Weinheimer Weihnachtsmarkt 2026,Weihnachtsmarkt,Weinheim,Baden-Württemberg,DE,,,Frist noch nicht veröffentlicht (keine 2026-Frist veröffentlicht),,,,,,,https://www.weinheim.de/startseite/stadtthemen/weinheimer+weihnachtsmarkt.html,weinheim.de,official,2026-09-18,conv-review-02-2026-09,frist_offen,"Nachfass 2026-09-18: Seite zeigt weiterhin nur die Ausgabe 2025 (5.-21.12.2025), keine 2026-Bewerbungsfrist. Kontakt: Stadt Weinheim, Obertorstrasse 9, 69469 Weinheim, Tel. 115. Umwandlung aus review_candidate, Stand Zieldatum 2026-09-19."
weissenburger-kirchweih-2027-weissenburg-in-bayern,Weißenburger Kirchweih 2027,Kirchweih,Weißenburg in Bayern,Bayern,DE,,,Frist noch nicht veröffentlicht (Fest 2026 war 14.-23.08.2026),,,,,,,https://kirchweih-wug.de/,kirchweih-wug.de,official,2026-09-13,conv-review-04-2026-09,frist_offen,"Fest 2026 (14.-23.08.2026) bereits vorbei, weder auf der Veranstalterseite (Kirchweihausschuss Weissenburg e.V.) noch auf weissenburg.de eine Bewerbungsfrist fuer Schausteller gefunden. Kontakt: Kirchweihausschuss Weissenburg e.V., Goethestrasse 1, 91781 Weissenburg i.Bay. Umwandlung aus review_candidate, Stand Zieldatum 2026-09-19."
weissenfelser-weihnachtsmarkt-weissenfels,Weißenfelser Weihnachtsmarkt,Weihnachtsmarkt,Weißenfels,Sachsen-Anhalt,DE,,,Frist noch nicht veröffentlicht,,,,,,,"https://weissenfels.de/index.php?object=tx,3678.5.1&ModID=7&FID=3720.986.1",weissenfels.de,official,2026-09-16,conv-review-08-2026-09,frist_offen,"Veranstaltungstermin bekannt (zuletzt 27.11.-21.12.2025), keine Bewerbungsfrist fuer Schausteller auf offizieller Seite gefunden. Kontakt: Presse- und Öffentlichkeitsarbeit Stadt Weissenfels, Markt 1, 06667 Weissenfels, Tel. +49 3443 370232, pressestelle@weissenfels.de. Umwandlung aus review_candidate, Stand Zieldatum 2026-09-19."
welfenfest-weingarten-2027-weingarten,Welfenfest Weingarten 2027,Volksfest,Weingarten,Baden-Württemberg,DE,,,Frist noch nicht veröffentlicht (keine Bewerbungsfrist gefunden),2026: 10.-14.07.,,,,info@welfenfest.de,,https://welfenfest.de/programm/festplatz-weingarten/,welfenfest.de,official,2026-09-16,conv-review-02-2026-09,frist_offen,"Termin fuer 2026 bekannt (10.-14.07.2026), aber keine Bewerbungsfrist oder Schausteller-Bewerbungsseite auf welfenfest.de gefunden. Kontakt: Welfenfestkommission Weingarten e.V., Kirchstrasse 1, 88250 Weingarten, Tel. 0751/405-297, info@welfenfest.de. Umwandlung aus review_candidate, Stand Zieldatum 2026-09-19."
wernigeroder-weihnachtsmarkt-2026-wernigerode,Wernigeröder Weihnachtsmarkt 2026,Weihnachtsmarkt,Wernigerode,Sachsen-Anhalt,DE,,,Frist noch nicht veröffentlicht,,,,,,,https://www.wernigerode-tourismus.de/event/weihnachtsmarkt-wernigerode,wernigerode-tourismus.de,official,2026-09-19,conv-review-06-2026-09,frist_offen,"Markt 20.11.-22.12.2026, Anmeldeformular 2026 existiert, aber PDF-Link liefert 404 und keine Frist auffindbar. Kontakt über Wernigerode Tourismus GmbH. Umwandlung aus review_candidate, Stand Zieldatum 2026-09-19."
wertheimer-altstadtfest-2027-wertheim,Wertheimer Altstadtfest 2027,Stadtfest,Wertheim,Baden-Württemberg,DE,,,Frist noch nicht veröffentlicht,,,,,,,https://www.wertheim.de/leben-in-wertheim/kultur-und-freizeit/veranstaltung/altstadtfest,wertheim.de,official,2026-08-03,conv-review-06-2026-09,frist_offen,"Die offizielle Seite nennt zwar den 1. Januar des jeweiligen Jahres als Bewerbungsschluss, bestätigt auf dem aktuellen Seitenstand jedoch nur die Ausgabe 2026 und noch keinen Veranstaltungstermin 2027. Umwandlung aus review_candidate, Stand Zieldatum 2026-09-19."
wertheimer-ostermarkt-2027-wertheim,Wertheimer Ostermarkt 2027,Jahrmarkt,Wertheim,Baden-Württemberg,DE,,,Frist noch nicht veröffentlicht (keine Standbewerbungsfrist veröffentlicht),20.-21.03.2027,,,,,,https://www.wertheim.de/%2CLde/startseite/unsere%2Bstadt/maerkte.html,wertheim.de,official,2026-08-03,conv-review-02-2026-09,frist_offen,"Die offizielle Stadtseite bestätigt den Markt am 20.-21.03.2027 und relevante Verkaufsstände, veröffentlicht aber keine Standbewerbungsfrist. Umwandlung aus review_candidate, Stand Zieldatum 2026-09-19."
wetzlarer-gallusmarkt-wetzlar-2026,Wetzlarer Gallusmarkt 2026,Jahrmarkt,Wetzlar,Hessen,DE,,,Frist noch nicht veröffentlicht. Veranstalter Stadt-Marketing Wetzlar e.V.,,,,,,,https://www.wetzlar.de/rathaus/aktuelles/pressemitteilungen/2025/oktober/gallusmarkt-ist-eroeffnet.php,wetzlar.de,official,2026-09-16,conv-review-05-2026-09,frist_offen,"Veranstalter Stadt-Marketing Wetzlar e.V., Domplatz 8, 35573 Wetzlar, Tel. 06441 992050, identifiziert; kein Bewerbungsfristdatum fuer Schausteller/Standplaetze gefunden. Umwandlung aus review_candidate, Stand Zieldatum 2026-09-19."
winsener-stadtfest-2027-winsen-luhe,Winsener Stadtfest 2027,Stadtfest,Winsen (Luhe),Niedersachsen,DE,,,Frist noch nicht veröffentlicht,,,,,,,https://www.stadtfestwinsenluhe.de/,stadtfestwinsenluhe.de,official,2026-09-13,conv-review-06-2026-09,frist_offen,"Frist fuer die 46. Auflage 2025 war der 31.10.2024 (veraltet); aktuelle Bewerbungsseite (stadtfestwinsenluhe.de/bewerben) lieferte HTTP 403. Kontakt: Stadt Winsen (Luhe), Olaf Brakhage. Umwandlung aus review_candidate, Stand Zieldatum 2026-09-19."
wintermarchen-buxtehude-2026-buxtehude,Wintermärchen Buxtehude 2026,Fest,Buxtehude,Niedersachsen,DE,,,"Nächste Ausschreibung noch nicht veröffentlicht, letzte Frist war 16.03.2026",,,,,,,https://www.buxtehude.de/portal/seiten/wintermaerchen-buxtehude-28-11-bis-28-12-2025--900001048-20351.html,buxtehude.de,official,2026-09-13,conv-review-08-2026-09,frist_offen,"Bewerbungsfrist war der 16.03.2026 (Markt 27.11.-24.12.2026), bereits verstrichen. Umwandlung aus rejected_candidate, Stand Zieldatum 2026-09-19."
wintermarkt-schlossplatz-berlin-mitte-2027-2028-berlin,Wintermarkt Schlossplatz Berlin Mitte 2027/2028,Weihnachtsmarkt,Berlin,Berlin,DE,"Schlossplatz, Mitte",,Frist noch nicht veröffentlicht (Händlerformular noch mit Ausgabe 2026/2027 beschriftet),17.11.2027-02.01.2028,,,,,,https://www.wollenschlaeger-berlin.de/mitmachen/,wollenschlaeger-berlin.de,official,2026-08-03,conv-review-01-2026-09,frist_offen,"Die offizielle Veranstalterseite bestaetigt 17.11.2027-02.01.2028 und allgemeine Bewerbungsmoeglichkeiten; das verlinkte Haendlerformular ist noch mit der Ausgabe 2026/2027 beschriftet und nennt keine 2027-Frist. Umwandlung aus review_candidate, Stand Zieldatum 2026-09-19."
winterwelt-willich-willich,WinterWelt Willich,Fest,Willich,Nordrhein-Westfalen,DE,,,Frist noch nicht veröffentlicht,,,,,,,https://weihnachtsmarkt-willich.de/aussteller/,weihnachtsmarkt-willich.de,official,2026-09-13,conv-review-07-2026-09,frist_offen,"Laufende Nachbesetzung fuer das zweite Adventswochenende moeglich, kein festes Bewerbungsdatum; uebrige Huetten laut Seite bereits ausgebucht. Umwandlung aus review_candidate, Stand Zieldatum 2026-09-19."
winzerfest-erzingen-baden-2026-klettgau,Winzerfest Erzingen (Baden) 2026,Weinfest,Klettgau,Baden-Württemberg,DE,,,Frist noch nicht veröffentlicht,,,,,,,https://www.winzerfest-erzingen.de/,winzerfest-erzingen.de,official,2026-09-18,conv-review-07-2026-09,frist_offen,"Veranstaltung bestaetigt, findet traditionell am 3. Septemberwochenende statt (Portal nennt 19.-20.09.2026). Offizielle Vereinsseite vorhanden, jedoch keine Bewerbungsfrist oder direkter Schausteller-Kontakt auf der Seite auffindbar; ggf. über Winzergenossenschaft Erzingen e.G. zu erfragen. Umwandlung aus review_candidate, Stand Zieldatum 2026-09-19."
winzersommer-giengen-an-der-brenz-2027-giengen-an-der-brenz,WinzerSommer Giengen an der Brenz 2027,Weinfest,Giengen an der Brenz,Baden-Württemberg,DE,,,Frist noch nicht veröffentlicht (Bewerbung per E-Mail möglich),,,,,bewerbung@winzersommer.de,,https://winzersommer.de/,winzersommer.de,official,2026-08-03,conv-review-04-2026-09,frist_offen,"Der Veranstalter sucht Winzer, Haendler, Standbetreiber und Gastronomen und nimmt Bewerbungen unter bewerbung@winzersommer.de entgegen. Ein kalendarisches Fristdatum wird nicht genannt. Umwandlung aus review_candidate, Stand Zieldatum 2026-09-19."
wismarer-weihnachtsmarkt-wismar-2026,Wismarer Weihnachtsmarkt 2026,Weihnachtsmarkt,Wismar,Mecklenburg-Vorpommern,DE,,,Frist noch nicht veröffentlicht. Standgenehmigungsverfahren ohne Fristdatum,,,,,,,"https://www.wismar.de/B%C3%BCrger/B%C3%BCrgerservice/Dienstleistungen-A-Z/Markt-Marktst%C3%A4nde-Standgenehmigung-.php?object=tx,2634.2&ModID=10&FID=125.213.1&sNavID=2634.48&mNavID=2634.48&NavID=2634.48&La=1&ort=Wismar",wismar.de,official,2026-09-18,conv-review-05-2026-09,frist_offen,"Nachfass 18.09.2026: Standgenehmigungsverfahren weiterhin ohne konkretes Fristdatum. Kontakt: Hansestadt Wismar, BuergerServiceCenter, Am Markt 1, 23966 Wismar, Tel. 03841 251-0, bsc@wismar.de. Umwandlung aus review_candidate, Stand Zieldatum 2026-09-19."
wittenberger-weihnachtsmarkt-lutherstadt-wittenberg,Wittenberger Weihnachtsmarkt,Weihnachtsmarkt,Lutherstadt Wittenberg,Sachsen-Anhalt,DE,,,Frist noch nicht veröffentlicht,,,,,,,https://www.wittenberg.de/,wittenberg.de,official,2026-09-16,conv-review-08-2026-09,frist_offen,"Offizielle Unterseite mit Bewerbungsinformationen fuer Schausteller wurde nicht gefunden (verlinktes PDF und vermutete Unterseite lieferten 404). Kontakt laut Tourismusseite: Tourist-Information Lutherstadt Wittenberg, info@lutherstadt-wittenberg.de. Umwandlung aus review_candidate, Stand Zieldatum 2026-09-19."
wittener-weihnachtsmarkt-witten,Wittener Weihnachtsmarkt,Weihnachtsmarkt,Witten,Nordrhein-Westfalen,DE,,,Frist noch nicht veröffentlicht,,,,,,,https://stadtmarketing-witten.de/entdecken-erleben/veranstaltungen/weihnachtsmarkt,stadtmarketing-witten.de,official,2026-09-12,conv-review-07-2026-09,frist_offen,"Termin bekannt (20.11.-23.12., Jahr auf Seite nicht eindeutig 2026 bestaetigt), keine Bewerbungsfrist gefunden. Kontakt: Stadtmarketing Witten, 02302 19433, info@stadtmarketing-witten.de. Umwandlung aus review_candidate, Stand Zieldatum 2026-09-19."
wittlicher-weihnachtstage-wittlich,Wittlicher Weihnachtstage,Weihnachtsmarkt,Wittlich,Rheinland-Pfalz,DE,,,Frist noch nicht veröffentlicht,,,,,,,https://www.wittlich.de/de/leben-in-wittlich/kultur/veranstaltungen/bewerbung/,wittlich.de,official,2026-09-16,conv-review-08-2026-09,frist_offen,"Eigene Bewerbungsseite des Kulturamts mit Online-Formular/E-Mail-Bewerbung vorhanden (Kulturamt Stadt Wittlich, Neustraße 2, 54516 Wittlich, Tel. 06571 1466-0, info@kulturamt.wittlich.de); kein konkretes Fristdatum fuer die Wittlicher Weihnachtstage genannt (andere Veranstaltung als die bereits im Master erfasste Saeubrennerkirmes). Umwandlung aus review_candidate, Stand Zieldatum 2026-09-19."
wochenmarkt-ludwigsburg-ludwigsburg,Wochenmarkt Ludwigsburg,Wochenmarkt,Ludwigsburg,Baden-Württemberg,DE,,,Frist noch nicht veröffentlicht,,,,,,,https://visit.ludwigsburg.de/start/presse+_+b2b/bewerbungsunterlagen+wochenmarkt.html,visit.ludwigsburg.de,official,2026-08-04,conv-review-06-2026-09,frist_offen,"Wochenmarkt dienstags, donnerstags und samstags auf dem Marktplatz. Bewerbungsunterlagen stehen bereit, ein Fristdatum ist nicht ausgewiesen. Ludwigsburg richtet zusaetzlich einen bekannten Barock-Weihnachtsmarkt aus, fuer den ebenfalls keine Frist gefunden wurde. Umwandlung aus review_candidate, Stand Zieldatum 2026-09-19."
wochenmarkt-standplatze-lorrach-laufende-bewerbung-lorrach,Wochenmarkt-Standplätze Lörrach (laufende Bewerbung),Wochenmarkt,Lörrach,Baden-Württemberg,DE,,,Frist noch nicht veröffentlicht,,,,,,,https://www.loerrach.de/Bewerbung-Standplatz,loerrach.de,official,2026-09-16,conv-review-06-2026-09,frist_offen,"Laufende Bewerbung ohne feste Frist; Stadt prueft Kapazitaet und meldet sich. Kontakt: Stadtverwaltung Lörrach, Luisenstraße 16, 79539 Lörrach, Tel. 07621 415-0, info@lörrach.de. Umwandlung aus review_candidate, Stand Zieldatum 2026-09-19."
wolfsburger-weihnachtsmarkt-wolfsburg-2026,Wolfsburger Weihnachtsmarkt 2026,Weihnachtsmarkt,Wolfsburg,Niedersachsen,DE,,,Frist noch nicht veröffentlicht. Bewerbungsformular online; letzte Frist war 31.03.2025,23.11.-29.12.2026,,,,,,https://wmg-wolfsburg.de/projekt/weihnachtsmarkt/,wmg-wolfsburg.de,official,2026-09-12,conv-review-05-2026-09,frist_offen,"Termin bekannt (23.11.-29.12.2026), Bewerbungsformular online, aber kein Fristdatum fuer 2026 auf der Seite auffindbar (2025er Frist war 31.03.2025, kein Dauerregel-Zitat). Kontakt: veranstaltungen@wmg-wolfsburg.de, 05361 89994-88. Umwandlung aus review_candidate, Stand Zieldatum 2026-09-19."
zeitzer-adventsmarkt-zeitz,Zeitzer Adventsmarkt,Weihnachtsmarkt,Zeitz,Sachsen-Anhalt,DE,,,Frist noch nicht veröffentlicht,,,,,,,https://www.zeitz.de/,zeitz.de,official,2026-09-16,conv-review-08-2026-09,frist_offen,"Veranstaltung über Drittseiten bekannt (Altmarkt Zeitz), auf der offiziellen Stadtseite wurden keine Bewerbungsinformationen fuer Schausteller gefunden. Umwandlung aus review_candidate, Stand Zieldatum 2026-09-19."
zittauer-weihnachtsmarkt-2026-zittau,Zittauer Weihnachtsmarkt 2026,Weihnachtsmarkt,Zittau,Sachsen,DE,,,"Nächste Ausschreibung noch nicht veröffentlicht, letzte Frist war 30.06.2026",,,,,,,https://zittau.de/news/zittauer-weihnachtsmarkt-2025,zittau.de,official,2026-09-12,conv-review-08-2026-09,frist_offen,"Bewerbungen sollten laut Ausschreibung bis 30.06.2026 an das Kulturreferat gehen, Frist bereits verstrichen. Umwandlung aus rejected_candidate, Stand Zieldatum 2026-09-19."
zweibrucker-weihnachtsmarkt-2026-zweibrucken,Zweibrücker Weihnachtsmarkt 2026,Weihnachtsmarkt,Zweibrücken,Rheinland-Pfalz,DE,,,Frist noch nicht veröffentlicht,,,,,,,https://weihnachtsmarkt-zw.de/bewerbung/,weihnachtsmarkt-zw.de,official,2026-09-17,conv-review-08-2026-09,frist_offen,"Bewerbung nur noch online über die offizielle Veranstaltungsseite möglich, kein konkretes Bewerbungsschluss-Datum auf der Seite genannt (Angebote erfolgen erst nach Ende der - nicht datierten - Bewerbungsfrist). Umwandlung aus review_candidate, Stand Zieldatum 2026-09-19."
zwickauer-herbstvolksfest-2026-zwickau,Zwickauer Herbstvolksfest 2026,Volksfest,Zwickau,Sachsen,DE,,,Frist noch nicht veröffentlicht,,,,,,,https://www.volksfeste-zwickau.de/fuer-schausteller/,volksfeste-zwickau.de,official,2026-09-12,conv-review-08-2026-09,frist_offen,"Laufende Veranstaltung (25.09.-11.10.2026) mit laufender Nachmeldung wegen Absagen, kein festes Bewerbungsdatum genannt. Kontakt: ZSV e.V., Reichenbacher Str. 75c, 08056 Zwickau, zsv-zwickau@web.de, 01525 6826022. Umwandlung aus review_candidate, Stand Zieldatum 2026-09-19."
zwickauer-weihnachtsmarkt-2027-zwickau,Zwickauer Weihnachtsmarkt 2027,Weihnachtsmarkt,Zwickau,Sachsen,DE,,,Frist noch nicht veröffentlicht,,,,,,,https://www.zwickauer-weihnachtsmarkt.de/neuigkeiten,zwickauer-weihnachtsmarkt.de,official,2026-09-12,conv-review-08-2026-09,frist_offen,"Frist fuer 2026 war 15.05.2026 (bereits verstrichen), Ausschreibung fuer 2027 noch nicht veröffentlicht. Kontakt: tourist@kultour-z.de, 0375 2713244. Umwandlung aus review_candidate, Stand Zieldatum 2026-09-19."
zwieseler-jahrmaerkte-2027-zwiesel,Zwieseler Jahrmärkte 2027,Jahrmarkt,Zwiesel,Bayern,DE,,,Frist noch nicht veröffentlicht (Bewerbungsfrist für Fieranten nicht veröffentlicht),fünf Jahrmarkttermine 2027 auf Stadtseite,,,,,,https://www.zwiesel.de/stadt-und-buerger/leben-arbeiten-wohnen/maerkte.html,zwiesel.de,official,2026-08-03,conv-review-03-2026-09,frist_offen,"Die offizielle Stadtseite nennt fünf konkrete Jahrmarkttermine 2027, aber keine Bewerbungsfrist für Fieranten. Umwandlung aus review_candidate, Stand Zieldatum 2026-09-19."
